Strain Name	PB2	PB1	PA	HA	NP	NA	MP	NS
A/swine/Spain/45700-1/2016	MF872810	MF872820	MF872849	MF872838	MF872821	MF872827	MF872850	MF872816
A/swine/Spain/40250-2/2016	MF872848	MF872857	MF872812	MF872844	MF872830	MF872811	MF872805	MF872839
A/swine/Spain/40192-1/2016	MF872813	MF872840	MF872834	MF872853	MF872819	MF872814	MF872856	MF872843
A/swine/Spain/40250-1/2016	MF872831	MF872808	MF872854	MF872846	MF872833	MF872806	MF872845	MF872828
A/swine/Spain/45700-2/2016	MZ363751		MZ363752	MZ363753	MZ363754	MZ363755	MZ363756	MZ363757
A/swine/Spain/40240-1/2017	MF872804	MF872837	MF872842	MF872832	MF872851	MF872822	MF872835	MF872825
A/swine/Spain/45690-2/2016	MF872829	MF872817	MF872841	MF872818	MF872815	MF872852	MF872847	MF872824
A/swine/Spain/45600-1/2017	MZ945806	MZ945807	MZ945808	MZ945809	MZ945810	MZ945811	MZ945812	MZ945813
A/swine/Spain/45600-2/2017	MZ945737	MZ945738	MZ945739	MZ945740	MZ945741	MZ945742	MZ945743	MZ945744
A/swine/Spain/45600-3/2017	MZ945745	MZ945746	MZ945747	MZ945748	MZ945749	MZ945750	MZ945751	MZ945752
A/swine/Spain/45600-4/2017	MZ945875	MZ945876	MZ945877	MZ945878	MZ945879	MZ945880	MZ945881	MZ945882
A/swine/Spain/40340-1/2017	MZ945891	MZ945892	MZ945893	MZ945894	MZ945895	MZ945896	MZ945897	MZ945898
A/swine/Spain/40340-2/2017	MZ945798	MZ945799	MZ945800	MZ945801	MZ945802	MZ945803	MZ945804	MZ945805
A/swine/Spain/40340-3/2017	MZ363758	MZ363759	MZ363760	MZ363761	MZ363762	MZ363763	MZ363764	MZ363765
A/swine/Spain/45690-3/2018	MZ945883	MZ945884	MZ945885	MZ945886	MZ945887	MZ945888	MZ945889	MZ945890
A/swine/Spain/45690-4/2018	MZ945851	MZ945852	MZ945853	MZ945854	MZ945855	MZ945856	MZ945857	MZ945858
A/swine/Spain/45690-5/2018	MZ945867	MZ945868	MZ945869	MZ945870	MZ945871	MZ945872	MZ945873	MZ945874
A/swine/Spain/45690-6/2018	MZ945859	MZ945860	MZ945861	MZ945862	MZ945863	MZ945864	MZ945865	MZ945866
A/swine/Spain/45690-7/2018	MZ945821	MZ945822	MZ945823	MZ945824	MZ945825	MZ945826	MZ945827	MZ945828
A/swine/Spain/45690-8/2018	MZ945776	MZ945777	MZ945778	MZ945779	MZ945780	MZ945781	MZ945782	MZ945783
A/swine/Spain/45690-9/2018	MZ945844	MZ954784	MZ945845	MZ945846	MZ945847	MZ945848	MZ945849	MZ945850
A/swine/Spain/6370-1/2018	PQ047761	PQ047762	PQ047763	PQ047764	PQ047765	PQ047766	PQ047767	PQ047768
A/swine/Spain/6370-2/2018	MZ945829	MZ954783	MZ945830	MZ945831	MZ945832	MZ945833	MZ945834	MZ945835
A/swine/Spain/6176-1/2018	MZ945753	MZ954785	MZ945754	MZ945755	MZ945756	MZ945757	MZ945758	MZ945759
A/swine/Spain/6370-4/2018	MZ373085	MZ462372	MZ373086	MZ373087	MZ373088	MZ373089	MZ373090	MZ373091
A/swine/Spain/6370-5/2018	MZ363774	MZ363977	MZ363775	MZ363776	MZ363777	MZ363778	MZ363779	MZ363780
A/swine/Spain/06001-1/2019	MZ373105	MZ462368	MZ373106	MZ373107	MZ373108	MZ373109	MZ373110	MZ373111
A/swine/Spain/06001-2/2019	MZ373167	MZ462370	MZ373168	MZ373169	MZ373170	MZ373171	MZ373172	MZ373173
A/swine/Spain/45534-1/2019	MZ945768	MZ945769	MZ945770	MZ945771	MZ945772	MZ945773	MZ945774	MZ945775
A/swine/Spain/45534-2/2019	MZ945836	MZ945837	MZ945838	MZ945839	MZ945840	MZ945841	MZ945842	MZ945843
A/swine/Spain/50840-1/2019	MZ373143	MZ373144	MZ373145	MZ373146	MZ373147	MZ373148	MZ373149	MZ373150
A/swine/Spain/50267-1/2019	MZ373112	MZ373113	MZ373114	MZ373115	MZ373116	MZ373117	MZ373118	MZ373119
A/swine/Spain/31174-1/2019	MZ373077	MZ373078	MZ373079	MZ373080	MZ373081	MZ373082	MZ373083	MZ373084
A/swine/Spain/50547-1/2019	MZ373069	MZ373070	MZ373071	MZ373072	MZ373073	MZ373074	MZ373075	MZ373076
A/swine/Spain/37900-1/2019	MZ373128	MZ462369	MZ373129	MZ373130	MZ373131	MZ373132	MZ373133	MZ373134
A/swine/Spain/31174-2/2019	MZ373151	MZ373152	MZ373153	MZ373154	MZ373155	MZ373156	MZ373157	MZ373158
A/swine/Spain/50001-3/2019	MW848751	MW848747		MW848749	MW848750	MW848752	MW848748	MW848746
A/swine/Spain/50001-2/2019	MW848645	MW848639	MW848638	MW848643	MW848642	MW848641	MW848640	MW848644
A/swine/Spain/000-1/2019	MW848730	MW848733	MW848731	MW848735	MW848732	MW848734	MW848736	MW848737
A/swine/Spain/31001-2/2019	MW848686		MW848685	MW848689	MW848684	MW848683	MW848688	MW848687
A/swine/Spain/06001-3/2019	MW848779	MW848776	MW848775	MW848781	MW848777	MW848778	MW848780	MW848774
A/swine/Spain/50001-6/2019	MW848383	MW848386	MW848381	MW848380	MW848385	MW848387	MW848384	MW848382
A/swine/Spain/25001-1/2019	MW848723	MW851851	MW848726	MW848728	MW848724	MW848725	MW848727	MW848729
A/swine/Spain/25001-2/2019	MW848669	MW848665	MW848667	MW848663	MW848662	MW848668	MW848666	MW848664
A/swine/Spain/50001-5/2019	MW848661	MW848657	MW848660	MW848655	MW848658	MW848656	MW848654	MW848659
A/swine/Spain/17001-1/2019		MW848708	MW848705	MW848707	MW848706		MW848704	MW848703
A/swine/Spain/25001-3/2019	MW848652	MW848650	MW848651	MW848648	MW848647	MW848649	MW848646	MW848653
A/swine/Spain/25001-4/2019	MW848713	MW851852	MW848709	MW848714	MW848710	MW848711	MW848712	MW848715
A/swine/Spain/6370-7/2020	MW848767	MW851848	MW848772	MW848773	MW848771	MW848768	MW848770	MW848769
A/swine/Spain/6370-6/2020	MW848696	MW851853	MW848697	MW848699	MW848698	MW848700	MW848702	MW848701
A/swine/Spain/6370-8/2020	PQ107519	PQ107520	PQ107521	PQ107522	PQ107523	PQ107524	PQ107525	PQ107526
A/swine/Spain/6370-9/2020	PQ107529	PQ107530	PQ107531	PQ107532	PQ107533	PQ107534	PQ107535	PQ107536
A/swine/Spain/6370-10/2020	PQ107537	PQ107538	PQ107539	PQ107540	PQ107541	PQ107542	PQ107543	PQ107544
A/swine/Spain/6370-11/2020	PQ107554	PQ107555	PQ107556	PQ107557	PQ107558	PQ107559	PQ107560	PQ107561
A/swine/Spain/22000-1/2020	MW848743	MW848744	MW848740	MW848738	MW848742	MW848745	MW848739	MW848741
A/swine/Spain/44490-1/2020	MW848628	MW848622	MW848626	MW848623	MW848624	MW848629	MW848625	MW848627
A/swine/Spain/22251-1/2020		MW848719	MW848716	MW848721	MW848718	MW848717	MW848720	MW848722
A/swine/Spain/50800-1/2020	MW848755		MW848753	MW848758	MW848757	MW848759	MW848756	MW848754
A/swine/Spain/22269-1/2020	PP338874	PP338875		PP338876	PP338877	PP338878	PP338879	PP338880
A/swine/Spain/31310-1/2020	PP330401	PP330402	PP330403	PP330404	PP330405	PP330406	PP330407	PP330408
A/swine/Spain/22070-1/2020	PP330414	PP330415		PP330416	PP330417	PP330418	PP330419	PP330420
A/swine/Spain/50070-1/2020	PP330721	PP330722	PP330723	PP330724	PP330725	PP330726	PP330727	PP330728
A/swine/Spain/32070-1/2020	PP330730	PP330731	PP330732	PP330733	PP330734	PP330735	PP330736	PP330737
A/swine/Spain/22270-1/2020	PP330763	PP330764	PP330765	PP330766	PP330767	PP330768	PP330769	PP330770
A/swine/Spain/40217-1/2020	PP331797	PP331798	PP331799	PP331800	PP331801	PP331802	PP331803	PP331804
A/swine/Spain/05165-1/2020	PP331788	PP331789	PP331790	PP331791	PP331792	PP331793	PP331794	PP331795
A/swine/Spain/22270-2/2020	PP335236	PP335237	PP335238	PP335239	PP335240	PP335241	PP335242	PP335243
A/swine/Spain/25211-1/2020	PP335491	PP335492	PP335493	PP335494	PP335495	PP335496	PP335497	PP335498
A/swine/Spain/05530-1/2020	PP335504	PP335505	PP335506	PP335507	PP335508	PP335509	PP335510	PP335511
A/swine/Spain/22220-1/2020	PQ585394	PQ585395	PQ585396	PQ585397	PQ585398	PQ585399	PQ585400	PQ585401
A/swine/Spain/28000-1/2021	PP338223	PP338224	PP338225	PP338226	PP338227	PP338228	PP338229	PP338230
A/swine/Spain/06070-1/2020	PP338238	PP338239	PP338240	PP338241	PP338242	PP338243	PP338244	PP338245
A/swine/Spain/17473-1/2021	PP338247	PP338248	PP338249	PP338250	PP338251	PP338252	PP338253	PP338254
A/swine/Spain/22253-1/2020	PP338272	PP338273	PP338274	PP338275	PP338276	PP338277	PP338278	PP338279
A/swine/Spain/41566-1/2021	PP338281	PP338282	PP338283	PP338284	PP338285	PP338286	PP338287	PP338288
A/swine/Spain/22192-1/2021	PP338511	PP338512	PP338513	PP338514	PP338515	PP338516	PP338517	PP338518
A/swine/Spain/44593-1/2021		PP338519	PP338520	PP338521	PP338522	PP338523	PP338524	PP338525
A/swine/Spain/30870-1/2021	PP338530	PP338531	PP338532	PP338533	PP338534	PP338535	PP338536	PP338537
A/swine/Spain/12312-1/2021	PP338682	PP338683	PP338684	PP338685	PP338686	PP338687	PP338688	PP338689
A/swine/Spain/22260-1/2021	PP338713	PP338714	PP338715	PP338716	PP338717	PP338718	PP338719	PP338720
A/swine/Spain/17483-1/2021	PQ107546	PQ107547	PQ107548	PQ107549	PQ107550	PQ107551	PQ107552	PQ107553
A/swine/Spain/44394-1/2021	PQ107577	PQ107578	PQ107579	PQ107580	PQ107581	PQ107582	PQ107583	PQ107584
A/swine/Spain/05165-2/2022	PQ107585	PQ107586	PQ107587	PQ107588	PQ107589	PQ107590	PQ107591	PQ107592
A/swine/Spain/37500-1/2022	PQ107595	PQ107596	PQ107597	PQ107598	PQ107599	PQ107600	PQ107601	PQ107602
A/swine/Spain/12510-1/2022	PQ107616	PQ107617	PQ107618	PQ107619	PQ107620	PQ107621	PQ107622	PQ107623
A/swine/Spain/49610-1/2022	PQ107624	PQ107625	PQ107626	PQ107627	PQ107628	PQ107629	PQ107630	PQ107631
A/swine/Spain/2247-1/2022	PQ107637	PQ107638	PQ107639	PQ107640	PQ107641	PQ107642	PQ107643	PQ107644
A/swine/Spain/31510-1/2022	PQ107645	PQ107646	PQ107647	PQ107648	PQ107649	PQ107650	PQ107651	PQ107652
A/swine/Spain/6001-4/2022	PQ108487	PQ108488	PQ108489	PQ108490	PQ108491	PQ108492	PQ108493	PQ108494
A/swine/Spain/17491-1/2022	PQ111069	PQ111070	PQ111071	PQ111072	PQ111073	PQ111074	PQ111075	PQ111075
A/swine/Spain/46892-1/2022	PQ107658	PQ107659	PQ107660	PQ107661	PQ107662	PQ107663	PQ107664	PQ107665
A/swine/Spain/5296-1/2022	PQ585327	PQ585328	PQ585329	PQ585330	PQ585331	PQ585332	PQ585333	PQ585334
A/swine/Spain/45790-1/2022	PQ107769		PQ107770	PQ107771	PQ107772	PQ107773	PQ107774	PQ107775
A/swine/Spain/36520-1/2022	PQ585340	PQ585341	PQ585342	PQ585343	PQ585344	PQ585345	PQ585346	PQ585347
A/swine/Spain/50700-1/2022	PQ107776	PQ107777	PQ107778	PQ107779	PQ107780	PQ107781	PQ107782	PQ107783
A/Switzerland/114/2023	EPI_ISL_18594404	EPI_ISL_18594404	EPI_ISL_18594404	EPI_ISL_18594404	EPI_ISL_18594404	EPI_ISL_18594404	EPI_ISL_18594404	EPI_ISL_18594404
A/swine/Italy/373090/2019	EPI_ISL_14749623	EPI_ISL_14749623	EPI_ISL_14749623	EPI_ISL_14749623	EPI_ISL_14749623	EPI_ISL_14749623	EPI_ISL_14749623	EPI_ISL_14749623
A/swine/Italy/373197/2019	EPI_ISL_14749622	EPI_ISL_14749622	EPI_ISL_14749622	EPI_ISL_14749622	EPI_ISL_14749622	EPI_ISL_14749622	EPI_ISL_14749622	EPI_ISL_14749622
A/Swine/Netherlands/19135/2019	EPI_ISL_18886264	EPI_ISL_18886264	EPI_ISL_18886264	EPI_ISL_18886264	EPI_ISL_18886264	EPI_ISL_18886264	EPI_ISL_18886264	EPI_ISL_18886264
A/swine/Italy/371231/2019	EPI_ISL_14749625	EPI_ISL_14749625	EPI_ISL_14749625	EPI_ISL_14749625	EPI_ISL_14749625	EPI_ISL_14749625	EPI_ISL_14749625	EPI_ISL_14749625
A/swine/Italy/372968/2019	EPI_ISL_14749624	EPI_ISL_14749624	EPI_ISL_14749624	EPI_ISL_14749624	EPI_ISL_14749624	EPI_ISL_14749624	EPI_ISL_14749624	EPI_ISL_14749624
A/swine/Italy/364184/2019	EPI_ISL_14749627	EPI_ISL_14749627	EPI_ISL_14749627	EPI_ISL_14749627	EPI_ISL_14749627	EPI_ISL_14749627	EPI_ISL_14749627	EPI_ISL_14749627
A/swine/Italy/367671/2019	EPI_ISL_14749626	EPI_ISL_14749626	EPI_ISL_14749626	EPI_ISL_14749626	EPI_ISL_14749626	EPI_ISL_14749626	EPI_ISL_14749626	EPI_ISL_14749626
A/swine/Italy/362647/2019	EPI_ISL_14749629	EPI_ISL_14749629	EPI_ISL_14749629	EPI_ISL_14749629	EPI_ISL_14749629	EPI_ISL_14749629	EPI_ISL_14749629	EPI_ISL_14749629
A/swine/Italy/363738/2019	EPI_ISL_14749628	EPI_ISL_14749628	EPI_ISL_14749628	EPI_ISL_14749628	EPI_ISL_14749628	EPI_ISL_14749628	EPI_ISL_14749628	EPI_ISL_14749628
A/swine/Italy/359045/2019	EPI_ISL_14749631	EPI_ISL_14749631	EPI_ISL_14749631	EPI_ISL_14749631	EPI_ISL_14749631	EPI_ISL_14749631	EPI_ISL_14749631	EPI_ISL_14749631
A/swine/Italy/361735/2019	EPI_ISL_14749630	EPI_ISL_14749630	EPI_ISL_14749630	EPI_ISL_14749630	EPI_ISL_14749630	EPI_ISL_14749630	EPI_ISL_14749630	EPI_ISL_14749630
A/swine/Italy/85437/2009	EPI_ISL_73603	EPI_ISL_73603	EPI_ISL_73603	EPI_ISL_73603	EPI_ISL_73603	EPI_ISL_73603	EPI_ISL_73603	EPI_ISL_73603
A/swine/Germany/R404/2014	EPI_ISL_245681	EPI_ISL_245681	EPI_ISL_245681	EPI_ISL_245681	EPI_ISL_245681	EPI_ISL_245681	EPI_ISL_245681	EPI_ISL_245681
A/swine/Italy/13310/2016	EPI_ISL_4083591	EPI_ISL_4083591	EPI_ISL_4083591	EPI_ISL_4083591	EPI_ISL_4083591	EPI_ISL_4083591	EPI_ISL_4083591	EPI_ISL_4083591
A/swine/Germany/R825/2014	EPI_ISL_245695	EPI_ISL_245695	EPI_ISL_245695	EPI_ISL_245695	EPI_ISL_245695	EPI_ISL_245695	EPI_ISL_245695	EPI_ISL_245695
A/swine/Italy/18-82500/2018	EPI_ISL_4083710	EPI_ISL_4083710	EPI_ISL_4083710	EPI_ISL_4083710	EPI_ISL_4083710	EPI_ISL_4083710	EPI_ISL_4083710	EPI_ISL_4083710
A/swine/Germany/R1143/2014	EPI_ISL_245699	EPI_ISL_245699	EPI_ISL_245699	EPI_ISL_245699	EPI_ISL_245699	EPI_ISL_245699	EPI_ISL_245699	EPI_ISL_245699
A/swine/Italy/19-23998-3/2019	EPI_ISL_4083711	EPI_ISL_4083711	EPI_ISL_4083711	EPI_ISL_4083711	EPI_ISL_4083711	EPI_ISL_4083711	EPI_ISL_4083711	EPI_ISL_4083711
A/swine/Italy/18-45794-43/2018	EPI_ISL_4083708	EPI_ISL_4083708	EPI_ISL_4083708	EPI_ISL_4083708	EPI_ISL_4083708	EPI_ISL_4083708	EPI_ISL_4083708	EPI_ISL_4083708
A/swine/Germany/R916/2014	EPI_ISL_245697	EPI_ISL_245697	EPI_ISL_245697	EPI_ISL_245697	EPI_ISL_245697	EPI_ISL_245697	EPI_ISL_245697	EPI_ISL_245697
A/swine/Italy/234480/2017	EPI_ISL_14761878	EPI_ISL_14761878	EPI_ISL_14761878	EPI_ISL_14761878	EPI_ISL_14761878	EPI_ISL_14761878	EPI_ISL_14761878	EPI_ISL_14761878
A/swine/Italy/18-57405-3/2018	EPI_ISL_4083709	EPI_ISL_4083709	EPI_ISL_4083709	EPI_ISL_4083709	EPI_ISL_4083709	EPI_ISL_4083709	EPI_ISL_4083709	EPI_ISL_4083709
A/swine/Italy/14348/2019	EPI_ISL_14749648	EPI_ISL_14749648	EPI_ISL_14749648	EPI_ISL_14749648	EPI_ISL_14749648	EPI_ISL_14749648	EPI_ISL_14749648	EPI_ISL_14749648
A/swine/Italy/89579/2019	EPI_ISL_14749650	EPI_ISL_14749650	EPI_ISL_14749650	EPI_ISL_14749650	EPI_ISL_14749650	EPI_ISL_14749650	EPI_ISL_14749650	EPI_ISL_14749650
A/swine/Italy/85767/2019	EPI_ISL_14749652	EPI_ISL_14749652	EPI_ISL_14749652	EPI_ISL_14749652	EPI_ISL_14749652	EPI_ISL_14749652	EPI_ISL_14749652	EPI_ISL_14749652
A/swine/Italy/81938/2019	EPI_ISL_14749654	EPI_ISL_14749654	EPI_ISL_14749654	EPI_ISL_14749654	EPI_ISL_14749654	EPI_ISL_14749654	EPI_ISL_14749654	EPI_ISL_14749654
A/swine/Italy/76625/2019	EPI_ISL_14749657	EPI_ISL_14749657	EPI_ISL_14749657	EPI_ISL_14749657	EPI_ISL_14749657	EPI_ISL_14749657	EPI_ISL_14749657	EPI_ISL_14749657
A/swine/Italy/76704/2019	EPI_ISL_14749656	EPI_ISL_14749656	EPI_ISL_14749656	EPI_ISL_14749656	EPI_ISL_14749656	EPI_ISL_14749656	EPI_ISL_14749656	EPI_ISL_14749656
A/swine/Italy/391175/2019	EPI_ISL_14749618	EPI_ISL_14749618	EPI_ISL_14749618	EPI_ISL_14749618	EPI_ISL_14749618	EPI_ISL_14749618	EPI_ISL_14749618	EPI_ISL_14749618
A/swine/Italy/60023/2019	EPI_ISL_14749662	EPI_ISL_14749662	EPI_ISL_14749662	EPI_ISL_14749662	EPI_ISL_14749662	EPI_ISL_14749662	EPI_ISL_14749662	EPI_ISL_14749662
A/swine/Italy/438757/2019	EPI_ISL_14749609	EPI_ISL_14749609	EPI_ISL_14749609	EPI_ISL_14749609	EPI_ISL_14749609	EPI_ISL_14749609	EPI_ISL_14749609	EPI_ISL_14749609
A/swine/Italy/444914/2019	EPI_ISL_14749608	EPI_ISL_14749608	EPI_ISL_14749608	EPI_ISL_14749608	EPI_ISL_14749608	EPI_ISL_14749608	EPI_ISL_14749608	EPI_ISL_14749608
A/swine/Italy/428424/2019	EPI_ISL_14749611	EPI_ISL_14749611	EPI_ISL_14749611	EPI_ISL_14749611	EPI_ISL_14749611	EPI_ISL_14749611	EPI_ISL_14749611	EPI_ISL_14749611
A/swine/Italy/432243/2019	EPI_ISL_14749610	EPI_ISL_14749610	EPI_ISL_14749610	EPI_ISL_14749610	EPI_ISL_14749610	EPI_ISL_14749610	EPI_ISL_14749610	EPI_ISL_14749610
A/swine/Italy/419722/2019	EPI_ISL_14749613	EPI_ISL_14749613	EPI_ISL_14749613	EPI_ISL_14749613	EPI_ISL_14749613	EPI_ISL_14749613	EPI_ISL_14749613	EPI_ISL_14749613
A/swine/Italy/426372/2019	EPI_ISL_14749612	EPI_ISL_14749612	EPI_ISL_14749612	EPI_ISL_14749612	EPI_ISL_14749612	EPI_ISL_14749612	EPI_ISL_14749612	EPI_ISL_14749612
A/swine/Italy/396630/2019	EPI_ISL_14749617	EPI_ISL_14749617	EPI_ISL_14749617	EPI_ISL_14749617	EPI_ISL_14749617	EPI_ISL_14749617	EPI_ISL_14749617	EPI_ISL_14749617
A/swine/Italy/65951/2019	EPI_ISL_14749658	EPI_ISL_14749658	EPI_ISL_14749658	EPI_ISL_14749658	EPI_ISL_14749658	EPI_ISL_14749658	EPI_ISL_14749658	EPI_ISL_14749658
A/swine/Italy/222905/2019	EPI_ISL_14749646	EPI_ISL_14749646	EPI_ISL_14749646	EPI_ISL_14749646	EPI_ISL_14749646	EPI_ISL_14749646	EPI_ISL_14749646	EPI_ISL_14749646
A/swine/Italy/18-45794-37/2018	EPI_ISL_4083706	EPI_ISL_4083706	EPI_ISL_4083706	EPI_ISL_4083706	EPI_ISL_4083706	EPI_ISL_4083706	EPI_ISL_4083706	EPI_ISL_4083706
A/swine/Italy/18-45794-40/2018	EPI_ISL_4083707	EPI_ISL_4083707	EPI_ISL_4083707	EPI_ISL_4083707	EPI_ISL_4083707	EPI_ISL_4083707	EPI_ISL_4083707	EPI_ISL_4083707
A/swine/Switzerland/A0004/2023	EPI_ISL_19132719	EPI_ISL_19132719	EPI_ISL_19132719	EPI_ISL_19132719	EPI_ISL_19132719	EPI_ISL_19132719	EPI_ISL_19132719	EPI_ISL_19132719
A/swine/Northern_Ireland/2016-03/2021	EPI_ISL_18221338	EPI_ISL_18221338	EPI_ISL_18221338	EPI_ISL_18221338	EPI_ISL_18221338	EPI_ISL_18221338	EPI_ISL_18221338	EPI_ISL_18221338
A/swine/Northern_Ireland/2016-04/2021	EPI_ISL_18221339	EPI_ISL_18221339	EPI_ISL_18221339	EPI_ISL_18221339	EPI_ISL_18221339	EPI_ISL_18221339	EPI_ISL_18221339	EPI_ISL_18221339
A/swine/Northern_Ireland/2015-12/2021	EPI_ISL_18221335	EPI_ISL_18221336	EPI_ISL_18221336	EPI_ISL_18221336	EPI_ISL_18221335	EPI_ISL_18221335	EPI_ISL_18221336	EPI_ISL_18221335
A/swine/Northern_Ireland/2016-01/2021	EPI_ISL_18221337	EPI_ISL_18221337	EPI_ISL_18221337	EPI_ISL_18221337	EPI_ISL_18221337	EPI_ISL_18221337	EPI_ISL_18221337	EPI_ISL_18221337
A/swine/Northern_Ireland/2012-06/2021	EPI_ISL_18221317	EPI_ISL_18221318	EPI_ISL_18221318	EPI_ISL_18221318	EPI_ISL_18221317	EPI_ISL_18221317	EPI_ISL_18221318	EPI_ISL_18221317
A/swine/Northern_Ireland/2012-07/2021	EPI_ISL_18221319	EPI_ISL_18221319	EPI_ISL_18221319	EPI_ISL_18221319	EPI_ISL_18221319	EPI_ISL_18221319	EPI_ISL_18221319	EPI_ISL_18221319
A/swine/Northern_Ireland/2012-01/2021	EPI_ISL_18221316	EPI_ISL_18221316	EPI_ISL_18221316	EPI_ISL_18221316	EPI_ISL_18221316	EPI_ISL_18221316	EPI_ISL_18221316	EPI_ISL_18221316
A/swine/Northern_Ireland/2008-07/2021	EPI_ISL_18221313	EPI_ISL_18221314	EPI_ISL_18221314	EPI_ISL_18221314	EPI_ISL_18221313	EPI_ISL_18221314	EPI_ISL_18221314	EPI_ISL_18221313
A/swine/Northern_Ireland/2016-07/2021	EPI_ISL_18221341	EPI_ISL_18221341	EPI_ISL_18221341	EPI_ISL_18221341	EPI_ISL_18221341	EPI_ISL_18221341	EPI_ISL_18221341	EPI_ISL_18221341
A/swine/Northern_Ireland/2008-08/2021	EPI_ISL_18221315	EPI_ISL_18221315	EPI_ISL_18221315	EPI_ISL_18221315	EPI_ISL_18221315	EPI_ISL_18221315	EPI_ISL_18221315	EPI_ISL_18221315
A/swine/Northern_Ireland/2008-06/2021	EPI_ISL_18221312	EPI_ISL_18221312	EPI_ISL_18221312	EPI_ISL_18221312	EPI_ISL_18221312	EPI_ISL_18221312	EPI_ISL_18221312	EPI_ISL_18221312
A/swine/Northern_Ireland/2015-01/2021	EPI_ISL_18221327	EPI_ISL_18221327	EPI_ISL_18221326	EPI_ISL_18221326	EPI_ISL_18221327	EPI_ISL_18221327	EPI_ISL_18221326	EPI_ISL_18221327
A/swine/Northern_Ireland/2012-10/2021	EPI_ISL_18221325	EPI_ISL_18221324	EPI_ISL_18221324	EPI_ISL_18221324	EPI_ISL_18221325	EPI_ISL_18221325	EPI_ISL_18221324	EPI_ISL_18221325
A/swine/Northern_Ireland/2012-09/2021	EPI_ISL_18221323	EPI_ISL_18221322	EPI_ISL_18221322	EPI_ISL_18221322	EPI_ISL_18221323	EPI_ISL_18221323	EPI_ISL_18221322	EPI_ISL_18221323
A/swine/Italy/20-69081_12/2020	EPI_ISL_4083747	EPI_ISL_4083747	EPI_ISL_4083747	EPI_ISL_4083747	EPI_ISL_4083747	EPI_ISL_4083747	EPI_ISL_4083747	EPI_ISL_4083747
A/swine/Northern_Ireland/2012-08/2021	EPI_ISL_18221321	EPI_ISL_18221320	EPI_ISL_18221320	EPI_ISL_18221320	EPI_ISL_18221321	EPI_ISL_18221321	EPI_ISL_18221320	EPI_ISL_18221321
A/swine/Italy/127069/2020	EPI_ISL_14764276	EPI_ISL_14764276	EPI_ISL_14764276	EPI_ISL_14764276	EPI_ISL_14764276	EPI_ISL_14764276	EPI_ISL_14764276	EPI_ISL_14764276
A/swine/Germany/R1181/2014	EPI_ISL_245703	EPI_ISL_245703	EPI_ISL_245703	EPI_ISL_245703	EPI_ISL_245703	EPI_ISL_245703	EPI_ISL_245703	EPI_ISL_245703
A/swine/Northern_Ireland/2016-05/2021	EPI_ISL_18221340	EPI_ISL_18221340	EPI_ISL_18221340	EPI_ISL_18221340	EPI_ISL_18221340	EPI_ISL_18221340	EPI_ISL_18221340	EPI_ISL_18221340
A/swine/Switzerland/A0005/2023	EPI_ISL_19132714	EPI_ISL_19132714	EPI_ISL_19132714	EPI_ISL_19132714	EPI_ISL_19132714	EPI_ISL_19132714	EPI_ISL_19132714	EPI_ISL_19132714
A/swine/Germany/R1154/2014	EPI_ISL_245702	EPI_ISL_245702	EPI_ISL_245702	EPI_ISL_245702	EPI_ISL_245702	EPI_ISL_245702	EPI_ISL_245702	EPI_ISL_245702
A/swine/Italy/18-64849-32/2018	EPI_ISL_4083704	EPI_ISL_4083704	EPI_ISL_4083704	EPI_ISL_4083704	EPI_ISL_4083704	EPI_ISL_4083704	EPI_ISL_4083704	EPI_ISL_4083704
A/swine/Italy/18-109888-31/2018	EPI_ISL_4083705	EPI_ISL_4083705	EPI_ISL_4083705	EPI_ISL_4083705	EPI_ISL_4083705	EPI_ISL_4083705	EPI_ISL_4083705	EPI_ISL_4083705
A/swine/Italy/17-24801-21/2017	EPI_ISL_4083703	EPI_ISL_4083703	EPI_ISL_4083703	EPI_ISL_4083703	EPI_ISL_4083703	EPI_ISL_4083703	EPI_ISL_4083703	EPI_ISL_4083703
A/swine/Germany/R1190/2014		EPI_ISL_245704	EPI_ISL_245704	EPI_ISL_245704			EPI_ISL_245704	
A/swine/Italy/23/2017	EPI_ISL_14761785	EPI_ISL_14761785	EPI_ISL_14761785	EPI_ISL_14761785	EPI_ISL_14761785	EPI_ISL_14761785	EPI_ISL_14761785	EPI_ISL_14761785
A/swine/Germany/R1696/2014	EPI_ISL_245726	EPI_ISL_245726	EPI_ISL_245726	EPI_ISL_245726	EPI_ISL_245726	EPI_ISL_245726	EPI_ISL_245726	EPI_ISL_245726
A/swine/Germany/R309/2015	EPI_ISL_245731	EPI_ISL_245731	EPI_ISL_245731	EPI_ISL_245731	EPI_ISL_245731	EPI_ISL_245731	EPI_ISL_245731	EPI_ISL_245731
A/swine/Germany/AR1026/2016	EPI_ISL_237542	EPI_ISL_237542	EPI_ISL_237542	EPI_ISL_237542	EPI_ISL_237542	EPI_ISL_237542	EPI_ISL_237542	EPI_ISL_237542
A/swine/Germany/R312/2015	EPI_ISL_245748	EPI_ISL_245748	EPI_ISL_245748	EPI_ISL_245748	EPI_ISL_245748	EPI_ISL_245748	EPI_ISL_245748	EPI_ISL_245748
A/swine/Northern_Ireland/2016-14/2021	EPI_ISL_18221342	EPI_ISL_18221342	EPI_ISL_18221343	EPI_ISL_18221343	EPI_ISL_18221342	EPI_ISL_18221343	EPI_ISL_18221343	EPI_ISL_18221343
A/swine/Northern_Ireland/2015-11/2021	EPI_ISL_18221334	EPI_ISL_18221334	EPI_ISL_18221334	EPI_ISL_18221334	EPI_ISL_18221334	EPI_ISL_18221334	EPI_ISL_18221334	EPI_ISL_18221334
A/swine/Northern_Ireland/2015-03/2021	EPI_ISL_18221331	EPI_ISL_18221332	EPI_ISL_18221332	EPI_ISL_18221332	EPI_ISL_18221331	EPI_ISL_18221331	EPI_ISL_18221332	EPI_ISL_18221331
A/swine/Northern_Ireland/2015-05/2021	EPI_ISL_18221333	EPI_ISL_18221333	EPI_ISL_18221333	EPI_ISL_18221333	EPI_ISL_18221333	EPI_ISL_18221333	EPI_ISL_18221333	EPI_ISL_18221333
A/swine/Northern_Ireland/2015-02/2021	EPI_ISL_18221329	EPI_ISL_18221329	EPI_ISL_18221330	EPI_ISL_18221330	EPI_ISL_18221329	EPI_ISL_18221329	EPI_ISL_18221330	EPI_ISL_18221329
A/swine/Northern_Ireland/2015-04/2021	EPI_ISL_18221328	EPI_ISL_18221328	EPI_ISL_18221328	EPI_ISL_18221328	EPI_ISL_18221328	EPI_ISL_18221328	EPI_ISL_18221328	EPI_ISL_18221328
A/swine/Italy/20-98963_3/2020	EPI_ISL_4083769	EPI_ISL_4083769	EPI_ISL_4083769	EPI_ISL_4083769	EPI_ISL_4083769	EPI_ISL_4083769	EPI_ISL_4083769	EPI_ISL_4083769
A/swine/Switzerland/A0002/2023	EPI_ISL_19132715	EPI_ISL_19132715	EPI_ISL_19132715	EPI_ISL_19132715	EPI_ISL_19132715	EPI_ISL_19132715	EPI_ISL_19132715	EPI_ISL_19132715
A/swine/Italy/202284/2019	EPI_ISL_14749647	EPI_ISL_14749647	EPI_ISL_14749647	EPI_ISL_14749647	EPI_ISL_14749647	EPI_ISL_14749647	EPI_ISL_14749647	EPI_ISL_14749647
A/swine/Italy/236825/2019	EPI_ISL_14749644	EPI_ISL_14749644	EPI_ISL_14749644	EPI_ISL_14749644	EPI_ISL_14749644	EPI_ISL_14749644	EPI_ISL_14749644	EPI_ISL_14749644
A/swine/Italy/236307/2019	EPI_ISL_14749645	EPI_ISL_14749645	EPI_ISL_14749645	EPI_ISL_14749645	EPI_ISL_14749645	EPI_ISL_14749645	EPI_ISL_14749645	EPI_ISL_14749645
A/swine/Spain/153/2018	EPI_ISL_499179	EPI_ISL_499179	EPI_ISL_499179	EPI_ISL_499179	EPI_ISL_499179	EPI_ISL_499179	EPI_ISL_499179	EPI_ISL_499179
A/swine/Spain/BM35/2019	EPI_ISL_499178	EPI_ISL_499178	EPI_ISL_499178	EPI_ISL_499178	EPI_ISL_499178	EPI_ISL_499178	EPI_ISL_499178	EPI_ISL_499178
A/swine/Spain/BM55/2019	EPI_ISL_499177	EPI_ISL_499177	EPI_ISL_499177	EPI_ISL_499177	EPI_ISL_499177	EPI_ISL_499177	EPI_ISL_499177	EPI_ISL_499177
A/swine/Spain/BM54/2019	EPI_ISL_499176	EPI_ISL_499176	EPI_ISL_499176	EPI_ISL_499176	EPI_ISL_499176	EPI_ISL_499176	EPI_ISL_499176	EPI_ISL_499176
A/swine/Iceland/R117/2011	EPI_ISL_105979	EPI_ISL_105979	EPI_ISL_105979	EPI_ISL_105979	EPI_ISL_105979	EPI_ISL_105979	EPI_ISL_105979	EPI_ISL_105979
A/swine/Germany/R1048/2011	EPI_ISL_105980	EPI_ISL_105980	EPI_ISL_105980	EPI_ISL_105980	EPI_ISL_105980	EPI_ISL_105980	EPI_ISL_105980	EPI_ISL_105980
A/swine/Germany/R75/2011	EPI_ISL_105985	EPI_ISL_105985	EPI_ISL_105985	EPI_ISL_105985	EPI_ISL_105985	EPI_ISL_105985	EPI_ISL_105985	EPI_ISL_105985
A/swine/Denmark/AR1855/2015	EPI_ISL_216578	EPI_ISL_216578	EPI_ISL_216578	EPI_ISL_216578	EPI_ISL_216578	EPI_ISL_216578	EPI_ISL_216578	EPI_ISL_216578
A/swine/Czech_Republic/13240/2017	EPI_ISL_282135	EPI_ISL_282135	EPI_ISL_282135	EPI_ISL_282135	EPI_ISL_282135	EPI_ISL_282135	EPI_ISL_282135	EPI_ISL_282135
A/swine/Spain/085/2018	EPI_ISL_499168	EPI_ISL_499168	EPI_ISL_499168	EPI_ISL_499168	EPI_ISL_499168	EPI_ISL_499168	EPI_ISL_499168	EPI_ISL_499168
A/swine/Ebbinghof/IDT12991-1/2011	EPI_ISL_151066	EPI_ISL_151066	EPI_ISL_151066	EPI_ISL_151066	EPI_ISL_151066	EPI_ISL_151066	EPI_ISL_151066	EPI_ISL_151066
A/swine/Wettringen/IDT13795/2011	EPI_ISL_151070	EPI_ISL_151070	EPI_ISL_151070	EPI_ISL_151070	EPI_ISL_151070	EPI_ISL_151070	EPI_ISL_151070	EPI_ISL_151070
A/swine/Ankum-Stockum/IDT13531/2011	EPI_ISL_151068	EPI_ISL_151068	EPI_ISL_151068	EPI_ISL_151068	EPI_ISL_151068	EPI_ISL_151068	EPI_ISL_151068	EPI_ISL_151068
A/swine/Freren/IDT13837-2/2011	EPI_ISL_151074	EPI_ISL_151074	EPI_ISL_151074	EPI_ISL_151074	EPI_ISL_151074	EPI_ISL_151074	EPI_ISL_151074	EPI_ISL_151074
A/swine/Freren/IDT13837-1/2011	EPI_ISL_151072	EPI_ISL_151072	EPI_ISL_151072	EPI_ISL_151072	EPI_ISL_151072	EPI_ISL_151072	EPI_ISL_151072	EPI_ISL_151072
A/swine/Duelmen/IDT14128/2011	EPI_ISL_151078	EPI_ISL_151078	EPI_ISL_151078	EPI_ISL_151078	EPI_ISL_151078	EPI_ISL_151078	EPI_ISL_151078	EPI_ISL_151078
A/swine/Althausen/IDT14031/2011	EPI_ISL_151076	EPI_ISL_151076	EPI_ISL_151076	EPI_ISL_151076	EPI_ISL_151076	EPI_ISL_151076	EPI_ISL_151076	EPI_ISL_151076
A/swine/Langefoerden/IDT14189/2011	EPI_ISL_151082	EPI_ISL_151082	EPI_ISL_151082	EPI_ISL_151082	EPI_ISL_151082	EPI_ISL_151082	EPI_ISL_151082	EPI_ISL_151082
A/swine/Neumarkt/IDT14179/2011	EPI_ISL_151080	EPI_ISL_151080	EPI_ISL_151080	EPI_ISL_151080	EPI_ISL_151080	EPI_ISL_151080	EPI_ISL_151080	EPI_ISL_151080
A/swine/Niederwinden/IDT14445/2011	EPI_ISL_151087	EPI_ISL_151087	EPI_ISL_151087	EPI_ISL_151087	EPI_ISL_151087	EPI_ISL_151087	EPI_ISL_151087	EPI_ISL_151087
A/swine/Altenberge/IDT14252/2011	EPI_ISL_151085	EPI_ISL_151085	EPI_ISL_151085	EPI_ISL_151085	EPI_ISL_151085	EPI_ISL_151085	EPI_ISL_151085	EPI_ISL_151085
A/swine/Papenburg/IDT12653/2010	EPI_ISL_151064	EPI_ISL_151064	EPI_ISL_151064	EPI_ISL_151064	EPI_ISL_151064	EPI_ISL_151064	EPI_ISL_151064	EPI_ISL_151064
A/swine/Garrel/IDT14844/2012	EPI_ISL_151091	EPI_ISL_151091	EPI_ISL_151091	EPI_ISL_151091	EPI_ISL_151091	EPI_ISL_151091	EPI_ISL_151091	EPI_ISL_151091
A/swine/Spain/119/2018	EPI_ISL_499169	EPI_ISL_499169	EPI_ISL_499169	EPI_ISL_499169	EPI_ISL_499169	EPI_ISL_499169	EPI_ISL_499169	EPI_ISL_499169
A/swine/Spain/123/2018	EPI_ISL_499171	EPI_ISL_499171	EPI_ISL_499171	EPI_ISL_499171	EPI_ISL_499171	EPI_ISL_499171	EPI_ISL_499171	EPI_ISL_499171
A/swine/Spain/099/2018	EPI_ISL_499147	EPI_ISL_499147	EPI_ISL_499147	EPI_ISL_499147	EPI_ISL_499147	EPI_ISL_499147	EPI_ISL_499147	EPI_ISL_499147
A/swine/Spain/094/2018	EPI_ISL_499146	EPI_ISL_499146	EPI_ISL_499146	EPI_ISL_499146	EPI_ISL_499146	EPI_ISL_499146	EPI_ISL_499146	EPI_ISL_499146
A/swine/Spain/071/2017	EPI_ISL_499145	EPI_ISL_499145	EPI_ISL_499145	EPI_ISL_499145	EPI_ISL_499145	EPI_ISL_499145	EPI_ISL_499145	EPI_ISL_499145
A/swine/Spain/055/2017	EPI_ISL_499144	EPI_ISL_499144	EPI_ISL_499144	EPI_ISL_499144	EPI_ISL_499144	EPI_ISL_499144	EPI_ISL_499144	EPI_ISL_499144
A/swine/Spain/103/2018	EPI_ISL_499157	EPI_ISL_499157	EPI_ISL_499157	EPI_ISL_499157	EPI_ISL_499157	EPI_ISL_499157	EPI_ISL_499157	EPI_ISL_499157
A/swine/Portugal/066/2017	EPI_ISL_499156	EPI_ISL_499156	EPI_ISL_499156	EPI_ISL_499156	EPI_ISL_499156	EPI_ISL_499156	EPI_ISL_499156	EPI_ISL_499156
A/swine/Portugal/065/2017	EPI_ISL_499155	EPI_ISL_499155	EPI_ISL_499155	EPI_ISL_499155	EPI_ISL_499155	EPI_ISL_499155	EPI_ISL_499155	EPI_ISL_499155
A/swine/Spain/008/2017	EPI_ISL_499154	EPI_ISL_499154	EPI_ISL_499154	EPI_ISL_499154	EPI_ISL_499154	EPI_ISL_499154	EPI_ISL_499154	EPI_ISL_499154
A/swine/Spain/144/2018	EPI_ISL_499153	EPI_ISL_499153	EPI_ISL_499153	EPI_ISL_499153	EPI_ISL_499153	EPI_ISL_499153	EPI_ISL_499153	EPI_ISL_499153
A/swine/Spain/150/2018	EPI_ISL_499152	EPI_ISL_499152	EPI_ISL_499152	EPI_ISL_499152	EPI_ISL_499152	EPI_ISL_499152	EPI_ISL_499152	EPI_ISL_499152
A/swine/Spain/BM119/2018	EPI_ISL_499170	EPI_ISL_499170	EPI_ISL_499170	EPI_ISL_499170	EPI_ISL_499170	EPI_ISL_499170	EPI_ISL_499170	EPI_ISL_499170
A/swine/Spain/BM36/2019	EPI_ISL_499167	EPI_ISL_499167	EPI_ISL_499167	EPI_ISL_499167	EPI_ISL_499167	EPI_ISL_499167	EPI_ISL_499167	EPI_ISL_499167
A/swine/Spain/027/2017	EPI_ISL_499165	EPI_ISL_499165	EPI_ISL_499165	EPI_ISL_499165	EPI_ISL_499165	EPI_ISL_499165	EPI_ISL_499165	EPI_ISL_499165
A/swine/Spain/BM16/2019	EPI_ISL_499164	EPI_ISL_499164	EPI_ISL_499164	EPI_ISL_499164	EPI_ISL_499164	EPI_ISL_499164	EPI_ISL_499164	EPI_ISL_499164
A/swine/Spain/064/2017	EPI_ISL_499163	EPI_ISL_499163	EPI_ISL_499163	EPI_ISL_499163	EPI_ISL_499163	EPI_ISL_499163	EPI_ISL_499163	EPI_ISL_499163
A/swine/Spain/117/2018	EPI_ISL_499162	EPI_ISL_499162	EPI_ISL_499162	EPI_ISL_499162	EPI_ISL_499162	EPI_ISL_499162	EPI_ISL_499162	EPI_ISL_499162
A/swine/Spain/BM114/2018	EPI_ISL_499161	EPI_ISL_499161	EPI_ISL_499161	EPI_ISL_499161	EPI_ISL_499161	EPI_ISL_499161	EPI_ISL_499161	EPI_ISL_499161
A/swine/Spain/BM105/2018	EPI_ISL_499160	EPI_ISL_499160	EPI_ISL_499160	EPI_ISL_499160	EPI_ISL_499160	EPI_ISL_499160	EPI_ISL_499160	EPI_ISL_499160
A/swine/Spain/BM43/2019	EPI_ISL_499175	EPI_ISL_499175	EPI_ISL_499175	EPI_ISL_499175	EPI_ISL_499175	EPI_ISL_499175	EPI_ISL_499175	EPI_ISL_499175
A/swine/Spain/BM40/2019	EPI_ISL_499174	EPI_ISL_499174	EPI_ISL_499174	EPI_ISL_499174	EPI_ISL_499174	EPI_ISL_499174	EPI_ISL_499174	EPI_ISL_499174
A/swine/Spain/BM151/2018	EPI_ISL_499173	EPI_ISL_499173	EPI_ISL_499173	EPI_ISL_499173	EPI_ISL_499173	EPI_ISL_499173	EPI_ISL_499173	EPI_ISL_499173
A/swine/Spain/124/2018	EPI_ISL_499172	EPI_ISL_499172	EPI_ISL_499172	EPI_ISL_499172	EPI_ISL_499172	EPI_ISL_499172	EPI_ISL_499172	EPI_ISL_499172
A/swine/Spain/BM32/2019	EPI_ISL_499166	EPI_ISL_499166	EPI_ISL_499166	EPI_ISL_499166	EPI_ISL_499166	EPI_ISL_499166	EPI_ISL_499166	EPI_ISL_499166
A/swine/Tornitz/IDT14598/2012	EPI_ISL_151089	EPI_ISL_151089	EPI_ISL_151089	EPI_ISL_151089	EPI_ISL_151089	EPI_ISL_151089	EPI_ISL_151089	EPI_ISL_151089
A/swine/Italy/228721/2017	EPI_ISL_14761691	EPI_ISL_14761691	EPI_ISL_14761691	EPI_ISL_14761691	EPI_ISL_14761691	EPI_ISL_14761691	EPI_ISL_14761691	EPI_ISL_14761691
A/swine/Italy/280615/2019	EPI_ISL_14749689	EPI_ISL_14749689	EPI_ISL_14749689	EPI_ISL_14749689	EPI_ISL_14749689	EPI_ISL_14749689	EPI_ISL_14749689	EPI_ISL_14749689
A/swine/Italy/24367/2017	EPI_ISL_14761976	EPI_ISL_14761976	EPI_ISL_14761976	EPI_ISL_14761976	EPI_ISL_14761976	EPI_ISL_14761976	EPI_ISL_14761976	EPI_ISL_14761976
A/swine/Italy/29086/2019	EPI_ISL_14749688	EPI_ISL_14749688	EPI_ISL_14749688	EPI_ISL_14749688	EPI_ISL_14749688	EPI_ISL_14749688	EPI_ISL_14749688	EPI_ISL_14749688
A/swine/Italy/265041/2019	EPI_ISL_14749691	EPI_ISL_14749691	EPI_ISL_14749691	EPI_ISL_14749691	EPI_ISL_14749691	EPI_ISL_14749691	EPI_ISL_14749691	EPI_ISL_14749691
A/swine/Italy/27220/2019	EPI_ISL_14749690	EPI_ISL_14749690	EPI_ISL_14749690	EPI_ISL_14749690	EPI_ISL_14749690	EPI_ISL_14749690	EPI_ISL_14749690	EPI_ISL_14749690
A/swine/Italy/251972/2019	EPI_ISL_14749693	EPI_ISL_14749693	EPI_ISL_14749693	EPI_ISL_14749693	EPI_ISL_14749693	EPI_ISL_14749693	EPI_ISL_14749693	EPI_ISL_14749693
A/swine/Italy/26034/2019	EPI_ISL_14749692	EPI_ISL_14749692	EPI_ISL_14749692	EPI_ISL_14749692	EPI_ISL_14749692	EPI_ISL_14749692	EPI_ISL_14749692	EPI_ISL_14749692
A/swine/Italy/248971/2019	EPI_ISL_14749694	EPI_ISL_14749694	EPI_ISL_14749694	EPI_ISL_14749694	EPI_ISL_14749694	EPI_ISL_14749694	EPI_ISL_14749694	EPI_ISL_14749694
A/swine/Italy/332816/2019	EPI_ISL_14749633	EPI_ISL_14749633	EPI_ISL_14749633	EPI_ISL_14749633	EPI_ISL_14749633	EPI_ISL_14749633	EPI_ISL_14749633	EPI_ISL_14749633
A/swine/Italy/353864/2019	EPI_ISL_14749632	EPI_ISL_14749632	EPI_ISL_14749632	EPI_ISL_14749632	EPI_ISL_14749632	EPI_ISL_14749632	EPI_ISL_14749632	EPI_ISL_14749632
A/swine/Italy/332196/2019	EPI_ISL_14749634	EPI_ISL_14749634	EPI_ISL_14749634	EPI_ISL_14749634	EPI_ISL_14749634	EPI_ISL_14749634	EPI_ISL_14749634	EPI_ISL_14749634
A/swine/Italy/320530/2019	EPI_ISL_14749637	EPI_ISL_14749637	EPI_ISL_14749637	EPI_ISL_14749637	EPI_ISL_14749637	EPI_ISL_14749637	EPI_ISL_14749637	EPI_ISL_14749637
A/swine/Italy/324970/2019	EPI_ISL_14749636	EPI_ISL_14749636	EPI_ISL_14749636	EPI_ISL_14749636	EPI_ISL_14749636	EPI_ISL_14749636	EPI_ISL_14749636	EPI_ISL_14749636
A/swine/Italy/317814/2019	EPI_ISL_14749639	EPI_ISL_14749639	EPI_ISL_14749639	EPI_ISL_14749639	EPI_ISL_14749639	EPI_ISL_14749639	EPI_ISL_14749639	EPI_ISL_14749639
A/swine/Italy/317815/2019	EPI_ISL_14749638	EPI_ISL_14749638	EPI_ISL_14749638	EPI_ISL_14749638	EPI_ISL_14749638	EPI_ISL_14749638	EPI_ISL_14749638	EPI_ISL_14749638
A/swine/Italy/312575/2019	EPI_ISL_14749640	EPI_ISL_14749640	EPI_ISL_14749640	EPI_ISL_14749640	EPI_ISL_14749640	EPI_ISL_14749640	EPI_ISL_14749640	EPI_ISL_14749640
A/swine/Germany-NW/R708/10	EPI_ISL_85800	EPI_ISL_85800	EPI_ISL_85800	EPI_ISL_85800	EPI_ISL_85800	EPI_ISL_85800	EPI_ISL_85800	EPI_ISL_85800
A/swine/Italy/286630/2019	EPI_ISL_14749642	EPI_ISL_14749642	EPI_ISL_14749642	EPI_ISL_14749642	EPI_ISL_14749642	EPI_ISL_14749642	EPI_ISL_14749642	EPI_ISL_14749642
A/swine/Italy/332188/2019	EPI_ISL_14749635	EPI_ISL_14749635	EPI_ISL_14749635	EPI_ISL_14749635	EPI_ISL_14749635	EPI_ISL_14749635	EPI_ISL_14749635	EPI_ISL_14749635
A/swine/Italy/31079/2019	EPI_ISL_14749686	EPI_ISL_14749686	EPI_ISL_14749686	EPI_ISL_14749686	EPI_ISL_14749686	EPI_ISL_14749686	EPI_ISL_14749686	EPI_ISL_14749686
A/swine/Italy/294170/2019	EPI_ISL_14749687	EPI_ISL_14749687	EPI_ISL_14749687	EPI_ISL_14749687	EPI_ISL_14749687	EPI_ISL_14749687	EPI_ISL_14749687	EPI_ISL_14749687
A/swine/Hungary/4431/2010	EPI_ISL_106130	EPI_ISL_106130	EPI_ISL_106130	EPI_ISL_106130	EPI_ISL_106130	EPI_ISL_106130	EPI_ISL_106130	EPI_ISL_106130
A/swine/Hungary/7380/2010	EPI_ISL_106143	EPI_ISL_106143	EPI_ISL_106143	EPI_ISL_106143	EPI_ISL_106143	EPI_ISL_106143	EPI_ISL_106143	EPI_ISL_106143
A/swine/Italy/217407/2017	EPI_ISL_14761565	EPI_ISL_14761565	EPI_ISL_14761565	EPI_ISL_14761565	EPI_ISL_14761565	EPI_ISL_14761565	EPI_ISL_14761565	EPI_ISL_14761565
A/swine/Italy/57984/2019	EPI_ISL_14749664	EPI_ISL_14749664	EPI_ISL_14749664	EPI_ISL_14749664	EPI_ISL_14749664	EPI_ISL_14749664	EPI_ISL_14749664	EPI_ISL_14749664
A/swine/Italy/53981/2019	EPI_ISL_14749666	EPI_ISL_14749666	EPI_ISL_14749666	EPI_ISL_14749666	EPI_ISL_14749666	EPI_ISL_14749666	EPI_ISL_14749666	EPI_ISL_14749666
A/swine/Italy/49456/2019	EPI_ISL_14749669	EPI_ISL_14749669	EPI_ISL_14749669	EPI_ISL_14749669	EPI_ISL_14749669	EPI_ISL_14749669	EPI_ISL_14749669	EPI_ISL_14749669
A/swine/Italy/50634/2019	EPI_ISL_14749668	EPI_ISL_14749668	EPI_ISL_14749668	EPI_ISL_14749668	EPI_ISL_14749668	EPI_ISL_14749668	EPI_ISL_14749668	EPI_ISL_14749668
A/swine/Italy/40277/2019	EPI_ISL_14749671	EPI_ISL_14749671	EPI_ISL_14749671	EPI_ISL_14749671	EPI_ISL_14749671	EPI_ISL_14749671	EPI_ISL_14749671	EPI_ISL_14749671
A/swine/Italy/45510/2019	EPI_ISL_14749670	EPI_ISL_14749670	EPI_ISL_14749670	EPI_ISL_14749670	EPI_ISL_14749670	EPI_ISL_14749670	EPI_ISL_14749670	EPI_ISL_14749670
A/swine/Italy/39576-2/2019	EPI_ISL_14749673	EPI_ISL_14749673	EPI_ISL_14749673	EPI_ISL_14749673	EPI_ISL_14749673	EPI_ISL_14749673	EPI_ISL_14749673	EPI_ISL_14749673
A/swine/Italy/39576-3/2019	EPI_ISL_14749672	EPI_ISL_14749672	EPI_ISL_14749672	EPI_ISL_14749672	EPI_ISL_14749672	EPI_ISL_14749672	EPI_ISL_14749672	EPI_ISL_14749672
A/swine/Italy/38193/2019	EPI_ISL_14749675	EPI_ISL_14749675	EPI_ISL_14749675	EPI_ISL_14749675	EPI_ISL_14749675	EPI_ISL_14749675	EPI_ISL_14749675	EPI_ISL_14749675
A/swine/Italy/38652/2019	EPI_ISL_14749674	EPI_ISL_14749674	EPI_ISL_14749674	EPI_ISL_14749674	EPI_ISL_14749674	EPI_ISL_14749674	EPI_ISL_14749674	EPI_ISL_14749674
A/swine/Italy/3741/2019	EPI_ISL_14749676	EPI_ISL_14749676	EPI_ISL_14749676	EPI_ISL_14749676	EPI_ISL_14749676	EPI_ISL_14749676	EPI_ISL_14749676	EPI_ISL_14749676
A/swine/Italy/361741/2019	EPI_ISL_14749678	EPI_ISL_14749678	EPI_ISL_14749678	EPI_ISL_14749678	EPI_ISL_14749678	EPI_ISL_14749678	EPI_ISL_14749678	EPI_ISL_14749678
A/swine/Italy/35129/2019	EPI_ISL_14749681	EPI_ISL_14749681	EPI_ISL_14749681	EPI_ISL_14749681	EPI_ISL_14749681	EPI_ISL_14749681	EPI_ISL_14749681	EPI_ISL_14749681
A/swine/Italy/361695/2019	EPI_ISL_14749680	EPI_ISL_14749680	EPI_ISL_14749680	EPI_ISL_14749680	EPI_ISL_14749680	EPI_ISL_14749680	EPI_ISL_14749680	EPI_ISL_14749680
A/swine/Italy/34135/2019	EPI_ISL_14749683	EPI_ISL_14749683	EPI_ISL_14749683	EPI_ISL_14749683	EPI_ISL_14749683	EPI_ISL_14749683	EPI_ISL_14749683	EPI_ISL_14749683
A/swine/Italy/349026/2019	EPI_ISL_14749682	EPI_ISL_14749682	EPI_ISL_14749682	EPI_ISL_14749682	EPI_ISL_14749682	EPI_ISL_14749682	EPI_ISL_14749682	EPI_ISL_14749682
A/swine/Italy/34051/2019	EPI_ISL_14749684	EPI_ISL_14749684	EPI_ISL_14749684	EPI_ISL_14749684	EPI_ISL_14749684	EPI_ISL_14749684	EPI_ISL_14749684	EPI_ISL_14749684
A/swine/Northern_Ireland/2041-02/2022	EPI_ISL_18221366	EPI_ISL_18221366	EPI_ISL_18221366	EPI_ISL_18221366	EPI_ISL_18221366	EPI_ISL_18221366	EPI_ISL_18221366	EPI_ISL_18221366
A/swine/Northern_Ireland/2041-03/2022	EPI_ISL_18221367	EPI_ISL_18221367	EPI_ISL_18221367	EPI_ISL_18221367	EPI_ISL_18221367	EPI_ISL_18221367	EPI_ISL_18221367	EPI_ISL_18221367
A/swine/Northern_Ireland/2034-03/2022	EPI_ISL_18221364	EPI_ISL_18221364	EPI_ISL_18221364	EPI_ISL_18221364	EPI_ISL_18221364	EPI_ISL_18221364	EPI_ISL_18221364	EPI_ISL_18221364
A/swine/France/29-200133/2020	EPI_ISL_9593223	EPI_ISL_9593223	EPI_ISL_9593223	EPI_ISL_9593223	EPI_ISL_9593223	EPI_ISL_9593223	EPI_ISL_9593223	EPI_ISL_9593223
A/swine/France/29-200104/2020	EPI_ISL_9593221	EPI_ISL_9593221	EPI_ISL_9593221	EPI_ISL_9593221	EPI_ISL_9593221	EPI_ISL_9593221	EPI_ISL_9593221	EPI_ISL_9593221
A/swine/Italy/389935-2/2022	EPI_ISL_19519537	EPI_ISL_19519537	EPI_ISL_19519537	EPI_ISL_19519537	EPI_ISL_19519537	EPI_ISL_19519537	EPI_ISL_19519537	EPI_ISL_19519537
A/swine/France/29-200188/2020	EPI_ISL_9593226	EPI_ISL_9593226	EPI_ISL_9593226	EPI_ISL_9593226	EPI_ISL_9593226	EPI_ISL_9593226	EPI_ISL_9593226	EPI_ISL_9593226
A/swine/Italy/389935-1/2022	EPI_ISL_19519536	EPI_ISL_19519536	EPI_ISL_19519536	EPI_ISL_19519536	EPI_ISL_19519536	EPI_ISL_19519536	EPI_ISL_19519536	EPI_ISL_19519536
A/swine/Italy/395812/2022	EPI_ISL_19519539	EPI_ISL_19519539	EPI_ISL_19519539	EPI_ISL_19519539	EPI_ISL_19519539	EPI_ISL_19519539	EPI_ISL_19519539	EPI_ISL_19519539
A/swine/France/29-200185/2020	EPI_ISL_9593224	EPI_ISL_9593224	EPI_ISL_9593224	EPI_ISL_9593224	EPI_ISL_9593224	EPI_ISL_9593224	EPI_ISL_9593224	EPI_ISL_9593224
A/swine/Italy/394458/2022	EPI_ISL_19519538	EPI_ISL_19519538	EPI_ISL_19519538	EPI_ISL_19519538	EPI_ISL_19519538	EPI_ISL_19519538	EPI_ISL_19519538	EPI_ISL_19519538
A/swine/Italy/416017/2022	EPI_ISL_19519541	EPI_ISL_19519541	EPI_ISL_19519541	EPI_ISL_19519541	EPI_ISL_19519541	EPI_ISL_19519541	EPI_ISL_19519541	EPI_ISL_19519541
A/swine/Italy/407264/2022	EPI_ISL_19519540	EPI_ISL_19519540	EPI_ISL_19519540	EPI_ISL_19519540	EPI_ISL_19519540	EPI_ISL_19519540	EPI_ISL_19519540	EPI_ISL_19519540
A/swine/Italy/256225/2022	EPI_ISL_19519548	EPI_ISL_19519548	EPI_ISL_19519548	EPI_ISL_19519548	EPI_ISL_19519548	EPI_ISL_19519548	EPI_ISL_19519548	EPI_ISL_19519548
A/swine/Italy/87438/2021	EPI_ISL_19644469	EPI_ISL_19644469	EPI_ISL_19644469	EPI_ISL_19644469	EPI_ISL_19644469	EPI_ISL_19644469	EPI_ISL_19644469	EPI_ISL_19644469
A/swine/Italy/420123/2022	EPI_ISL_19519542	EPI_ISL_19519542	EPI_ISL_19519542	EPI_ISL_19519542	EPI_ISL_19519542	EPI_ISL_19519542	EPI_ISL_19519542	EPI_ISL_19519542
A/swine/France/29-200240/2020	EPI_ISL_9593229	EPI_ISL_9593229	EPI_ISL_9593229	EPI_ISL_9593229	EPI_ISL_9593229	EPI_ISL_9593229	EPI_ISL_9593229	EPI_ISL_9593229
A/swine/France/29-200263/2020	EPI_ISL_9593275	EPI_ISL_9593275	EPI_ISL_9593275	EPI_ISL_9593275	EPI_ISL_9593275	EPI_ISL_9593275	EPI_ISL_9593275	EPI_ISL_9593275
A/swine/Italy/58247/2020	EPI_ISL_14764493	EPI_ISL_14764493	EPI_ISL_14764493	EPI_ISL_14764493	EPI_ISL_14764493	EPI_ISL_14764493	EPI_ISL_14764493	EPI_ISL_14764493
A/swine/Pskov_Region/RII-36S/2022	EPI_ISL_13699581	EPI_ISL_13699581	EPI_ISL_13699581	EPI_ISL_13699581	EPI_ISL_13699581	EPI_ISL_13699581	EPI_ISL_13699581	EPI_ISL_13699581
A/swine/France/29-200272/2020	EPI_ISL_9593278	EPI_ISL_9593278	EPI_ISL_9593278	EPI_ISL_9593278	EPI_ISL_9593278	EPI_ISL_9593278	EPI_ISL_9593278	EPI_ISL_9593278
A/swine/France/29-200291/2020	EPI_ISL_9593279	EPI_ISL_9593279	EPI_ISL_9593279	EPI_ISL_9593279	EPI_ISL_9593279	EPI_ISL_9593279	EPI_ISL_9593279	EPI_ISL_9593279
A/swine/Italy/420826/2022	EPI_ISL_19519543	EPI_ISL_19519543	EPI_ISL_19519543	EPI_ISL_19519543	EPI_ISL_19519543	EPI_ISL_19519543	EPI_ISL_19519543	EPI_ISL_19519543
A/swine/France/29-200264/2020	EPI_ISL_9593276	EPI_ISL_9593276	EPI_ISL_9593276	EPI_ISL_9593276	EPI_ISL_9593276	EPI_ISL_9593276	EPI_ISL_9593276	EPI_ISL_9593276
A/swine/Italy/81755/2021	EPI_ISL_19644479	EPI_ISL_19644479	EPI_ISL_19644479	EPI_ISL_19644479	EPI_ISL_19644479	EPI_ISL_19644479	EPI_ISL_19644479	EPI_ISL_19644479
A/swine/Italy/312282/2022	EPI_ISL_19519547	EPI_ISL_19519547	EPI_ISL_19519547	EPI_ISL_19519547	EPI_ISL_19519547	EPI_ISL_19519547	EPI_ISL_19519547	EPI_ISL_19519547
A/swine/Pskov_Region/RII-WD2499S/2025	EPI_ISL_19812821	EPI_ISL_19812821	EPI_ISL_19812821	EPI_ISL_19812821	EPI_ISL_19812821	EPI_ISL_19812821	EPI_ISL_19812821	EPI_ISL_19812821
A/Swine/Netherlands/GDE083/2024	EPI_ISL_20060623	EPI_ISL_20060623	EPI_ISL_20060623	EPI_ISL_20060623	EPI_ISL_20060623	EPI_ISL_20060623	EPI_ISL_20060623	EPI_ISL_20060623
A/swine/Italy/96050/2021	EPI_ISL_19644459	EPI_ISL_19644459	EPI_ISL_19644459	EPI_ISL_19644459	EPI_ISL_19644459	EPI_ISL_19644459	EPI_ISL_19644459	EPI_ISL_19644459
A/swine/Italy/340151/2022	EPI_ISL_19519529	EPI_ISL_19519529	EPI_ISL_19519529	EPI_ISL_19519529	EPI_ISL_19519529	EPI_ISL_19519529	EPI_ISL_19519529	EPI_ISL_19519529
A/swine/Nordrhein-Westfalen/19/2023	EPI_ISL_18831391	EPI_ISL_18831391	EPI_ISL_18831391	EPI_ISL_18831391	EPI_ISL_18831391	EPI_ISL_18831391	EPI_ISL_18831391	EPI_ISL_18831391
A/swine/Italy/331858/2022	EPI_ISL_19519528	EPI_ISL_19519528	EPI_ISL_19519528	EPI_ISL_19519528	EPI_ISL_19519528	EPI_ISL_19519528	EPI_ISL_19519528	EPI_ISL_19519528
A/swine/Italy/348117-1/2022	EPI_ISL_19519531	EPI_ISL_19519531	EPI_ISL_19519531	EPI_ISL_19519531	EPI_ISL_19519531	EPI_ISL_19519531	EPI_ISL_19519531	EPI_ISL_19519531
A/swine/Italy/99371/2021	EPI_ISL_19644456	EPI_ISL_19644456	EPI_ISL_19644456	EPI_ISL_19644456	EPI_ISL_19644456	EPI_ISL_19644456	EPI_ISL_19644456	EPI_ISL_19644456
A/swine/Italy/342466/2022	EPI_ISL_19519530	EPI_ISL_19519530	EPI_ISL_19519530	EPI_ISL_19519530	EPI_ISL_19519530	EPI_ISL_19519530	EPI_ISL_19519530	EPI_ISL_19519530
A/swine/Italy/351102/2022	EPI_ISL_19519533	EPI_ISL_19519533	EPI_ISL_19519533	EPI_ISL_19519533	EPI_ISL_19519533	EPI_ISL_19519533	EPI_ISL_19519533	EPI_ISL_19519533
A/swine/Italy/426696/2022	EPI_ISL_19519546	EPI_ISL_19519546	EPI_ISL_19519546	EPI_ISL_19519546	EPI_ISL_19519546	EPI_ISL_19519546	EPI_ISL_19519546	EPI_ISL_19519546
A/swine/Italy/348117-6/2022	EPI_ISL_19519532	EPI_ISL_19519532	EPI_ISL_19519532	EPI_ISL_19519532	EPI_ISL_19519532	EPI_ISL_19519532	EPI_ISL_19519532	EPI_ISL_19519532
A/swine/France/29-200252/2020	EPI_ISL_9593236	EPI_ISL_9593236	EPI_ISL_9593236	EPI_ISL_9593236	EPI_ISL_9593236	EPI_ISL_9593236	EPI_ISL_9593236	EPI_ISL_9593236
A/swine/Italy/359928/2022	EPI_ISL_19519534	EPI_ISL_19519534	EPI_ISL_19519534	EPI_ISL_19519534	EPI_ISL_19519534	EPI_ISL_19519534	EPI_ISL_19519534	EPI_ISL_19519534
A/swine/Italy/64366/2020	EPI_ISL_14764521	EPI_ISL_14764521	EPI_ISL_14764521	EPI_ISL_14764521	EPI_ISL_14764521	EPI_ISL_14764521	EPI_ISL_14764521	EPI_ISL_14764521
A/swine/Italy/449727-1/2022	EPI_ISL_19644452	EPI_ISL_19644452	EPI_ISL_19644452	EPI_ISL_19644452	EPI_ISL_19644452	EPI_ISL_19644452	EPI_ISL_19644452	EPI_ISL_19644452
A/swine/Italy/316540/2022	EPI_ISL_19519526	EPI_ISL_19519526	EPI_ISL_19519526	EPI_ISL_19519526	EPI_ISL_19519526	EPI_ISL_19519526	EPI_ISL_19519526	EPI_ISL_19519526
A/swine/Italy/87349-1/2022	EPI_ISL_19644475	EPI_ISL_19644475	EPI_ISL_19644475	EPI_ISL_19644475	EPI_ISL_19644475	EPI_ISL_19644475	EPI_ISL_19644475	EPI_ISL_19644475
A/swine/Italy/316524/2022	EPI_ISL_19519545	EPI_ISL_19519545	EPI_ISL_19519545	EPI_ISL_19519545	EPI_ISL_19519545	EPI_ISL_19519545	EPI_ISL_19519545	EPI_ISL_19519545
A/swine/Italy/422182/2022	EPI_ISL_19519544	EPI_ISL_19519544	EPI_ISL_19519544	EPI_ISL_19519544	EPI_ISL_19519544	EPI_ISL_19519544	EPI_ISL_19519544	EPI_ISL_19519544
A/swine/France/29-200045/2020	EPI_ISL_9593219	EPI_ISL_9593219	EPI_ISL_9593219	EPI_ISL_9593219	EPI_ISL_9593219	EPI_ISL_9593219	EPI_ISL_9593219	EPI_ISL_9593219
A/swine/Italy/381004/2022	EPI_ISL_19519535	EPI_ISL_19519535	EPI_ISL_19519535	EPI_ISL_19519535	EPI_ISL_19519535	EPI_ISL_19519535	EPI_ISL_19519535	EPI_ISL_19519535
A/swine/Italy/438746/2022	EPI_ISL_19644442	EPI_ISL_19644442	EPI_ISL_19644442	EPI_ISL_19644442	EPI_ISL_19644442	EPI_ISL_19644442	EPI_ISL_19644442	EPI_ISL_19644442
A/swine/France/49-200216/2020	EPI_ISL_9593304	EPI_ISL_9593304	EPI_ISL_9593304	EPI_ISL_9593304	EPI_ISL_9593304	EPI_ISL_9593304	EPI_ISL_9593304	EPI_ISL_9593304
A/swine/Italy/71791/2022	EPI_ISL_19644518	EPI_ISL_19644518	EPI_ISL_19644518	EPI_ISL_19644518	EPI_ISL_19644518	EPI_ISL_19644518	EPI_ISL_19644518	EPI_ISL_19644518
A/swine/Denmark/20-4762-5/2020	EPI_ISL_19789949	EPI_ISL_19789949	EPI_ISL_19789949	EPI_ISL_19789949	EPI_ISL_19789949	EPI_ISL_19789949	EPI_ISL_19789949	EPI_ISL_19789949
A/swine/Denmark/20-4291-1/2020	EPI_ISL_19789951	EPI_ISL_19789951	EPI_ISL_19789951	EPI_ISL_19789951	EPI_ISL_19789951	EPI_ISL_19789951	EPI_ISL_19789951	EPI_ISL_19789951
A/swine/France/29-200324/2020	EPI_ISL_9593280	EPI_ISL_9593280	EPI_ISL_9593280	EPI_ISL_9593280	EPI_ISL_9593280	EPI_ISL_9593280	EPI_ISL_9593280	EPI_ISL_9593280
A/swine/France/35-200154/2020	EPI_ISL_9593286	EPI_ISL_9593286	EPI_ISL_9593286	EPI_ISL_9593286	EPI_ISL_9593286	EPI_ISL_9593286	EPI_ISL_9593286	EPI_ISL_9593286
A/swine/France/35-200203/2020	EPI_ISL_9593287	EPI_ISL_9593287	EPI_ISL_9593287	EPI_ISL_9593287	EPI_ISL_9593287	EPI_ISL_9593287	EPI_ISL_9593287	EPI_ISL_9593287
A/swine/Italy/57235-6/2022	EPI_ISL_19644540	EPI_ISL_19644540	EPI_ISL_19644540	EPI_ISL_19644540	EPI_ISL_19644540	EPI_ISL_19644540	EPI_ISL_19644540	EPI_ISL_19644540
A/swine/France/35-200052/2020	EPI_ISL_9593285	EPI_ISL_9593285	EPI_ISL_9593285	EPI_ISL_9593285	EPI_ISL_9593285	EPI_ISL_9593285	EPI_ISL_9593285	EPI_ISL_9593285
A/swine/France/35-200251/2020	EPI_ISL_9593290	EPI_ISL_9593290	EPI_ISL_9593290	EPI_ISL_9593290	EPI_ISL_9593290	EPI_ISL_9593290	EPI_ISL_9593290	EPI_ISL_9593290
A/swine/France/35-200270/2020	EPI_ISL_9593291	EPI_ISL_9593291	EPI_ISL_9593291	EPI_ISL_9593291	EPI_ISL_9593291	EPI_ISL_9593291	EPI_ISL_9593291	EPI_ISL_9593291
A/swine/France/35-200206/2020	EPI_ISL_9593288	EPI_ISL_9593288	EPI_ISL_9593288	EPI_ISL_9593288	EPI_ISL_9593288	EPI_ISL_9593288	EPI_ISL_9593288	EPI_ISL_9593288
A/swine/Italy/53693/2020	EPI_ISL_14764467	EPI_ISL_14764467	EPI_ISL_14764467	EPI_ISL_14764467	EPI_ISL_14764467	EPI_ISL_14764467	EPI_ISL_14764467	EPI_ISL_14764467
A/swine/Italy/72901-1/2022	EPI_ISL_19644513	EPI_ISL_19644513	EPI_ISL_19644513	EPI_ISL_19644513	EPI_ISL_19644513	EPI_ISL_19644513	EPI_ISL_19644513	EPI_ISL_19644513
A/swine/France/44-200018/2020	EPI_ISL_9593301	EPI_ISL_9593301	EPI_ISL_9593301	EPI_ISL_9593301	EPI_ISL_9593301	EPI_ISL_9593301	EPI_ISL_9593301	EPI_ISL_9593301
A/swine/France/29-200254/2020	EPI_ISL_9593259	EPI_ISL_9593259	EPI_ISL_9593259	EPI_ISL_9593259	EPI_ISL_9593259	EPI_ISL_9593259	EPI_ISL_9593259	EPI_ISL_9593259
A/swine/Italy/331116/2021	EPI_ISL_19644432	EPI_ISL_19644432	EPI_ISL_19644432	EPI_ISL_19644432	EPI_ISL_19644432	EPI_ISL_19644432	EPI_ISL_19644432	EPI_ISL_19644432
A/swine/Pskov_Region/RII-14S/2022	EPI_ISL_13699565	EPI_ISL_13699565	EPI_ISL_13699565	EPI_ISL_13699565	EPI_ISL_13699565	EPI_ISL_13699565	EPI_ISL_13699565	EPI_ISL_13699565
A/swine/Italy/63033/2020	EPI_ISL_14764508	EPI_ISL_14764508	EPI_ISL_14764508	EPI_ISL_14764508	EPI_ISL_14764508	EPI_ISL_14764508	EPI_ISL_14764508	EPI_ISL_14764508
A/swine/Pskov_Region/RII-17S/2022	EPI_ISL_13699566	EPI_ISL_13699566	EPI_ISL_13699566	EPI_ISL_13699566	EPI_ISL_13699566	EPI_ISL_13699566	EPI_ISL_13699566	EPI_ISL_13699566
A/swine/France/35-200300/2020	EPI_ISL_9593298	EPI_ISL_9593298	EPI_ISL_9593298	EPI_ISL_9593298	EPI_ISL_9593298	EPI_ISL_9593298	EPI_ISL_9593298	EPI_ISL_9593298
A/swine/Italy/69709-2/2022	EPI_ISL_19644522	EPI_ISL_19644522	EPI_ISL_19644522	EPI_ISL_19644522	EPI_ISL_19644522	EPI_ISL_19644522	EPI_ISL_19644522	EPI_ISL_19644522
A/swine/France/35-200332/2020	EPI_ISL_9593299	EPI_ISL_9593299	EPI_ISL_9593299	EPI_ISL_9593299	EPI_ISL_9593299	EPI_ISL_9593299	EPI_ISL_9593299	EPI_ISL_9593299
A/swine/France/35-200298/2020	EPI_ISL_9593296	EPI_ISL_9593296	EPI_ISL_9593296	EPI_ISL_9593296	EPI_ISL_9593296	EPI_ISL_9593296	EPI_ISL_9593296	EPI_ISL_9593296
A/swine/England/100227/2021	EPI_ISL_20050034	EPI_ISL_20050034	EPI_ISL_20050034	EPI_ISL_20050034	EPI_ISL_20050034	EPI_ISL_20050034	EPI_ISL_20050034	EPI_ISL_20050034
A/swine/France/35-200299/2020	EPI_ISL_9593297	EPI_ISL_9593297	EPI_ISL_9593297	EPI_ISL_9593297	EPI_ISL_9593297	EPI_ISL_9593297	EPI_ISL_9593297	EPI_ISL_9593297
A/swine/Italy/47471/2020	EPI_ISL_14764453	EPI_ISL_14764453	EPI_ISL_14764453	EPI_ISL_14764453	EPI_ISL_14764453	EPI_ISL_14764453	EPI_ISL_14764453	EPI_ISL_14764453
A/swine/France/44-200095/2020	EPI_ISL_9593302	EPI_ISL_9593302	EPI_ISL_9593302	EPI_ISL_9593302	EPI_ISL_9593302	EPI_ISL_9593302	EPI_ISL_9593302	EPI_ISL_9593302
A/swine/France/22-200215/2020	EPI_ISL_9591254	EPI_ISL_9591254	EPI_ISL_9591254	EPI_ISL_9591254	EPI_ISL_9591254	EPI_ISL_9591254	EPI_ISL_9591254	EPI_ISL_9591254
A/swine/France/44-200139/2020	EPI_ISL_9593303	EPI_ISL_9593303	EPI_ISL_9593303	EPI_ISL_9593303	EPI_ISL_9593303	EPI_ISL_9593303	EPI_ISL_9593303	EPI_ISL_9593303
A/swine/England/31766/2021	EPI_ISL_20050039	EPI_ISL_20050039	EPI_ISL_20050039	EPI_ISL_20050039	EPI_ISL_20050039	EPI_ISL_20050039	EPI_ISL_20050039	EPI_ISL_20050039
A/swine/England/31764/2021	EPI_ISL_20050038	EPI_ISL_20050038	EPI_ISL_20050038	EPI_ISL_20050038	EPI_ISL_20050038	EPI_ISL_20050038	EPI_ISL_20050038	EPI_ISL_20050038
A/swine/Pskov_Region/RII-WD2475S/2025	EPI_ISL_19812820	EPI_ISL_19812820	EPI_ISL_19812820	EPI_ISL_19812820	EPI_ISL_19812820	EPI_ISL_19812820	EPI_ISL_19812820	EPI_ISL_19812820
A/swine/Spain/102/2018	EPI_ISL_499148	EPI_ISL_499148	EPI_ISL_499148	EPI_ISL_499148	EPI_ISL_499148	EPI_ISL_499148	EPI_ISL_499148	EPI_ISL_499148
A/swine/Pskov_Region/RII-WD2537S/2025	EPI_ISL_19812823	EPI_ISL_19812823	EPI_ISL_19812823	EPI_ISL_19812823	EPI_ISL_19812823	EPI_ISL_19812823	EPI_ISL_19812823	EPI_ISL_19812823
A/swine/France/22-200193/2020	EPI_ISL_9590911	EPI_ISL_9590911	EPI_ISL_9590911	EPI_ISL_9590911	EPI_ISL_9590911	EPI_ISL_9590911	EPI_ISL_9590911	EPI_ISL_9590911
A/swine/France/22-200207/2020	EPI_ISL_9590951	EPI_ISL_9590951	EPI_ISL_9590951	EPI_ISL_9590951	EPI_ISL_9590951	EPI_ISL_9590951	EPI_ISL_9590951	EPI_ISL_9590951
A/swine/England/045393-A1S1P4/2022	EPI_ISL_19880217	EPI_ISL_19880217	EPI_ISL_19880217	EPI_ISL_19880217	EPI_ISL_19880217	EPI_ISL_19880217	EPI_ISL_19880217	EPI_ISL_19880217
A/swine/Italy/299245-05/2023	EPI_ISL_19187986	EPI_ISL_19187986	EPI_ISL_19187986	EPI_ISL_19187986	EPI_ISL_19187986	EPI_ISL_19187986	EPI_ISL_19187986	EPI_ISL_19187986
A/swine/Northern_Ireland/2019-02/2021	EPI_ISL_18221344	EPI_ISL_18221344	EPI_ISL_18221344	EPI_ISL_18221344	EPI_ISL_18221344	EPI_ISL_18221344	EPI_ISL_18221344	EPI_ISL_18221344
A/swine/Italy/IZSLER-6097-20/2024	EPI_ISL_19187987	EPI_ISL_19187987	EPI_ISL_19187987	EPI_ISL_19187987	EPI_ISL_19187987	EPI_ISL_19187987	EPI_ISL_19187987	EPI_ISL_19187987
A/swine/Northern_Ireland/2026-01/2021	EPI_ISL_18221345	EPI_ISL_18221345	EPI_ISL_18221345	EPI_ISL_18221345	EPI_ISL_18221345	EPI_ISL_18221345	EPI_ISL_18221345	EPI_ISL_18221345
A/swine/Northern_Ireland/2030-13/2021	EPI_ISL_18221358	EPI_ISL_18221358	EPI_ISL_18221358	EPI_ISL_18221358	EPI_ISL_18221358	EPI_ISL_18221358	EPI_ISL_18221358	EPI_ISL_18221358
A/swine/Northern_Ireland/2033-01/2022	EPI_ISL_18221360	EPI_ISL_18221359	EPI_ISL_18221359	EPI_ISL_18221359	EPI_ISL_18221360	EPI_ISL_18221360	EPI_ISL_18221359	EPI_ISL_18221360
A/swine/Italy/120718/2020	EPI_ISL_14764248	EPI_ISL_14764248	EPI_ISL_14764248	EPI_ISL_14764248	EPI_ISL_14764248	EPI_ISL_14764248	EPI_ISL_14764248	EPI_ISL_14764248
A/swine/Northern_Ireland/2030-04/2021	EPI_ISL_18221356	EPI_ISL_18221356	EPI_ISL_18221356	EPI_ISL_18221356	EPI_ISL_18221356	EPI_ISL_18221356	EPI_ISL_18221356	EPI_ISL_18221356
A/swine/Northern_Ireland/2026-02/2021	EPI_ISL_18221347	EPI_ISL_18221347	EPI_ISL_18221347	EPI_ISL_18221347	EPI_ISL_18221347	EPI_ISL_18221347	EPI_ISL_18221347	EPI_ISL_18221347
A/swine/Northern_Ireland/2030-11/2021	EPI_ISL_18221357	EPI_ISL_18221357	EPI_ISL_18221357	EPI_ISL_18221357	EPI_ISL_18221357	EPI_ISL_18221357	EPI_ISL_18221357	EPI_ISL_18221357
A/swine/Northern_Ireland/2030-02/2021	EPI_ISL_18221355	EPI_ISL_18221355	EPI_ISL_18221355	EPI_ISL_18221355	EPI_ISL_18221355	EPI_ISL_18221355	EPI_ISL_18221355	EPI_ISL_18221355
A/swine/Switzerland/A0001/2023	EPI_ISL_19132700	EPI_ISL_19132700	EPI_ISL_19132700	EPI_ISL_19132700	EPI_ISL_19132700	EPI_ISL_19132700	EPI_ISL_19132700	EPI_ISL_19132700
A/sw/Sachsen-Anhalt/3/2021		EPI_ISL_12589311	EPI_ISL_12589311	EPI_ISL_12589311			EPI_ISL_12589311	
A/swine/Italy/20-17132-10/2020	EPI_ISL_4083713	EPI_ISL_4083713	EPI_ISL_4083713	EPI_ISL_4083713	EPI_ISL_4083713	EPI_ISL_4083713	EPI_ISL_4083713	EPI_ISL_4083713
A/swine/Northern_Ireland/2100-02/2022	EPI_ISL_18221394	EPI_ISL_18221394	EPI_ISL_18221394	EPI_ISL_18221394	EPI_ISL_18221394	EPI_ISL_18221394	EPI_ISL_18221394	EPI_ISL_18221394
A/swine/Northern_Ireland/2100-04/2022	EPI_ISL_18221395	EPI_ISL_18221395	EPI_ISL_18221395	EPI_ISL_18221395	EPI_ISL_18221395	EPI_ISL_18221395	EPI_ISL_18221395	EPI_ISL_18221395
A/swine/Northern_Ireland/2099-05/2022	EPI_ISL_18221392	EPI_ISL_18221392	EPI_ISL_18221392	EPI_ISL_18221392	EPI_ISL_18221392	EPI_ISL_18221392	EPI_ISL_18221392	EPI_ISL_18221392
A/swine/Northern_Ireland/2100-01/2022	EPI_ISL_18221393	EPI_ISL_18221393	EPI_ISL_18221393	EPI_ISL_18221393	EPI_ISL_18221393	EPI_ISL_18221393	EPI_ISL_18221393	EPI_ISL_18221393
A/Swine/Netherlands/GD24-068/2024	EPI_ISL_19706212	EPI_ISL_19706212	EPI_ISL_19706212	EPI_ISL_19706212	EPI_ISL_19706212	EPI_ISL_19706212	EPI_ISL_19706212	EPI_ISL_19706212
A/swine/Germany/2023AI01926/2023	EPI_ISL_18979179	EPI_ISL_18979179	EPI_ISL_18979179	EPI_ISL_18979179	EPI_ISL_18979179	EPI_ISL_18979179	EPI_ISL_18979179	EPI_ISL_18979179
A/swine/Northern_Ireland/2030-01/2021	EPI_ISL_18221354	EPI_ISL_18221354	EPI_ISL_18221354	EPI_ISL_18221354	EPI_ISL_18221354	EPI_ISL_18221354	EPI_ISL_18221354	EPI_ISL_18221354
A/Swine/Netherlands/GD23-025/2023	EPI_ISL_19706208	EPI_ISL_19706208	EPI_ISL_19706208	EPI_ISL_19706208	EPI_ISL_19706208	EPI_ISL_19706208	EPI_ISL_19706208	EPI_ISL_19706208
A/swine/Italy/296238-04/2023	EPI_ISL_19187985	EPI_ISL_19187985	EPI_ISL_19187985	EPI_ISL_19187985	EPI_ISL_19187985	EPI_ISL_19187985	EPI_ISL_19187985	EPI_ISL_19187985
A/swine/Italy/213602-02/2023	EPI_ISL_19187984	EPI_ISL_19187984	EPI_ISL_19187984	EPI_ISL_19187984	EPI_ISL_19187984	EPI_ISL_19187984	EPI_ISL_19187984	EPI_ISL_19187984
A/swine/Northern_Ireland/2041-01/2022	EPI_ISL_18221365	EPI_ISL_18221365	EPI_ISL_18221365	EPI_ISL_18221365	EPI_ISL_18221365	EPI_ISL_18221365	EPI_ISL_18221365	EPI_ISL_18221365
A/swine/Northern_Ireland/2033-05/2022	EPI_ISL_18221362	EPI_ISL_18221362	EPI_ISL_18221362	EPI_ISL_18221362	EPI_ISL_18221362	EPI_ISL_18221362	EPI_ISL_18221362	EPI_ISL_18221362
A/swine/Northern_Ireland/2033-07/2022	EPI_ISL_18221363	EPI_ISL_18221363	EPI_ISL_18221363	EPI_ISL_18221363	EPI_ISL_18221363	EPI_ISL_18221363	EPI_ISL_18221363	EPI_ISL_18221363
A/swine/Northern_Ireland/2033-04/2022	EPI_ISL_18221361	EPI_ISL_18221361	EPI_ISL_18221361	EPI_ISL_18221361	EPI_ISL_18221361	EPI_ISL_18221361	EPI_ISL_18221361	EPI_ISL_18221361
A/swine/Northern_Ireland/2072-01/2022	EPI_ISL_18221374	EPI_ISL_18221374	EPI_ISL_18221374	EPI_ISL_18221374	EPI_ISL_18221374	EPI_ISL_18221374	EPI_ISL_18221374	EPI_ISL_18221374
A/swine/Northern_Ireland/2072-02/2022	EPI_ISL_18221375	EPI_ISL_18221375	EPI_ISL_18221375	EPI_ISL_18221375	EPI_ISL_18221375	EPI_ISL_18221375	EPI_ISL_18221375	EPI_ISL_18221375
A/swine/Northern_Ireland/2042-05/2022	EPI_ISL_18221372	EPI_ISL_18221372	EPI_ISL_18221372	EPI_ISL_18221372	EPI_ISL_18221372	EPI_ISL_18221372	EPI_ISL_18221372	EPI_ISL_18221372
A/swine/Northern_Ireland/2042-34/2022	EPI_ISL_18221373	EPI_ISL_18221373	EPI_ISL_18221373	EPI_ISL_18221373	EPI_ISL_18221373	EPI_ISL_18221373	EPI_ISL_18221373	EPI_ISL_18221373
A/swine/Italy/119396/2020	EPI_ISL_14764234	EPI_ISL_14764234	EPI_ISL_14764234	EPI_ISL_14764234	EPI_ISL_14764234	EPI_ISL_14764234	EPI_ISL_14764234	EPI_ISL_14764234
A/swine/Italy/20-5703-2/2020	EPI_ISL_4083722	EPI_ISL_4083722	EPI_ISL_4083722	EPI_ISL_4083722	EPI_ISL_4083722	EPI_ISL_4083722	EPI_ISL_4083722	EPI_ISL_4083722
A/swine/Northern_Ireland/2042-01/2022	EPI_ISL_18221370	EPI_ISL_18221370	EPI_ISL_18221370	EPI_ISL_18221370	EPI_ISL_18221370	EPI_ISL_18221370	EPI_ISL_18221370	EPI_ISL_18221370
A/swine/Northern_Ireland/2042-04/2022	EPI_ISL_18221371	EPI_ISL_18221371	EPI_ISL_18221371	EPI_ISL_18221371	EPI_ISL_18221371	EPI_ISL_18221371	EPI_ISL_18221371	EPI_ISL_18221371
A/swine/Northern_Ireland/2041-04/2022	EPI_ISL_18221368	EPI_ISL_18221368	EPI_ISL_18221368	EPI_ISL_18221368	EPI_ISL_18221368	EPI_ISL_18221368	EPI_ISL_18221368	EPI_ISL_18221368
A/swine/Italy/20-30224_4/2020	EPI_ISL_4083728	EPI_ISL_4083728	EPI_ISL_4083728	EPI_ISL_4083728	EPI_ISL_4083728	EPI_ISL_4083728	EPI_ISL_4083728	EPI_ISL_4083728
A/swine/Northern_Ireland/2041-05/2022	EPI_ISL_18221369	EPI_ISL_18221369	EPI_ISL_18221369	EPI_ISL_18221369	EPI_ISL_18221369	EPI_ISL_18221369	EPI_ISL_18221369	EPI_ISL_18221369
A/swine/Italy/20-5707-1/2020	EPI_ISL_4083729	EPI_ISL_4083729	EPI_ISL_4083729	EPI_ISL_4083729	EPI_ISL_4083729	EPI_ISL_4083729	EPI_ISL_4083729	EPI_ISL_4083729
A/swine/Northern_Ireland/2026-05/2021	EPI_ISL_18221349	EPI_ISL_18221350	EPI_ISL_18221350	EPI_ISL_18221350	EPI_ISL_18221349	EPI_ISL_18221349	EPI_ISL_18221350	EPI_ISL_18221349
A/swine/Northern_Ireland/2029-04/2021	EPI_ISL_18221351	EPI_ISL_18221351	EPI_ISL_18221351	EPI_ISL_18221351	EPI_ISL_18221351	EPI_ISL_18221351	EPI_ISL_18221351	EPI_ISL_18221351
A/swine/Italy/20-18057-6/2020	EPI_ISL_4083727	EPI_ISL_4083727	EPI_ISL_4083727	EPI_ISL_4083727	EPI_ISL_4083727	EPI_ISL_4083727	EPI_ISL_4083727	EPI_ISL_4083727
A/swine/Northern_Ireland/2026-03/2021	EPI_ISL_18221348	EPI_ISL_18221348	EPI_ISL_18221348	EPI_ISL_18221348	EPI_ISL_18221348	EPI_ISL_18221348	EPI_ISL_18221348	EPI_ISL_18221348
A/swine/Italy/20-5709-1/2020	EPI_ISL_4083730	EPI_ISL_4083730	EPI_ISL_4083730	EPI_ISL_4083730	EPI_ISL_4083730	EPI_ISL_4083730	EPI_ISL_4083730	EPI_ISL_4083730
A/Swine/Netherlands/GD24-009/2024	EPI_ISL_19706209	EPI_ISL_19706209	EPI_ISL_19706209	EPI_ISL_19706209	EPI_ISL_19706209	EPI_ISL_19706209	EPI_ISL_19706209	EPI_ISL_19706209
A/Swine/Netherlands/GD24-065/2024	EPI_ISL_19706210	EPI_ISL_19706210	EPI_ISL_19706210	EPI_ISL_19706210	EPI_ISL_19706210	EPI_ISL_19706210	EPI_ISL_19706210	EPI_ISL_19706210
A/Swine/Netherlands/GD24-067/2024	EPI_ISL_19706211	EPI_ISL_19706211	EPI_ISL_19706211	EPI_ISL_19706211	EPI_ISL_19706211	EPI_ISL_19706211	EPI_ISL_19706211	EPI_ISL_19706211
A/swine/France/22-200176/2020	EPI_ISL_9590836	EPI_ISL_9590836	EPI_ISL_9590836	EPI_ISL_9590836	EPI_ISL_9590836	EPI_ISL_9590836	EPI_ISL_9590836	EPI_ISL_9590836
A/swine/France/22-200177/2020	EPI_ISL_9590846	EPI_ISL_9590846	EPI_ISL_9590846	EPI_ISL_9590846	EPI_ISL_9590846	EPI_ISL_9590846	EPI_ISL_9590846	EPI_ISL_9590846
A/Swine/AT_Steyr/17355/2022		EPI_ISL_19141014	EPI_ISL_19141014	EPI_ISL_19141014			EPI_ISL_19141014	
A/Swine/Netherlands/4322/2020	EPI_ISL_18885013	EPI_ISL_18885013	EPI_ISL_18885013	EPI_ISL_18885013	EPI_ISL_18885013	EPI_ISL_18885013	EPI_ISL_18885013	EPI_ISL_18885013
A/Swine/AT_Klagenfurtland/16485/2020	EPI_ISL_19141023	EPI_ISL_19141023	EPI_ISL_19141023	EPI_ISL_19141023	EPI_ISL_19141023	EPI_ISL_19141023	EPI_ISL_19141023	EPI_ISL_19141023
A/swine/Nordrhein-Westfalen/113/2024	EPI_ISL_19636706	EPI_ISL_19636706	EPI_ISL_19636706	EPI_ISL_19636706	EPI_ISL_19636706		EPI_ISL_19636706	EPI_ISL_19636706
A/swine/Nordrhein-Westfalen/112/2024		EPI_ISL_19636705	EPI_ISL_19636705	EPI_ISL_19636705			EPI_ISL_19636705	
A/swine/Nordrhein-Westfalen/111/2024	EPI_ISL_19636704	EPI_ISL_19636704	EPI_ISL_19636704	EPI_ISL_19636704	EPI_ISL_19636704	EPI_ISL_19636704	EPI_ISL_19636704	EPI_ISL_19636704
A/swine/Denmark/LF22-7167-3/2022	EPI_ISL_19751421	EPI_ISL_19751421	EPI_ISL_19751421	EPI_ISL_19751421	EPI_ISL_19751421	EPI_ISL_19751421	EPI_ISL_19751421	EPI_ISL_19751421
A/Swine/AT_Tulln/936/2020	EPI_ISL_19141049	EPI_ISL_19141049	EPI_ISL_19141049	EPI_ISL_19141049	EPI_ISL_19141049	EPI_ISL_19141049	EPI_ISL_19141049	EPI_ISL_19141049
A/swine/Denmark/LF22-7158-1/2022	EPI_ISL_19751420	EPI_ISL_19751420	EPI_ISL_19751420	EPI_ISL_19751420	EPI_ISL_19751420	EPI_ISL_19751420	EPI_ISL_19751420	EPI_ISL_19751420
A/swine/Denmark/LF22-7300-3/2022	EPI_ISL_19751422	EPI_ISL_19751422	EPI_ISL_19751422	EPI_ISL_19751422	EPI_ISL_19751422	EPI_ISL_19751422	EPI_ISL_19751422	EPI_ISL_19751422
A/swine/Denmark/LF22-6877-4/2022	EPI_ISL_19751417	EPI_ISL_19751417	EPI_ISL_19751417	EPI_ISL_19751417	EPI_ISL_19751417	EPI_ISL_19751417	EPI_ISL_19751417	EPI_ISL_19751417
A/swine/Denmark/LF22-6715-1/2022	EPI_ISL_19751416	EPI_ISL_19751416	EPI_ISL_19751416	EPI_ISL_19751416	EPI_ISL_19751416	EPI_ISL_19751416	EPI_ISL_19751416	EPI_ISL_19751416
A/swine/Denmark/LF22-6923-1-7/2022	EPI_ISL_19751419	EPI_ISL_19751419	EPI_ISL_19751419	EPI_ISL_19751419	EPI_ISL_19751419	EPI_ISL_19751419	EPI_ISL_19751419	EPI_ISL_19751419
A/swine/Denmark/LF22-6907-1/2022	EPI_ISL_19751418	EPI_ISL_19751418	EPI_ISL_19751418	EPI_ISL_19751418	EPI_ISL_19751418	EPI_ISL_19751418	EPI_ISL_19751418	EPI_ISL_19751418
A/swine/Denmark/LF22-6659-2/2022	EPI_ISL_19751415	EPI_ISL_19751415	EPI_ISL_19751415	EPI_ISL_19751415	EPI_ISL_19751415	EPI_ISL_19751415	EPI_ISL_19751415	EPI_ISL_19751415
A/Swine/Netherlands/GDE001/2025		EPI_ISL_20060626	EPI_ISL_20060626	EPI_ISL_20060626			EPI_ISL_20060626	
A/Swine/Netherlands/GDE008/2025	EPI_ISL_20060629	EPI_ISL_20060629	EPI_ISL_20060629	EPI_ISL_20060629	EPI_ISL_20060629	EPI_ISL_20060629	EPI_ISL_20060629	EPI_ISL_20060629
A/swine/England/PO35825-6/2023	EPI_ISL_19694016	EPI_ISL_19694016	EPI_ISL_19694016	EPI_ISL_19694016	EPI_ISL_19694016	EPI_ISL_19694016	EPI_ISL_19694016	EPI_ISL_19694016
A/swine/Denmark/LF22-7302-1/2022	EPI_ISL_19751423	EPI_ISL_19751423	EPI_ISL_19751423	EPI_ISL_19751423	EPI_ISL_19751423	EPI_ISL_19751423	EPI_ISL_19751423	EPI_ISL_19751423
A/swine/France/22-200173/2020	EPI_ISL_9590798	EPI_ISL_9590798	EPI_ISL_9590798	EPI_ISL_9590798	EPI_ISL_9590798	EPI_ISL_9590798	EPI_ISL_9590798	EPI_ISL_9590798
A/Swine/AT_Leibnitz/114504/2022	EPI_ISL_19141046	EPI_ISL_19141046	EPI_ISL_19141046	EPI_ISL_19141046	EPI_ISL_19141046	EPI_ISL_19141046	EPI_ISL_19141046	EPI_ISL_19141046
A/Swine/AT_Schaerding/26531/2020	EPI_ISL_19141045	EPI_ISL_19141045	EPI_ISL_19141045	EPI_ISL_19141045	EPI_ISL_19141045	EPI_ISL_19141045	EPI_ISL_19141045	EPI_ISL_19141045
A/swine/Northern_Ireland/2072-10/2022	EPI_ISL_18221382	EPI_ISL_18221382	EPI_ISL_18221382	EPI_ISL_18221382	EPI_ISL_18221382	EPI_ISL_18221382	EPI_ISL_18221382	EPI_ISL_18221382
A/swine/Northern_Ireland/2073-02/2022	EPI_ISL_18221383	EPI_ISL_18221383	EPI_ISL_18221383	EPI_ISL_18221383	EPI_ISL_18221383	EPI_ISL_18221383	EPI_ISL_18221383	EPI_ISL_18221383
A/swine/Northern_Ireland/2072-08/2022	EPI_ISL_18221380	EPI_ISL_18221380	EPI_ISL_18221380	EPI_ISL_18221380	EPI_ISL_18221380	EPI_ISL_18221380	EPI_ISL_18221380	EPI_ISL_18221380
A/swine/Northern_Ireland/2072-09/2022	EPI_ISL_18221381	EPI_ISL_18221381	EPI_ISL_18221381	EPI_ISL_18221381	EPI_ISL_18221381	EPI_ISL_18221381	EPI_ISL_18221381	EPI_ISL_18221381
A/swine/Northern_Ireland/2072-06/2022	EPI_ISL_18221378	EPI_ISL_18221378	EPI_ISL_18221378	EPI_ISL_18221378	EPI_ISL_18221378	EPI_ISL_18221378	EPI_ISL_18221378	EPI_ISL_18221378
A/swine/Germany/2023AI03178/2023	EPI_ISL_18979188	EPI_ISL_18979188	EPI_ISL_18979188	EPI_ISL_18979188	EPI_ISL_18979188	EPI_ISL_18979188	EPI_ISL_18979188	EPI_ISL_18979188
A/swine/Northern_Ireland/2072-07/2022	EPI_ISL_18221379	EPI_ISL_18221379	EPI_ISL_18221379	EPI_ISL_18221379	EPI_ISL_18221379	EPI_ISL_18221379	EPI_ISL_18221379	EPI_ISL_18221379
A/swine/Northern_Ireland/2072-04/2022	EPI_ISL_18221376	EPI_ISL_18221376	EPI_ISL_18221376	EPI_ISL_18221376	EPI_ISL_18221376	EPI_ISL_18221376	EPI_ISL_18221376	EPI_ISL_18221376
A/swine/Northern_Ireland/2072-05/2022	EPI_ISL_18221377	EPI_ISL_18221377	EPI_ISL_18221377	EPI_ISL_18221377	EPI_ISL_18221377	EPI_ISL_18221377	EPI_ISL_18221377	EPI_ISL_18221377
A/swine/Northern_Ireland/2099-03/2022	EPI_ISL_18221390	EPI_ISL_18221390	EPI_ISL_18221390	EPI_ISL_18221390	EPI_ISL_18221390	EPI_ISL_18221390	EPI_ISL_18221390	EPI_ISL_18221390
A/swine/Northern_Ireland/2099-04/2022	EPI_ISL_18221391	EPI_ISL_18221391	EPI_ISL_18221391	EPI_ISL_18221391	EPI_ISL_18221391	EPI_ISL_18221391	EPI_ISL_18221391	EPI_ISL_18221391
A/swine/Northern_Ireland/2099-01/2022	EPI_ISL_18221388	EPI_ISL_18221388	EPI_ISL_18221388	EPI_ISL_18221388	EPI_ISL_18221388	EPI_ISL_18221388	EPI_ISL_18221388	EPI_ISL_18221388
A/swine/Northern_Ireland/2099-02/2022	EPI_ISL_18221389	EPI_ISL_18221389	EPI_ISL_18221389	EPI_ISL_18221389	EPI_ISL_18221389	EPI_ISL_18221389	EPI_ISL_18221389	EPI_ISL_18221389
A/swine/Northern_Ireland/2073-05/2022	EPI_ISL_18221386	EPI_ISL_18221386	EPI_ISL_18221386	EPI_ISL_18221386	EPI_ISL_18221386	EPI_ISL_18221386	EPI_ISL_18221386	EPI_ISL_18221386
A/swine/Northern_Ireland/2073-03/2022	EPI_ISL_18221384	EPI_ISL_18221384	EPI_ISL_18221384	EPI_ISL_18221384	EPI_ISL_18221384	EPI_ISL_18221384	EPI_ISL_18221384	EPI_ISL_18221384
A/swine/Northern_Ireland/2073-04/2022	EPI_ISL_18221385	EPI_ISL_18221385	EPI_ISL_18221385	EPI_ISL_18221385	EPI_ISL_18221385	EPI_ISL_18221385	EPI_ISL_18221385	EPI_ISL_18221385
A/swine/Switzerland/A0003/2023	EPI_ISL_19132751	EPI_ISL_19132751	EPI_ISL_19132751	EPI_ISL_19132751	EPI_ISL_19132751	EPI_ISL_19132751	EPI_ISL_19132751	EPI_ISL_19132751
A/Swine/Netherlands/GD23-001/2023	EPI_ISL_19706204	EPI_ISL_19706204	EPI_ISL_19706204	EPI_ISL_19706204	EPI_ISL_19706204	EPI_ISL_19706204	EPI_ISL_19706204	EPI_ISL_19706204
A/Swine/Netherlands/GD23-003/2023	EPI_ISL_19706205	EPI_ISL_19706205	EPI_ISL_19706205	EPI_ISL_19706205	EPI_ISL_19706205	EPI_ISL_19706205	EPI_ISL_19706205	EPI_ISL_19706205
A/Swine/Netherlands/GD23-017/2023	EPI_ISL_19706206	EPI_ISL_19706206	EPI_ISL_19706206	EPI_ISL_19706206	EPI_ISL_19706206	EPI_ISL_19706206	EPI_ISL_19706206	EPI_ISL_19706206
A/Swine/Netherlands/GD23-018/2023	EPI_ISL_19706207	EPI_ISL_19706207	EPI_ISL_19706207	EPI_ISL_19706207	EPI_ISL_19706207	EPI_ISL_19706207	EPI_ISL_19706207	EPI_ISL_19706207
A/swine/France/22-200210/2020	EPI_ISL_9591018	EPI_ISL_9591018	EPI_ISL_9591018	EPI_ISL_9591018	EPI_ISL_9591018	EPI_ISL_9591018	EPI_ISL_9591018	EPI_ISL_9591018
A/swine/Czech_Republic/17671/2023	EPI_ISL_18604439	EPI_ISL_18604439	EPI_ISL_18604439	EPI_ISL_18604439	EPI_ISL_18604439	EPI_ISL_18604439	EPI_ISL_18604439	EPI_ISL_18604439
A/swine/Pskov_Region/RII-WD2507S/2025	EPI_ISL_19812822	EPI_ISL_19812822	EPI_ISL_19812822	EPI_ISL_19812822	EPI_ISL_19812822	EPI_ISL_19812822	EPI_ISL_19812822	EPI_ISL_19812822
A/swine/France/35-200238/2020	EPI_ISL_9593289	EPI_ISL_9593289	EPI_ISL_9593289	EPI_ISL_9593289	EPI_ISL_9593289	EPI_ISL_9593289	EPI_ISL_9593289	EPI_ISL_9593289
A/swine/Spain/127/2018	EPI_ISL_499151	EPI_ISL_499151	EPI_ISL_499151	EPI_ISL_499151	EPI_ISL_499151	EPI_ISL_499151	EPI_ISL_499151	EPI_ISL_499151
A/swine/Spain/29262/2012	EPI_ISL_195113	EPI_ISL_195113	EPI_ISL_195113	EPI_ISL_195113	EPI_ISL_195113	EPI_ISL_195113	EPI_ISL_195113	EPI_ISL_195113
A/swine/England/00034/2005	EPI_ISL_195118	EPI_ISL_195118	EPI_ISL_195118	EPI_ISL_195118	EPI_ISL_195118	EPI_ISL_195118	EPI_ISL_195118	EPI_ISL_195118
A/swine/England/267/2007	EPI_ISL_195119	EPI_ISL_195119	EPI_ISL_195119	EPI_ISL_195119	EPI_ISL_195119	EPI_ISL_195119	EPI_ISL_195119	EPI_ISL_195119
A/swine/England/33766/2003	EPI_ISL_195116	EPI_ISL_195116	EPI_ISL_195116	EPI_ISL_195116	EPI_ISL_195116	EPI_ISL_195116	EPI_ISL_195116	EPI_ISL_195116
A/swine/England/1437/2004	EPI_ISL_195117	EPI_ISL_195117	EPI_ISL_195117	EPI_ISL_195117	EPI_ISL_195117	EPI_ISL_195117	EPI_ISL_195117	EPI_ISL_195117
A/swine/England/101878/2010	EPI_ISL_195122	EPI_ISL_195122	EPI_ISL_195122	EPI_ISL_195122	EPI_ISL_195122	EPI_ISL_195122	EPI_ISL_195122	EPI_ISL_195122
A/swine/England/142162/2010	EPI_ISL_195123	EPI_ISL_195123	EPI_ISL_195123	EPI_ISL_195123	EPI_ISL_195123	EPI_ISL_195123	EPI_ISL_195123	EPI_ISL_195123
A/swine/England/000304/2009	EPI_ISL_195120	EPI_ISL_195120	EPI_ISL_195120	EPI_ISL_195120	EPI_ISL_195120	EPI_ISL_195120	EPI_ISL_195120	EPI_ISL_195120
A/swine/England/90276/2011	EPI_ISL_195126	EPI_ISL_195126	EPI_ISL_195126	EPI_ISL_195126	EPI_ISL_195126	EPI_ISL_195126	EPI_ISL_195126	EPI_ISL_195126
A/swine/England/11449/2011	EPI_ISL_195127	EPI_ISL_195127	EPI_ISL_195127	EPI_ISL_195127	EPI_ISL_195127	EPI_ISL_195127	EPI_ISL_195127	EPI_ISL_195127
A/swine/England/1251/2011	EPI_ISL_195124	EPI_ISL_195124	EPI_ISL_195124	EPI_ISL_195124	EPI_ISL_195124	EPI_ISL_195124	EPI_ISL_195124	EPI_ISL_195124
A/swine/Scotland/034632/2012	EPI_ISL_195130	EPI_ISL_195130	EPI_ISL_195130	EPI_ISL_195130	EPI_ISL_195130	EPI_ISL_195130	EPI_ISL_195130	EPI_ISL_195130
A/swine/England/6183/2012	EPI_ISL_195131	EPI_ISL_195131	EPI_ISL_195131	EPI_ISL_195131	EPI_ISL_195131	EPI_ISL_195131	EPI_ISL_195131	EPI_ISL_195131
A/swine/England/112340/2011	EPI_ISL_195128	EPI_ISL_195128	EPI_ISL_195128	EPI_ISL_195128	EPI_ISL_195128	EPI_ISL_195128	EPI_ISL_195128	EPI_ISL_195128
A/swine/Scotland/24678/2011	EPI_ISL_195129	EPI_ISL_195129	EPI_ISL_195129	EPI_ISL_195129	EPI_ISL_195129	EPI_ISL_195129	EPI_ISL_195129	EPI_ISL_195129
A/swine/Denmark/10-1310-1/2011	EPI_ISL_195134	EPI_ISL_195134	EPI_ISL_195134	EPI_ISL_195134	EPI_ISL_195134	EPI_ISL_195134	EPI_ISL_195134	EPI_ISL_195134
A/swine/England/024924/2012	EPI_ISL_195135	EPI_ISL_195135	EPI_ISL_195135	EPI_ISL_195135	EPI_ISL_195135	EPI_ISL_195135	EPI_ISL_195135	EPI_ISL_195135
A/swine/England/7800/2012	EPI_ISL_195132	EPI_ISL_195132	EPI_ISL_195132	EPI_ISL_195132	EPI_ISL_195132	EPI_ISL_195132	EPI_ISL_195132	EPI_ISL_195132
A/swine/England/30148/2012	EPI_ISL_195133	EPI_ISL_195133	EPI_ISL_195133	EPI_ISL_195133	EPI_ISL_195133	EPI_ISL_195133	EPI_ISL_195133	EPI_ISL_195133
A/swine/England/61470/2013	EPI_ISL_195138	EPI_ISL_195138	EPI_ISL_195138	EPI_ISL_195138	EPI_ISL_195138	EPI_ISL_195138	EPI_ISL_195138	EPI_ISL_195138
A/swine/England/61025/2013	EPI_ISL_195139	EPI_ISL_195139	EPI_ISL_195139	EPI_ISL_195139	EPI_ISL_195139	EPI_ISL_195139	EPI_ISL_195139	EPI_ISL_195139
A/swine/England/1380/2011	EPI_ISL_195125	EPI_ISL_195125	EPI_ISL_195125	EPI_ISL_195125	EPI_ISL_195125	EPI_ISL_195125	EPI_ISL_195125	EPI_ISL_195125
A/swine/England/041406/2013	EPI_ISL_195136	EPI_ISL_195136	EPI_ISL_195136	EPI_ISL_195136	EPI_ISL_195136	EPI_ISL_195136	EPI_ISL_195136	EPI_ISL_195136
A/swine/Italy/29313/2006	EPI_ISL_129579	EPI_ISL_129579	EPI_ISL_129579	EPI_ISL_129579	EPI_ISL_129579	EPI_ISL_129579	EPI_ISL_129579	EPI_ISL_129579
A/swine/Italy/303612/2011	EPI_ISL_195109	EPI_ISL_195109	EPI_ISL_195109	EPI_ISL_195109	EPI_ISL_195109	EPI_ISL_195109	EPI_ISL_195109	EPI_ISL_195109
A/swine/England/041118/2013	EPI_ISL_195091	EPI_ISL_195091	EPI_ISL_195091	EPI_ISL_195091	EPI_ISL_195091	EPI_ISL_195091	EPI_ISL_195091	EPI_ISL_195091
A/swine/Germany/Ellerbrock-IDT14696/2012	EPI_ISL_195088	EPI_ISL_195088	EPI_ISL_195088	EPI_ISL_195088	EPI_ISL_195088	EPI_ISL_195088	EPI_ISL_195088	EPI_ISL_195088
A/swine/Finland/si4168/2010	EPI_ISL_195089	EPI_ISL_195089	EPI_ISL_195089	EPI_ISL_195089	EPI_ISL_195089	EPI_ISL_195089	EPI_ISL_195089	EPI_ISL_195089
A/swine/England/9953/2012	EPI_ISL_195094	EPI_ISL_195094	EPI_ISL_195094	EPI_ISL_195094	EPI_ISL_195094	EPI_ISL_195094	EPI_ISL_195094	EPI_ISL_195094
A/swine/England/015904/2012	EPI_ISL_195095	EPI_ISL_195095	EPI_ISL_195095	EPI_ISL_195095	EPI_ISL_195095	EPI_ISL_195095	EPI_ISL_195095	EPI_ISL_195095
A/swine/England/045033/2013	EPI_ISL_195092	EPI_ISL_195092	EPI_ISL_195092	EPI_ISL_195092	EPI_ISL_195092	EPI_ISL_195092	EPI_ISL_195092	EPI_ISL_195092
A/swine/England/041313/2013	EPI_ISL_195093	EPI_ISL_195093	EPI_ISL_195093	EPI_ISL_195093	EPI_ISL_195093	EPI_ISL_195093	EPI_ISL_195093	EPI_ISL_195093
A/swine/Gent/100/2007		EPI_ISL_129558	EPI_ISL_129558	EPI_ISL_129558			EPI_ISL_129558	
A/swine/Italy/55228/2012	EPI_ISL_195099	EPI_ISL_195099	EPI_ISL_195099	EPI_ISL_195099	EPI_ISL_195099	EPI_ISL_195099	EPI_ISL_195099	EPI_ISL_195099
A/swine/Poland/16315/2011	EPI_ISL_195112	EPI_ISL_195112	EPI_ISL_195112	EPI_ISL_195112	EPI_ISL_195112	EPI_ISL_195112	EPI_ISL_195112	EPI_ISL_195112
A/swine/England/7856/2012	EPI_ISL_195097	EPI_ISL_195097	EPI_ISL_195097	EPI_ISL_195097	EPI_ISL_195097	EPI_ISL_195097	EPI_ISL_195097	EPI_ISL_195097
A/swine/Netherlands/Asten-263/2011	EPI_ISL_195103	EPI_ISL_195103	EPI_ISL_195103	EPI_ISL_195103	EPI_ISL_195103	EPI_ISL_195103	EPI_ISL_195103	EPI_ISL_195103
A/swine/Denmark/10345-1/2012	EPI_ISL_195100	EPI_ISL_195100	EPI_ISL_195100	EPI_ISL_195100	EPI_ISL_195100	EPI_ISL_195100	EPI_ISL_195100	EPI_ISL_195100
A/swine/England/038712/2012	EPI_ISL_195101	EPI_ISL_195101	EPI_ISL_195101	EPI_ISL_195101	EPI_ISL_195101	EPI_ISL_195101	EPI_ISL_195101	EPI_ISL_195101
A/swine/Italy/28762-3/2013	EPI_ISL_195106	EPI_ISL_195106	EPI_ISL_195106	EPI_ISL_195106	EPI_ISL_195106	EPI_ISL_195106	EPI_ISL_195106	EPI_ISL_195106
A/swine/Netherlands/Gladau-409/2012	EPI_ISL_195104	EPI_ISL_195104	EPI_ISL_195104	EPI_ISL_195104	EPI_ISL_195104	EPI_ISL_195104	EPI_ISL_195104	EPI_ISL_195104
A/swine/France/56-110525/2010	EPI_ISL_195105	EPI_ISL_195105	EPI_ISL_195105	EPI_ISL_195105	EPI_ISL_195105	EPI_ISL_195105	EPI_ISL_195105	EPI_ISL_195105
A/swine/Italy/7821/2011	EPI_ISL_195110	EPI_ISL_195110	EPI_ISL_195110	EPI_ISL_195110	EPI_ISL_195110	EPI_ISL_195110	EPI_ISL_195110	EPI_ISL_195110
A/swine/Gent/132/2005	EPI_ISL_129573	EPI_ISL_129573	EPI_ISL_129573	EPI_ISL_129573	EPI_ISL_129573	EPI_ISL_129573	EPI_ISL_129573	EPI_ISL_129573
A/swine/Denmark/10-1391-3/2011	EPI_ISL_195111	EPI_ISL_195111	EPI_ISL_195111	EPI_ISL_195111	EPI_ISL_195111	EPI_ISL_195111	EPI_ISL_195111	EPI_ISL_195111
A/swine/Poland/00109/2010	EPI_ISL_195102	EPI_ISL_195102	EPI_ISL_195102	EPI_ISL_195102	EPI_ISL_195102	EPI_ISL_195102	EPI_ISL_195102	EPI_ISL_195102
A/swine/England/34627/2012	EPI_ISL_195090	EPI_ISL_195090	EPI_ISL_195090	EPI_ISL_195090	EPI_ISL_195090	EPI_ISL_195090	EPI_ISL_195090	EPI_ISL_195090
A/swine/England/016947/2013	EPI_ISL_195137	EPI_ISL_195137	EPI_ISL_195137	EPI_ISL_195137	EPI_ISL_195137	EPI_ISL_195137	EPI_ISL_195137	EPI_ISL_195137
A/swine/Netherlands/Vlierden-220/2012	EPI_ISL_195143	EPI_ISL_195143	EPI_ISL_195143	EPI_ISL_195143	EPI_ISL_195143	EPI_ISL_195143	EPI_ISL_195143	EPI_ISL_195143
A/swine/England/023386/2013	EPI_ISL_195174	EPI_ISL_195174	EPI_ISL_195174	EPI_ISL_195174	EPI_ISL_195174	EPI_ISL_195174	EPI_ISL_195174	EPI_ISL_195174
A/swine/England/1353/2009	EPI_ISL_2488757	EPI_ISL_195175	EPI_ISL_195175	EPI_ISL_195175	EPI_ISL_2488757	EPI_ISL_2488757	EPI_ISL_195175	EPI_ISL_2488757
A/swine/Poland/006801/2013	EPI_ISL_195172	EPI_ISL_195172	EPI_ISL_195172	EPI_ISL_195172	EPI_ISL_195172	EPI_ISL_195172	EPI_ISL_195172	EPI_ISL_195172
A/swine/Spain/33903/2012	EPI_ISL_195173	EPI_ISL_195173	EPI_ISL_195173	EPI_ISL_195173	EPI_ISL_195173	EPI_ISL_195173	EPI_ISL_195173	EPI_ISL_195173
A/swine/Netherlands/Rhezerveen-CVI9121A/2012	EPI_ISL_195178	EPI_ISL_195178	EPI_ISL_195178	EPI_ISL_195178	EPI_ISL_195178	EPI_ISL_195178	EPI_ISL_195178	EPI_ISL_195178
A/swine/Netherlands/Lemele-CVI2974A/2013	EPI_ISL_195179	EPI_ISL_195179	EPI_ISL_195179	EPI_ISL_195179	EPI_ISL_195179	EPI_ISL_195179	EPI_ISL_195179	EPI_ISL_195179
A/swine/Netherlands/Barger-Compascuum-_CVI6324A/2012	EPI_ISL_195176	EPI_ISL_195176	EPI_ISL_195176	EPI_ISL_195176	EPI_ISL_195176	EPI_ISL_195176	EPI_ISL_195176	EPI_ISL_195176
A/swine/Netherlands/Lemele-CVI2973A/2013	EPI_ISL_195177	EPI_ISL_195177	EPI_ISL_195177	EPI_ISL_195177	EPI_ISL_195177	EPI_ISL_195177	EPI_ISL_195177	EPI_ISL_195177
A/swine/Saerbeck/IDT13755/2011	EPI_ISL_154222	EPI_ISL_154222	EPI_ISL_154222	EPI_ISL_154222	EPI_ISL_154222	EPI_ISL_154222	EPI_ISL_154222	EPI_ISL_154222
A/swine/England/072512/2013	EPI_ISL_195169	EPI_ISL_195169	EPI_ISL_195169	EPI_ISL_195169	EPI_ISL_195169	EPI_ISL_195169	EPI_ISL_195169	EPI_ISL_195169
A/swine/Netherlands/Wanroij-CVI2117A/2012	EPI_ISL_195183	EPI_ISL_195183	EPI_ISL_195183	EPI_ISL_195183	EPI_ISL_195183	EPI_ISL_195183	EPI_ISL_195183	EPI_ISL_195183
A/swine/Netherlands/Mill-CVI2617A/2012	EPI_ISL_195181	EPI_ISL_195181	EPI_ISL_195181	EPI_ISL_195181	EPI_ISL_195181	EPI_ISL_195181	EPI_ISL_195181	EPI_ISL_195181
A/swine/Albersloh/IDT14635-3/2012	EPI_ISL_154226	EPI_ISL_154226	EPI_ISL_154226	EPI_ISL_154226	EPI_ISL_154226	EPI_ISL_154226	EPI_ISL_154226	EPI_ISL_154226
A/swine/Moeglingen/IDT14859/2012	EPI_ISL_154227	EPI_ISL_154227	EPI_ISL_154227	EPI_ISL_154227	EPI_ISL_154227	EPI_ISL_154227	EPI_ISL_154227	EPI_ISL_154227
A/swine/Heudorf-Messkirch/IDT14176/2011	EPI_ISL_154224	EPI_ISL_154224	EPI_ISL_154224	EPI_ISL_154224	EPI_ISL_154224	EPI_ISL_154224	EPI_ISL_154224	EPI_ISL_154224
A/swine/Albersloh/IDT14635-1/2012	EPI_ISL_154225	EPI_ISL_154225	EPI_ISL_154225	EPI_ISL_154225	EPI_ISL_154225	EPI_ISL_154225	EPI_ISL_154225	EPI_ISL_154225
A/swine/Netherlands/Wanroij-CVI2115A/2012	EPI_ISL_195180	EPI_ISL_195180	EPI_ISL_195180	EPI_ISL_195180	EPI_ISL_195180	EPI_ISL_195180	EPI_ISL_195180	EPI_ISL_195180
A/swine/Belgium/Minderhout-348/2012	EPI_ISL_195142	EPI_ISL_195142	EPI_ISL_195142	EPI_ISL_195142	EPI_ISL_195142	EPI_ISL_195142	EPI_ISL_195142	EPI_ISL_195142
A/swine/England/024079/2013	EPI_ISL_195168	EPI_ISL_195168	EPI_ISL_195168	EPI_ISL_195168	EPI_ISL_195168	EPI_ISL_195168	EPI_ISL_195168	EPI_ISL_195168
A/swine/England/063782/2013	EPI_ISL_195170	EPI_ISL_195170	EPI_ISL_195170	EPI_ISL_195170	EPI_ISL_195170	EPI_ISL_195170	EPI_ISL_195170	EPI_ISL_195170
A/swine/England/060969/2013	EPI_ISL_195140	EPI_ISL_195140	EPI_ISL_195140	EPI_ISL_195140	EPI_ISL_195140	EPI_ISL_195140	EPI_ISL_195140	EPI_ISL_195140
A/swine/Belgium/Deinze-393/2012	EPI_ISL_195141	EPI_ISL_195141	EPI_ISL_195141	EPI_ISL_195141	EPI_ISL_195141	EPI_ISL_195141	EPI_ISL_195141	EPI_ISL_195141
A/swine/Belgium/Heist-op-den-Berg-363/2012	EPI_ISL_195146	EPI_ISL_195146	EPI_ISL_195146	EPI_ISL_195146	EPI_ISL_195146	EPI_ISL_195146	EPI_ISL_195146	EPI_ISL_195146
A/swine/Netherlands/Kootwijkerbroek-364/2012	EPI_ISL_195147	EPI_ISL_195147	EPI_ISL_195147	EPI_ISL_195147	EPI_ISL_195147	EPI_ISL_195147	EPI_ISL_195147	EPI_ISL_195147
A/swine/Belgium/Glabbeek-287/2012	EPI_ISL_195144	EPI_ISL_195144	EPI_ISL_195144	EPI_ISL_195144	EPI_ISL_195144	EPI_ISL_195144	EPI_ISL_195144	EPI_ISL_195144
A/swine/Netherlands/Hoogeloon-167C/2012	EPI_ISL_195145	EPI_ISL_195145	EPI_ISL_195145	EPI_ISL_195145	EPI_ISL_195145	EPI_ISL_195145	EPI_ISL_195145	EPI_ISL_195145
A/swine/Belgium/Lichtervelde-57/2013	EPI_ISL_195150	EPI_ISL_195150	EPI_ISL_195150	EPI_ISL_195150	EPI_ISL_195150	EPI_ISL_195150	EPI_ISL_195150	EPI_ISL_195150
A/swine/Netherlands/De-Lutte-167A/2012	EPI_ISL_195149	EPI_ISL_195149	EPI_ISL_195149	EPI_ISL_195149	EPI_ISL_195149	EPI_ISL_195149	EPI_ISL_195149	EPI_ISL_195149
A/swine/France/50-120350/2012	EPI_ISL_195154	EPI_ISL_195154	EPI_ISL_195154	EPI_ISL_195154	EPI_ISL_195154	EPI_ISL_195154	EPI_ISL_195154	EPI_ISL_195154
A/swine/England/072865/2013	EPI_ISL_195171	EPI_ISL_195171	EPI_ISL_195171	EPI_ISL_195171	EPI_ISL_195171	EPI_ISL_195171	EPI_ISL_195171	EPI_ISL_195171
A/swine/France/22-120340/2012	EPI_ISL_195155	EPI_ISL_195155	EPI_ISL_195155	EPI_ISL_195155	EPI_ISL_195155	EPI_ISL_195155	EPI_ISL_195155	EPI_ISL_195155
A/swine/France/37-120345/2012	EPI_ISL_195158	EPI_ISL_195158	EPI_ISL_195158	EPI_ISL_195158	EPI_ISL_195158	EPI_ISL_195158	EPI_ISL_195158	EPI_ISL_195158
A/swine/France/22-120067/2012	EPI_ISL_195159	EPI_ISL_195159	EPI_ISL_195159	EPI_ISL_195159	EPI_ISL_195159	EPI_ISL_195159	EPI_ISL_195159	EPI_ISL_195159
A/swine/France/29-120326/2012	EPI_ISL_195156	EPI_ISL_195156	EPI_ISL_195156	EPI_ISL_195156	EPI_ISL_195156	EPI_ISL_195156	EPI_ISL_195156	EPI_ISL_195156
A/swine/France/22-120228/2012	EPI_ISL_195157	EPI_ISL_195157	EPI_ISL_195157	EPI_ISL_195157	EPI_ISL_195157	EPI_ISL_195157	EPI_ISL_195157	EPI_ISL_195157
A/swine/Poland/1744/2012	EPI_ISL_195162	EPI_ISL_195162	EPI_ISL_195162	EPI_ISL_195162	EPI_ISL_195162	EPI_ISL_195162	EPI_ISL_195162	EPI_ISL_195162
A/swine/Poland/321/2012	EPI_ISL_195163	EPI_ISL_195163	EPI_ISL_195163	EPI_ISL_195163	EPI_ISL_195163	EPI_ISL_195163	EPI_ISL_195163	EPI_ISL_195163
A/swine/France/01-130054/2013	EPI_ISL_195160	EPI_ISL_195160	EPI_ISL_195160	EPI_ISL_195160	EPI_ISL_195160	EPI_ISL_195160	EPI_ISL_195160	EPI_ISL_195160
A/swine/Hungary/S137/2013	EPI_ISL_195166	EPI_ISL_195166	EPI_ISL_195166	EPI_ISL_195166	EPI_ISL_195166	EPI_ISL_195166	EPI_ISL_195166	EPI_ISL_195166
A/swine/Finland/si632/2013	EPI_ISL_195164	EPI_ISL_195164	EPI_ISL_195164	EPI_ISL_195164	EPI_ISL_195164	EPI_ISL_195164	EPI_ISL_195164	EPI_ISL_195164
A/swine/England/11582/2012	EPI_ISL_195165	EPI_ISL_195165	EPI_ISL_195165	EPI_ISL_195165	EPI_ISL_195165	EPI_ISL_195165	EPI_ISL_195165	EPI_ISL_195165
A/swine/France/22-120146/2012	EPI_ISL_195153	EPI_ISL_195153	EPI_ISL_195153	EPI_ISL_195153	EPI_ISL_195153	EPI_ISL_195153	EPI_ISL_195153	EPI_ISL_195153
A/swine/Germany/Reinberg-IDT14457-1/2012	EPI_ISL_195085	EPI_ISL_195085	EPI_ISL_195085	EPI_ISL_195085	EPI_ISL_195085	EPI_ISL_195085	EPI_ISL_195085	EPI_ISL_195085
A/swine/Germany/Dulmen-IDT14394/2011	EPI_ISL_195084	EPI_ISL_195084	EPI_ISL_195084	EPI_ISL_195084	EPI_ISL_195084	EPI_ISL_195084	EPI_ISL_195084	EPI_ISL_195084
A/swine/Germany/Ahlen-Dolberg-IDT14631/2012	EPI_ISL_195086	EPI_ISL_195086	EPI_ISL_195086	EPI_ISL_195086	EPI_ISL_195086	EPI_ISL_195086	EPI_ISL_195086	EPI_ISL_195086
A/swine/Denmark/13-2458-2/2013	EPI_ISL_19790028	EPI_ISL_19790028	EPI_ISL_19790028	EPI_ISL_19790028	EPI_ISL_19790028	EPI_ISL_19790028	EPI_ISL_19790028	EPI_ISL_19790028
A/swine/Denmark/13-1413-1/2013	EPI_ISL_19790031	EPI_ISL_19790031	EPI_ISL_19790031	EPI_ISL_19790031	EPI_ISL_19790031	EPI_ISL_19790031	EPI_ISL_19790031	EPI_ISL_19790031
A/swine/Netherlands/Dalfsen-12/2012	EPI_ISL_195040	EPI_ISL_195040	EPI_ISL_195040	EPI_ISL_195040	EPI_ISL_195040	EPI_ISL_195040	EPI_ISL_195040	EPI_ISL_195040
A/swine/England/MD0040352R/2009	EPI_ISL_129507	EPI_ISL_129507	EPI_ISL_129507	EPI_ISL_129507	EPI_ISL_129507	EPI_ISL_129507	EPI_ISL_129507	EPI_ISL_129507
A/swine/Denmark/13-1495-1/2013	EPI_ISL_19790030	EPI_ISL_19790030	EPI_ISL_19790030	EPI_ISL_19790030	EPI_ISL_19790030	EPI_ISL_19790030	EPI_ISL_19790030	EPI_ISL_19790030
A/swine/Belgium/Neerpelt-37/2011	EPI_ISL_195041	EPI_ISL_195041	EPI_ISL_195041	EPI_ISL_195041	EPI_ISL_195041	EPI_ISL_195041	EPI_ISL_195041	EPI_ISL_195041
A/swine/Denmark/14-12310-1/2014	EPI_ISL_19790025	EPI_ISL_19790025	EPI_ISL_19790025	EPI_ISL_19790025	EPI_ISL_19790025	EPI_ISL_19790025	EPI_ISL_19790025	EPI_ISL_19790025
A/swine/Denmark/10-2526-1/2011	EPI_ISL_195046	EPI_ISL_195046	EPI_ISL_195046	EPI_ISL_195046	EPI_ISL_195046	EPI_ISL_195046	EPI_ISL_195046	EPI_ISL_195046
A/swine/Denmark/14-13336-1/2014	EPI_ISL_19790024	EPI_ISL_19790024	EPI_ISL_19790024	EPI_ISL_19790024	EPI_ISL_19790024	EPI_ISL_19790024	EPI_ISL_19790024	EPI_ISL_19790024
A/swine/Denmark/10297-1/2012	EPI_ISL_195047	EPI_ISL_195047	EPI_ISL_195047	EPI_ISL_195047	EPI_ISL_195047	EPI_ISL_195047	EPI_ISL_195047	EPI_ISL_195047
A/swine/Denmark/13-2361-1/2013	EPI_ISL_19790029	EPI_ISL_19790029	EPI_ISL_19790029	EPI_ISL_19790029	EPI_ISL_19790029	EPI_ISL_19790029	EPI_ISL_19790029	EPI_ISL_19790029
A/swine/England/P185/2008	EPI_ISL_129508	EPI_ISL_129508	EPI_ISL_129508	EPI_ISL_129508	EPI_ISL_129508	EPI_ISL_129508	EPI_ISL_129508	EPI_ISL_129508
A/swine/Finnistere/800/2004	EPI_ISL_129511	EPI_ISL_129511	EPI_ISL_129511	EPI_ISL_129511	EPI_ISL_129511	EPI_ISL_129511	EPI_ISL_129511	EPI_ISL_129511
A/swine/Denmark/14-1006-2/2014	EPI_ISL_19790026	EPI_ISL_19790026	EPI_ISL_19790026	EPI_ISL_19790026	EPI_ISL_19790026	EPI_ISL_19790026	EPI_ISL_19790026	EPI_ISL_19790026
A/swine/Denmark/10-1958-1/2011	EPI_ISL_195045	EPI_ISL_195045	EPI_ISL_195045	EPI_ISL_195045	EPI_ISL_195045	EPI_ISL_195045	EPI_ISL_195045	EPI_ISL_195045
A/wild_boar/Germany-HE/ws336/2009	EPI_ISL_129510	EPI_ISL_129510	EPI_ISL_129510	EPI_ISL_129510	EPI_ISL_129510	EPI_ISL_129510	EPI_ISL_129510	EPI_ISL_129510
A/swine/Denmark/14-14008-1/2014	EPI_ISL_19790021	EPI_ISL_19790021	EPI_ISL_19790021	EPI_ISL_19790021	EPI_ISL_19790021	EPI_ISL_19790021	EPI_ISL_19790021	EPI_ISL_19790021
A/swine/Denmark/10779-2/2012	EPI_ISL_195050	EPI_ISL_195050	EPI_ISL_195050	EPI_ISL_195050	EPI_ISL_195050	EPI_ISL_195050	EPI_ISL_195050	EPI_ISL_195050
A/swine/Cotes_d'Armor/1174/2009	EPI_ISL_129513	EPI_ISL_129513	EPI_ISL_129513	EPI_ISL_129513	EPI_ISL_129513	EPI_ISL_129513	EPI_ISL_129513	EPI_ISL_129513
A/swine/Denmark/10802-1/2012	EPI_ISL_195051	EPI_ISL_195051	EPI_ISL_195051	EPI_ISL_195051	EPI_ISL_195051	EPI_ISL_195051	EPI_ISL_195051	EPI_ISL_195051
A/swine/Denmark/14-13671-1/2014	EPI_ISL_19790023	EPI_ISL_19790023	EPI_ISL_19790023	EPI_ISL_19790023	EPI_ISL_19790023	EPI_ISL_19790023	EPI_ISL_19790023	EPI_ISL_19790023
A/swine/Denmark/10-2779-2/2011	EPI_ISL_195048	EPI_ISL_195048	EPI_ISL_195048	EPI_ISL_195048	EPI_ISL_195048	EPI_ISL_195048	EPI_ISL_195048	EPI_ISL_195048
A/swine/Denmark/13-519-1/2013	EPI_ISL_19790027	EPI_ISL_19790027	EPI_ISL_19790027	EPI_ISL_19790027	EPI_ISL_19790027	EPI_ISL_19790027	EPI_ISL_19790027	EPI_ISL_19790027
A/swine/Denmark/14-13678-1/2014	EPI_ISL_19790022	EPI_ISL_19790022	EPI_ISL_19790022	EPI_ISL_19790022	EPI_ISL_19790022	EPI_ISL_19790022	EPI_ISL_19790022	EPI_ISL_19790022
A/swine/Belgium/Oostkamp-26/2012	EPI_ISL_195037	EPI_ISL_195037	EPI_ISL_195037	EPI_ISL_195037	EPI_ISL_195037	EPI_ISL_195037	EPI_ISL_195037	EPI_ISL_195037
A/swine/Denmark/15-18609-2/2015	EPI_ISL_19790066	EPI_ISL_19790066	EPI_ISL_19790066	EPI_ISL_19790066	EPI_ISL_19790066	EPI_ISL_19790066	EPI_ISL_19790066	EPI_ISL_19790066
A/swine/Netherlands/Nistelrode-530/2011	EPI_ISL_195027	EPI_ISL_195027	EPI_ISL_195027	EPI_ISL_195027	EPI_ISL_195027	EPI_ISL_195027	EPI_ISL_195027	EPI_ISL_195027
A/swine/Netherlands/Kootwijkerbroek-51/2012	EPI_ISL_195024	EPI_ISL_195024	EPI_ISL_195024	EPI_ISL_195024	EPI_ISL_195024	EPI_ISL_195024	EPI_ISL_195024	EPI_ISL_195024
A/swine/England/483/2006	EPI_ISL_129491	EPI_ISL_129491	EPI_ISL_129491	EPI_ISL_129491	EPI_ISL_129491	EPI_ISL_129491	EPI_ISL_129491	EPI_ISL_129491
A/swine/Netherlands/Groenlo-37/2012	EPI_ISL_195025	EPI_ISL_195025	EPI_ISL_195025	EPI_ISL_195025	EPI_ISL_195025	EPI_ISL_195025	EPI_ISL_195025	EPI_ISL_195025
A/swine/England/453/2006			EPI_ISL_129490	EPI_ISL_129490			EPI_ISL_129490	
A/swine/Belgium/Doel-80/2011	EPI_ISL_195030	EPI_ISL_195030	EPI_ISL_195030	EPI_ISL_195030	EPI_ISL_195030	EPI_ISL_195030	EPI_ISL_195030	EPI_ISL_195030
A/swine/England/60797/2000	EPI_ISL_129493	EPI_ISL_129493	EPI_ISL_129493	EPI_ISL_129493	EPI_ISL_129493	EPI_ISL_129493	EPI_ISL_129493	EPI_ISL_129493
A/swine/Belgium/Faimes-628/2010	EPI_ISL_195031	EPI_ISL_195031	EPI_ISL_195031	EPI_ISL_195031	EPI_ISL_195031	EPI_ISL_195031	EPI_ISL_195031	EPI_ISL_195031
A/swine/Belgium/Poperinge-387/2011	EPI_ISL_195028	EPI_ISL_195028	EPI_ISL_195028	EPI_ISL_195028	EPI_ISL_195028	EPI_ISL_195028	EPI_ISL_195028	EPI_ISL_195028
A/swine/Leningrad_Region/RII-06/2017	EPI_ISL_1096143	EPI_ISL_1096143	EPI_ISL_1096143	EPI_ISL_1096143	EPI_ISL_1096143	EPI_ISL_1096143	EPI_ISL_1096143	EPI_ISL_1096143
A/swine/Belgium/Meeuwen-231/2011	EPI_ISL_195029	EPI_ISL_195029	EPI_ISL_195029	EPI_ISL_195029	EPI_ISL_195029	EPI_ISL_195029	EPI_ISL_195029	EPI_ISL_195029
A/swine/Denmark/15-14619-1/2015	EPI_ISL_19790068	EPI_ISL_19790068	EPI_ISL_19790068	EPI_ISL_19790068	EPI_ISL_19790068	EPI_ISL_19790068	EPI_ISL_19790068	EPI_ISL_19790068
A/swine/France/LoireAtlantique-0405/2011	EPI_ISL_195035	EPI_ISL_195035	EPI_ISL_195035	EPI_ISL_195035	EPI_ISL_195035	EPI_ISL_195035	EPI_ISL_195035	EPI_ISL_195035
A/swine/Netherlands/Meijel-75/2011	EPI_ISL_195032	EPI_ISL_195032	EPI_ISL_195032	EPI_ISL_195032	EPI_ISL_195032	EPI_ISL_195032	EPI_ISL_195032	EPI_ISL_195032
A/swine/Netherlands/Putten-60/2012	EPI_ISL_195033	EPI_ISL_195033	EPI_ISL_195033	EPI_ISL_195033	EPI_ISL_195033	EPI_ISL_195033	EPI_ISL_195033	EPI_ISL_195033
A/swine/Denmark/15-18706-1/2015	EPI_ISL_19790065	EPI_ISL_19790065	EPI_ISL_19790065	EPI_ISL_19790065	EPI_ISL_19790065	EPI_ISL_19790065	EPI_ISL_19790065	EPI_ISL_19790065
A/swine/Belgium/Wingene-455/2011	EPI_ISL_195038	EPI_ISL_195038	EPI_ISL_195038	EPI_ISL_195038	EPI_ISL_195038	EPI_ISL_195038	EPI_ISL_195038	EPI_ISL_195038
A/swine/Denmark/15-19087-1/2015	EPI_ISL_19790064	EPI_ISL_19790064	EPI_ISL_19790064	EPI_ISL_19790064	EPI_ISL_19790064	EPI_ISL_19790064	EPI_ISL_19790064	EPI_ISL_19790064
A/swine/England/058879/2011	EPI_ISL_195039	EPI_ISL_195039	EPI_ISL_195039	EPI_ISL_195039	EPI_ISL_195039	EPI_ISL_195039	EPI_ISL_195039	EPI_ISL_195039
A/swine/Denmark/15-18092-1/2015	EPI_ISL_19790067	EPI_ISL_19790067	EPI_ISL_19790067	EPI_ISL_19790067	EPI_ISL_19790067	EPI_ISL_19790067	EPI_ISL_19790067	EPI_ISL_19790067
A/swine/England/080012/2011	EPI_ISL_195036	EPI_ISL_195036	EPI_ISL_195036	EPI_ISL_195036	EPI_ISL_195036	EPI_ISL_195036	EPI_ISL_195036	EPI_ISL_195036
A/swine/Netherlands/Rheezerveen-66/2011	EPI_ISL_195034	EPI_ISL_195034	EPI_ISL_195034	EPI_ISL_195034	EPI_ISL_195034	EPI_ISL_195034	EPI_ISL_195034	EPI_ISL_195034
A/swine/Denmark/10448-3/2012	EPI_ISL_195049	EPI_ISL_195049	EPI_ISL_195049	EPI_ISL_195049	EPI_ISL_195049	EPI_ISL_195049	EPI_ISL_195049	EPI_ISL_195049
A/swine/Denmark/14-15831-1/2014	EPI_ISL_19790017	EPI_ISL_19790017	EPI_ISL_19790017	EPI_ISL_19790017	EPI_ISL_19790017	EPI_ISL_19790017	EPI_ISL_19790017	EPI_ISL_19790017
A/swine/Denmark/10146-1/2012	EPI_ISL_195054	EPI_ISL_195054	EPI_ISL_195054	EPI_ISL_195054	EPI_ISL_195054	EPI_ISL_195054	EPI_ISL_195054	EPI_ISL_195054
A/swine/Italy/186678-2/2005	EPI_ISL_129526	EPI_ISL_129526	EPI_ISL_129526	EPI_ISL_129526	EPI_ISL_129526	EPI_ISL_129526	EPI_ISL_129526	EPI_ISL_129526
A/swine/Denmark/15-12515-1/2015	EPI_ISL_19790037	EPI_ISL_19790037	EPI_ISL_19790037	EPI_ISL_19790037	EPI_ISL_19790037	EPI_ISL_19790037	EPI_ISL_19790037	EPI_ISL_19790037
A/swine/France/CotesdArmor-0041/2011	EPI_ISL_195067	EPI_ISL_195067	EPI_ISL_195067	EPI_ISL_195067	EPI_ISL_195067	EPI_ISL_195067	EPI_ISL_195067	EPI_ISL_195067
A/swine/Italy/289171/2003	EPI_ISL_129528	EPI_ISL_129528	EPI_ISL_129528	EPI_ISL_129528	EPI_ISL_129528	EPI_ISL_129528	EPI_ISL_129528	EPI_ISL_129528
A/swine/Denmark/15-14309-1/2015	EPI_ISL_19790039	EPI_ISL_19790039	EPI_ISL_19790039	EPI_ISL_19790039	EPI_ISL_19790039	EPI_ISL_19790039	EPI_ISL_19790039	EPI_ISL_19790039
A/swine/Netherlands/Neerkant-174/2011	EPI_ISL_195064	EPI_ISL_195064	EPI_ISL_195064	EPI_ISL_195064	EPI_ISL_195064	EPI_ISL_195064	EPI_ISL_195064	EPI_ISL_195064
A/swine/Netherlands/Lievelde-511/2011	EPI_ISL_195065	EPI_ISL_195065	EPI_ISL_195065	EPI_ISL_195065	EPI_ISL_195065	EPI_ISL_195065	EPI_ISL_195065	EPI_ISL_195065
A/swine/Spain/32738/2012	EPI_ISL_195061	EPI_ISL_195061	EPI_ISL_195061	EPI_ISL_195061	EPI_ISL_195061	EPI_ISL_195061	EPI_ISL_195061	EPI_ISL_195061
A/swine/Ploufragan/0214/2006	EPI_ISL_129530	EPI_ISL_129530	EPI_ISL_129530	EPI_ISL_129530	EPI_ISL_129530	EPI_ISL_129530	EPI_ISL_129530	EPI_ISL_129530
A/swine/Spain/40564/2002	EPI_ISL_129532	EPI_ISL_129532	EPI_ISL_129532	EPI_ISL_129532	EPI_ISL_129532	EPI_ISL_129532	EPI_ISL_129532	EPI_ISL_129532
A/swine/France/IIIeetVilaine-0266/2011	EPI_ISL_195068	EPI_ISL_195068	EPI_ISL_195068	EPI_ISL_195068	EPI_ISL_195068	EPI_ISL_195068	EPI_ISL_195068	EPI_ISL_195068
A/swine/France/CotesdArmor-0074/2011	EPI_ISL_195069	EPI_ISL_195069	EPI_ISL_195069	EPI_ISL_195069	EPI_ISL_195069	EPI_ISL_195069	EPI_ISL_195069	EPI_ISL_195069
A/swine/France/CotesdArmor-0105/2011	EPI_ISL_195078	EPI_ISL_195078	EPI_ISL_195078	EPI_ISL_195078	EPI_ISL_195078	EPI_ISL_195078	EPI_ISL_195078	EPI_ISL_195078
A/swine/France/CotesdArmor-0558/2011	EPI_ISL_195079	EPI_ISL_195079	EPI_ISL_195079	EPI_ISL_195079	EPI_ISL_195079	EPI_ISL_195079	EPI_ISL_195079	EPI_ISL_195079
A/swine/France/35-120024/2012	EPI_ISL_195077	EPI_ISL_195077	EPI_ISL_195077	EPI_ISL_195077	EPI_ISL_195077	EPI_ISL_195077	EPI_ISL_195077	EPI_ISL_195077
A/swine/Spain/79976/2007	EPI_ISL_195083	EPI_ISL_195083	EPI_ISL_195083	EPI_ISL_195083	EPI_ISL_195083	EPI_ISL_195083	EPI_ISL_195083	EPI_ISL_195083
A/swine/France/22-110529/2011	EPI_ISL_195080	EPI_ISL_195080	EPI_ISL_195080	EPI_ISL_195080	EPI_ISL_195080	EPI_ISL_195080	EPI_ISL_195080	EPI_ISL_195080
A/swine/England/997/2008	EPI_ISL_195081	EPI_ISL_195081	EPI_ISL_195081	EPI_ISL_195081	EPI_ISL_195081	EPI_ISL_195081	EPI_ISL_195081	EPI_ISL_195081
A/swine/Denmark/13-1070-1/2013	EPI_ISL_19790033	EPI_ISL_19790033	EPI_ISL_19790033	EPI_ISL_19790033	EPI_ISL_19790033	EPI_ISL_19790033	EPI_ISL_19790033	EPI_ISL_19790033
A/swine/Spain/29257/2012	EPI_ISL_195060	EPI_ISL_195060	EPI_ISL_195060	EPI_ISL_195060	EPI_ISL_195060	EPI_ISL_195060	EPI_ISL_195060	EPI_ISL_195060
A/swine/Denmark/15-8890-1/2015	EPI_ISL_19790043	EPI_ISL_19790043	EPI_ISL_19790043	EPI_ISL_19790043	EPI_ISL_19790043	EPI_ISL_19790043	EPI_ISL_19790043	EPI_ISL_19790043
A/swine/Denmark/14-188-8/2014	EPI_ISL_19790016	EPI_ISL_19790016	EPI_ISL_19790016	EPI_ISL_19790016	EPI_ISL_19790016	EPI_ISL_19790016	EPI_ISL_19790016	EPI_ISL_19790016
A/swine/Spain/20423/2011	EPI_ISL_195055	EPI_ISL_195055	EPI_ISL_195055	EPI_ISL_195055	EPI_ISL_195055	EPI_ISL_195055	EPI_ISL_195055	EPI_ISL_195055
A/swine/Cotes_d'Armor/1624/2002	EPI_ISL_129516	EPI_ISL_129516	EPI_ISL_129516	EPI_ISL_129516	EPI_ISL_129516	EPI_ISL_129516	EPI_ISL_129516	EPI_ISL_129516
A/swine/Denmark/1085-1/2012	EPI_ISL_195052	EPI_ISL_195052	EPI_ISL_195052	EPI_ISL_195052	EPI_ISL_195052	EPI_ISL_195052	EPI_ISL_195052	EPI_ISL_195052
A/swine/Cotes_d'Armor/60293/2001	EPI_ISL_68079	EPI_ISL_68079	EPI_ISL_68079	EPI_ISL_68079	EPI_ISL_68079	EPI_ISL_68079	EPI_ISL_68079	EPI_ISL_68079
A/swine/Denmark/14-15404-1/2014	EPI_ISL_19790018	EPI_ISL_19790018	EPI_ISL_19790018	EPI_ISL_19790018	EPI_ISL_19790018	EPI_ISL_19790018	EPI_ISL_19790018	EPI_ISL_19790018
A/swine/Denmark/10169-3/2012	EPI_ISL_195053	EPI_ISL_195053	EPI_ISL_195053	EPI_ISL_195053	EPI_ISL_195053	EPI_ISL_195053	EPI_ISL_195053	EPI_ISL_195053
A/swine/Denmark/15-8641-1/2015	EPI_ISL_19790045	EPI_ISL_19790045	EPI_ISL_19790045	EPI_ISL_19790045	EPI_ISL_19790045	EPI_ISL_19790045	EPI_ISL_19790045	EPI_ISL_19790045
A/swine/Spain/23998/2011	EPI_ISL_195058	EPI_ISL_195058	EPI_ISL_195058	EPI_ISL_195058	EPI_ISL_195058	EPI_ISL_195058	EPI_ISL_195058	EPI_ISL_195058
A/swine/Denmark/15-8648-1/2015	EPI_ISL_19790044	EPI_ISL_19790044	EPI_ISL_19790044	EPI_ISL_19790044	EPI_ISL_19790044	EPI_ISL_19790044	EPI_ISL_19790044	EPI_ISL_19790044
A/swine/Spain/29113/2012	EPI_ISL_195059	EPI_ISL_195059	EPI_ISL_195059	EPI_ISL_195059	EPI_ISL_195059	EPI_ISL_195059	EPI_ISL_195059	EPI_ISL_195059
A/swine/Denmark/15-775-1/2015	EPI_ISL_19790047	EPI_ISL_19790047	EPI_ISL_19790047	EPI_ISL_19790047	EPI_ISL_19790047	EPI_ISL_19790047	EPI_ISL_19790047	EPI_ISL_19790047
A/swine/Spain/22013/2011	EPI_ISL_195056	EPI_ISL_195056	EPI_ISL_195056	EPI_ISL_195056	EPI_ISL_195056	EPI_ISL_195056	EPI_ISL_195056	EPI_ISL_195056
A/swine/Denmark/15-8139-1/2015	EPI_ISL_19790046	EPI_ISL_19790046	EPI_ISL_19790046	EPI_ISL_19790046	EPI_ISL_19790046	EPI_ISL_19790046	EPI_ISL_19790046	EPI_ISL_19790046
A/swine/Spain/24237/2011	EPI_ISL_195057	EPI_ISL_195057	EPI_ISL_195057	EPI_ISL_195057	EPI_ISL_195057	EPI_ISL_195057	EPI_ISL_195057	EPI_ISL_195057
A/swine/Italy/151672-3/2003	EPI_ISL_129522	EPI_ISL_129522	EPI_ISL_129522	EPI_ISL_129522	EPI_ISL_129522	EPI_ISL_129522	EPI_ISL_129522	EPI_ISL_129522
A/swine/Denmark/15-9588-1/2015	EPI_ISL_19790041	EPI_ISL_19790041	EPI_ISL_19790041	EPI_ISL_19790041	EPI_ISL_19790041	EPI_ISL_19790041	EPI_ISL_19790041	EPI_ISL_19790041
A/swine/France/CotesdArmor-0198/2011	EPI_ISL_195062	EPI_ISL_195062	EPI_ISL_195062	EPI_ISL_195062	EPI_ISL_195062	EPI_ISL_195062	EPI_ISL_195062	EPI_ISL_195062
A/swine/Italy/172336/2001	EPI_ISL_129525	EPI_ISL_129525	EPI_ISL_129525	EPI_ISL_129525	EPI_ISL_129525	EPI_ISL_129525	EPI_ISL_129525	EPI_ISL_129525
A/swine/Denmark/15-18066-2/2015	EPI_ISL_19790040	EPI_ISL_19790040	EPI_ISL_19790040	EPI_ISL_19790040	EPI_ISL_19790040	EPI_ISL_19790040	EPI_ISL_19790040	EPI_ISL_19790040
A/swine/France/IIIeetVilaine-0354/2011	EPI_ISL_195063	EPI_ISL_195063	EPI_ISL_195063	EPI_ISL_195063	EPI_ISL_195063	EPI_ISL_195063	EPI_ISL_195063	EPI_ISL_195063
A/swine/Warendorf/IDT15018/2012	EPI_ISL_154230	EPI_ISL_154230	EPI_ISL_154230	EPI_ISL_154230	EPI_ISL_154230	EPI_ISL_154230	EPI_ISL_154230	EPI_ISL_154230
A/swine/Garrel/IDT14891/2012	EPI_ISL_154228	EPI_ISL_154228	EPI_ISL_154228	EPI_ISL_154228	EPI_ISL_154228	EPI_ISL_154228	EPI_ISL_154228	EPI_ISL_154228
A/swine/France/70-130144/2013	EPI_ISL_502543	EPI_ISL_502543	EPI_ISL_502543	EPI_ISL_502543	EPI_ISL_502543	EPI_ISL_502543	EPI_ISL_502543	EPI_ISL_502543
A/swine/France/69-160337/2016	EPI_ISL_502542	EPI_ISL_502542	EPI_ISL_502542	EPI_ISL_502542	EPI_ISL_502542	EPI_ISL_502542	EPI_ISL_502542	EPI_ISL_502542
A/swine/France/65-150242/2015	EPI_ISL_502541	EPI_ISL_502541	EPI_ISL_502541	EPI_ISL_502541	EPI_ISL_502541	EPI_ISL_502541	EPI_ISL_502541	EPI_ISL_502541
A/swine/France/64-140385/2014	EPI_ISL_502540	EPI_ISL_502540	EPI_ISL_502540	EPI_ISL_502540	EPI_ISL_502540	EPI_ISL_502540	EPI_ISL_502540	EPI_ISL_502540
A/swine/France/64-130454/2013	EPI_ISL_502539	EPI_ISL_502539	EPI_ISL_502539	EPI_ISL_502539	EPI_ISL_502539	EPI_ISL_502539	EPI_ISL_502539	EPI_ISL_502539
A/swine/France/62-160229/2016	EPI_ISL_502538	EPI_ISL_502538	EPI_ISL_502538	EPI_ISL_502538	EPI_ISL_502538	EPI_ISL_502538	EPI_ISL_502538	EPI_ISL_502538
A/swine/France/62-150308/2015	EPI_ISL_502537	EPI_ISL_502537	EPI_ISL_502537	EPI_ISL_502537	EPI_ISL_502537	EPI_ISL_502537	EPI_ISL_502537	EPI_ISL_502537
A/swine/France/61-150219/2015	EPI_ISL_502536	EPI_ISL_502536	EPI_ISL_502536	EPI_ISL_502536	EPI_ISL_502536	EPI_ISL_502536	EPI_ISL_502536	EPI_ISL_502536
A/swine/Italy/285959-3/2016	EPI_ISL_252684	EPI_ISL_252684	EPI_ISL_252684	EPI_ISL_252684	EPI_ISL_252684	EPI_ISL_252684	EPI_ISL_252684	EPI_ISL_252684
A/swine/France/Cotes_d'Armor-0070/2010	EPI_ISL_502551	EPI_ISL_502551	EPI_ISL_502551	EPI_ISL_502551	EPI_ISL_502551	EPI_ISL_502551	EPI_ISL_502551	EPI_ISL_502551
A/swine/France/59-170121/2017	EPI_ISL_502528	EPI_ISL_502528	EPI_ISL_502528	EPI_ISL_502528	EPI_ISL_502528	EPI_ISL_502528	EPI_ISL_502528	EPI_ISL_502528
A/swine/France/89-150069/2015	EPI_ISL_502550	EPI_ISL_502550	EPI_ISL_502550	EPI_ISL_502550	EPI_ISL_502550	EPI_ISL_502550	EPI_ISL_502550	EPI_ISL_502550
A/swine/France/86-180185/2018	EPI_ISL_502548	EPI_ISL_502548	EPI_ISL_502548	EPI_ISL_502548	EPI_ISL_502548	EPI_ISL_502548	EPI_ISL_502548	EPI_ISL_502548
A/swine/France/79-140150/2014	EPI_ISL_502547	EPI_ISL_502547	EPI_ISL_502547	EPI_ISL_502547	EPI_ISL_502547	EPI_ISL_502547	EPI_ISL_502547	EPI_ISL_502547
A/swine/France/72-180446/2018	EPI_ISL_502546	EPI_ISL_502546	EPI_ISL_502546	EPI_ISL_502546	EPI_ISL_502546	EPI_ISL_502546	EPI_ISL_502546	EPI_ISL_502546
A/swine/France/72-180053/2018	EPI_ISL_502545	EPI_ISL_502545	EPI_ISL_502545	EPI_ISL_502545	EPI_ISL_502545	EPI_ISL_502545	EPI_ISL_502545	EPI_ISL_502545
A/swine/Hungary/362/2011	EPI_ISL_129815	EPI_ISL_129815	EPI_ISL_129815	EPI_ISL_129815	EPI_ISL_129815	EPI_ISL_129815	EPI_ISL_129815	EPI_ISL_129815
A/swine/France/72-150321/2015	EPI_ISL_502544	EPI_ISL_502544	EPI_ISL_502544	EPI_ISL_502544	EPI_ISL_502544	EPI_ISL_502544	EPI_ISL_502544	EPI_ISL_502544
A/swine/Italy/11643/2017	EPI_ISL_14760954	EPI_ISL_14760954	EPI_ISL_14760954	EPI_ISL_14760954	EPI_ISL_14760954	EPI_ISL_14760954	EPI_ISL_14760954	EPI_ISL_14760954
A/swine/France/Cotes_d'Armor-0190/2006	EPI_ISL_502552	EPI_ISL_502552	EPI_ISL_502552	EPI_ISL_502552	EPI_ISL_502552	EPI_ISL_502552	EPI_ISL_502552	EPI_ISL_502552
A/swine/France/29-160215/2016	EPI_ISL_502578	EPI_ISL_502578	EPI_ISL_502578	EPI_ISL_502578	EPI_ISL_502578	EPI_ISL_502578	EPI_ISL_502578	EPI_ISL_502578
A/swine/France/86-180497/2018	EPI_ISL_502549	EPI_ISL_502549	EPI_ISL_502549	EPI_ISL_502549	EPI_ISL_502549	EPI_ISL_502549	EPI_ISL_502549	EPI_ISL_502549
A/swine/France/53-130065/2013	EPI_ISL_502577	EPI_ISL_502577	EPI_ISL_502577	EPI_ISL_502577	EPI_ISL_502577	EPI_ISL_502577	EPI_ISL_502577	EPI_ISL_502577
A/swine/France/59-170241/2017	EPI_ISL_502529	EPI_ISL_502529	EPI_ISL_502529	EPI_ISL_502529	EPI_ISL_502529	EPI_ISL_502529	EPI_ISL_502529	EPI_ISL_502529
A/swine/France/59-180117/2018	EPI_ISL_502531	EPI_ISL_502531	EPI_ISL_502531	EPI_ISL_502531	EPI_ISL_502531	EPI_ISL_502531	EPI_ISL_502531	EPI_ISL_502531
A/swine/France/50-130337/2013	EPI_ISL_502504	EPI_ISL_502504	EPI_ISL_502504	EPI_ISL_502504	EPI_ISL_502504	EPI_ISL_502504	EPI_ISL_502504	EPI_ISL_502504
A/swine/France/56-180406/2018	EPI_ISL_502519	EPI_ISL_502519	EPI_ISL_502519	EPI_ISL_502519	EPI_ISL_502519	EPI_ISL_502519	EPI_ISL_502519	EPI_ISL_502519
A/swine/France/56-180360/2018	EPI_ISL_502518	EPI_ISL_502518	EPI_ISL_502518	EPI_ISL_502518	EPI_ISL_502518	EPI_ISL_502518	EPI_ISL_502518	EPI_ISL_502518
A/swine/France/56-170294/2017	EPI_ISL_502517	EPI_ISL_502517	EPI_ISL_502517	EPI_ISL_502517	EPI_ISL_502517	EPI_ISL_502517	EPI_ISL_502517	EPI_ISL_502517
A/swine/France/56-170226/2017	EPI_ISL_502516	EPI_ISL_502516	EPI_ISL_502516	EPI_ISL_502516	EPI_ISL_502516	EPI_ISL_502516	EPI_ISL_502516	EPI_ISL_502516
A/swine/France/56-170177/2017	EPI_ISL_502515	EPI_ISL_502515	EPI_ISL_502515	EPI_ISL_502515	EPI_ISL_502515	EPI_ISL_502515	EPI_ISL_502515	EPI_ISL_502515
A/swine/France/56-170170/2017	EPI_ISL_502514	EPI_ISL_502514	EPI_ISL_502514	EPI_ISL_502514	EPI_ISL_502514	EPI_ISL_502514	EPI_ISL_502514	EPI_ISL_502514
A/swine/France/56-170149/2017	EPI_ISL_502513	EPI_ISL_502513	EPI_ISL_502513	EPI_ISL_502513	EPI_ISL_502513	EPI_ISL_502513	EPI_ISL_502513	EPI_ISL_502513
A/swine/France/56-170084/2017	EPI_ISL_502512	EPI_ISL_502512	EPI_ISL_502512	EPI_ISL_502512	EPI_ISL_502512	EPI_ISL_502512	EPI_ISL_502512	EPI_ISL_502512
A/swine/France/59-170058/2017	EPI_ISL_502527	EPI_ISL_502527	EPI_ISL_502527	EPI_ISL_502527	EPI_ISL_502527	EPI_ISL_502527	EPI_ISL_502527	EPI_ISL_502527
A/swine/France/59-170345/2017	EPI_ISL_502530	EPI_ISL_502530	EPI_ISL_502530	EPI_ISL_502530	EPI_ISL_502530	EPI_ISL_502530	EPI_ISL_502530	EPI_ISL_502530
A/swine/France/59-170028/2017	EPI_ISL_502526	EPI_ISL_502526	EPI_ISL_502526	EPI_ISL_502526	EPI_ISL_502526	EPI_ISL_502526	EPI_ISL_502526	EPI_ISL_502526
A/swine/France/59-160211/2016	EPI_ISL_502524	EPI_ISL_502524	EPI_ISL_502524	EPI_ISL_502524	EPI_ISL_502524	EPI_ISL_502524	EPI_ISL_502524	EPI_ISL_502524
A/swine/France/59-130174/2013	EPI_ISL_502523	EPI_ISL_502523	EPI_ISL_502523	EPI_ISL_502523	EPI_ISL_502523	EPI_ISL_502523	EPI_ISL_502523	EPI_ISL_502523
A/swine/France/56-180472/2018	EPI_ISL_502522	EPI_ISL_502522	EPI_ISL_502522	EPI_ISL_502522	EPI_ISL_502522	EPI_ISL_502522	EPI_ISL_502522	EPI_ISL_502522
A/swine/France/56-180470/2018	EPI_ISL_502521	EPI_ISL_502521	EPI_ISL_502521	EPI_ISL_502521	EPI_ISL_502521	EPI_ISL_502521	EPI_ISL_502521	EPI_ISL_502521
A/swine/France/56-180424/2018	EPI_ISL_502520	EPI_ISL_502520	EPI_ISL_502520	EPI_ISL_502520	EPI_ISL_502520	EPI_ISL_502520	EPI_ISL_502520	EPI_ISL_502520
A/swine/France/61-140350/2014		EPI_ISL_502535	EPI_ISL_502535	EPI_ISL_502535			EPI_ISL_502535	
A/swine/France/59_180334/2018	EPI_ISL_502534	EPI_ISL_502534	EPI_ISL_502534	EPI_ISL_502534	EPI_ISL_502534	EPI_ISL_502534	EPI_ISL_502534	EPI_ISL_502534
A/swine/France/59-180465/2018	EPI_ISL_502533	EPI_ISL_502533	EPI_ISL_502533	EPI_ISL_502533	EPI_ISL_502533	EPI_ISL_502533	EPI_ISL_502533	EPI_ISL_502533
A/swine/France/59-180359/2018	EPI_ISL_502532	EPI_ISL_502532	EPI_ISL_502532	EPI_ISL_502532	EPI_ISL_502532	EPI_ISL_502532	EPI_ISL_502532	EPI_ISL_502532
A/swine/France/59-160320/2016	EPI_ISL_502525	EPI_ISL_502525	EPI_ISL_502525	EPI_ISL_502525	EPI_ISL_502525	EPI_ISL_502525	EPI_ISL_502525	EPI_ISL_502525
A/swine/France/Ille_et_Vilaine-0648/2011	EPI_ISL_502588	EPI_ISL_502588	EPI_ISL_502588	EPI_ISL_502588	EPI_ISL_502588	EPI_ISL_502588	EPI_ISL_502588	EPI_ISL_502588
A/swine/France/Ille_et_Vilaine-0115/2011	EPI_ISL_502587	EPI_ISL_502587	EPI_ISL_502587	EPI_ISL_502587	EPI_ISL_502587	EPI_ISL_502587	EPI_ISL_502587	EPI_ISL_502587
A/swine/France/Finistere-0186/2011	EPI_ISL_502586	EPI_ISL_502586	EPI_ISL_502586	EPI_ISL_502586	EPI_ISL_502586	EPI_ISL_502586	EPI_ISL_502586	EPI_ISL_502586
A/swine/Spain/1297/2016	EPI_ISL_499135	EPI_ISL_499135	EPI_ISL_499135	EPI_ISL_499135	EPI_ISL_499135	EPI_ISL_499135	EPI_ISL_499135	EPI_ISL_499135
A/swine/Spain/1372/2015	EPI_ISL_499134	EPI_ISL_499134	EPI_ISL_499134	EPI_ISL_499134	EPI_ISL_499134	EPI_ISL_499134	EPI_ISL_499134	EPI_ISL_499134
A/swine/Spain/1279/2015	EPI_ISL_499133	EPI_ISL_499133	EPI_ISL_499133	EPI_ISL_499133	EPI_ISL_499133	EPI_ISL_499133	EPI_ISL_499133	EPI_ISL_499133
A/swine/Spain/1792/2016	EPI_ISL_499132	EPI_ISL_499132	EPI_ISL_499132	EPI_ISL_499132	EPI_ISL_499132	EPI_ISL_499132	EPI_ISL_499132	EPI_ISL_499132
A/swine/Spain/2698/2016	EPI_ISL_499131	EPI_ISL_499131	EPI_ISL_499131	EPI_ISL_499131	EPI_ISL_499131	EPI_ISL_499131	EPI_ISL_499131	EPI_ISL_499131
A/swine/Spain/1268/2015	EPI_ISL_499130	EPI_ISL_499130	EPI_ISL_499130	EPI_ISL_499130	EPI_ISL_499130	EPI_ISL_499130	EPI_ISL_499130	EPI_ISL_499130
A/swine/Spain/850/2016	EPI_ISL_499129	EPI_ISL_499129	EPI_ISL_499129	EPI_ISL_499129	EPI_ISL_499129	EPI_ISL_499129	EPI_ISL_499129	EPI_ISL_499129
A/swine/Spain/BM130/2018	EPI_ISL_499143	EPI_ISL_499143	EPI_ISL_499143	EPI_ISL_499143	EPI_ISL_499143	EPI_ISL_499143	EPI_ISL_499143	EPI_ISL_499143
A/swine/Spain/BM108/2018	EPI_ISL_499142	EPI_ISL_499142	EPI_ISL_499142	EPI_ISL_499142	EPI_ISL_499142	EPI_ISL_499142	EPI_ISL_499142	EPI_ISL_499142
A/swine/Spain/072/2017	EPI_ISL_499141	EPI_ISL_499141	EPI_ISL_499141	EPI_ISL_499141	EPI_ISL_499141	EPI_ISL_499141	EPI_ISL_499141	EPI_ISL_499141
A/swine/Spain/052/2017	EPI_ISL_499140	EPI_ISL_499140	EPI_ISL_499140	EPI_ISL_499140	EPI_ISL_499140	EPI_ISL_499140	EPI_ISL_499140	EPI_ISL_499140
A/swine/Spain/049/2017	EPI_ISL_499139	EPI_ISL_499139	EPI_ISL_499139	EPI_ISL_499139	EPI_ISL_499139	EPI_ISL_499139	EPI_ISL_499139	EPI_ISL_499139
A/swine/Spain/042/2017	EPI_ISL_499138	EPI_ISL_499138	EPI_ISL_499138	EPI_ISL_499138	EPI_ISL_499138	EPI_ISL_499138	EPI_ISL_499138	EPI_ISL_499138
A/swine/Italy/1932/2017	EPI_ISL_14761255	EPI_ISL_14761255	EPI_ISL_14761255	EPI_ISL_14761255	EPI_ISL_14761255	EPI_ISL_14761255	EPI_ISL_14761255	EPI_ISL_14761255
A/swine/Spain/019/2017	EPI_ISL_499137	EPI_ISL_499137	EPI_ISL_499137	EPI_ISL_499137	EPI_ISL_499137	EPI_ISL_499137	EPI_ISL_499137	EPI_ISL_499137
A/swine/Spain/007/2017	EPI_ISL_499136	EPI_ISL_499136	EPI_ISL_499136	EPI_ISL_499136	EPI_ISL_499136	EPI_ISL_499136	EPI_ISL_499136	EPI_ISL_499136
A/swine/Spain/283/2016	EPI_ISL_499128	EPI_ISL_499128	EPI_ISL_499128	EPI_ISL_499128	EPI_ISL_499128	EPI_ISL_499128	EPI_ISL_499128	EPI_ISL_499128
A/swine/France/Cotes_d'Armor-0455/2011	EPI_ISL_502585	EPI_ISL_502585	EPI_ISL_502585	EPI_ISL_502585	EPI_ISL_502585	EPI_ISL_502585	EPI_ISL_502585	EPI_ISL_502585
A/swine/France/Cotes_d'Armor-0295/2011	EPI_ISL_502584	EPI_ISL_502584	EPI_ISL_502584	EPI_ISL_502584	EPI_ISL_502584	EPI_ISL_502584	EPI_ISL_502584	EPI_ISL_502584
A/swine/Italy/218884-2/2012	EPI_ISL_142229	EPI_ISL_142229	EPI_ISL_142229	EPI_ISL_142229	EPI_ISL_142229	EPI_ISL_142229	EPI_ISL_142229	EPI_ISL_142229
A/swine/Leningrad_Region/RII03/2017	EPI_ISL_314323	EPI_ISL_314323	EPI_ISL_314323	EPI_ISL_314323	EPI_ISL_314323	EPI_ISL_314323	EPI_ISL_314323	EPI_ISL_314323
A/wild_boar/Italy/291320/2012	EPI_ISL_142300	EPI_ISL_142300	EPI_ISL_142300	EPI_ISL_142300	EPI_ISL_142300	EPI_ISL_142300	EPI_ISL_142300	EPI_ISL_142300
A/swine/Italy/4159/2006	EPI_ISL_19213569	EPI_ISL_19213569	EPI_ISL_19213569	EPI_ISL_19213569	EPI_ISL_19213569	EPI_ISL_19213569	EPI_ISL_19213569	EPI_ISL_19213569
A/swine/Italy/181051/2017	EPI_ISL_14761173	EPI_ISL_14761173	EPI_ISL_14761173	EPI_ISL_14761173	EPI_ISL_14761173	EPI_ISL_14761173	EPI_ISL_14761173	EPI_ISL_14761173
A/swine/Italy/4660-3/2009	EPI_ISL_248935	EPI_ISL_248935	EPI_ISL_248935	EPI_ISL_248935	EPI_ISL_248935	EPI_ISL_248935	EPI_ISL_248935	EPI_ISL_248935
A/swine/France/35-160126/2016	EPI_ISL_502999	EPI_ISL_502999	EPI_ISL_502999	EPI_ISL_502999	EPI_ISL_502999	EPI_ISL_502999	EPI_ISL_502999	EPI_ISL_502999
A/swine/France/29-160096/2016	EPI_ISL_502998	EPI_ISL_502998	EPI_ISL_502998	EPI_ISL_502998	EPI_ISL_502998	EPI_ISL_502998	EPI_ISL_502998	EPI_ISL_502998
A/swine/France/22-160079/2016	EPI_ISL_502997	EPI_ISL_502997	EPI_ISL_502997	EPI_ISL_502997	EPI_ISL_502997	EPI_ISL_502997	EPI_ISL_502997	EPI_ISL_502997
A/swine/France/01-160099/2016	EPI_ISL_502996	EPI_ISL_502996	EPI_ISL_502996	EPI_ISL_502996	EPI_ISL_502996	EPI_ISL_502996	EPI_ISL_502996	EPI_ISL_502996
A/swine/France/35-160197/2016	EPI_ISL_502490	EPI_ISL_503003	EPI_ISL_503003	EPI_ISL_503003	EPI_ISL_502490	EPI_ISL_502490	EPI_ISL_503003	EPI_ISL_502490
A/swine/France/72-160154/2016	EPI_ISL_503001	EPI_ISL_503001	EPI_ISL_503001	EPI_ISL_503001	EPI_ISL_503001	EPI_ISL_503001	EPI_ISL_503001	EPI_ISL_503001
A/swine/France/22-160150/2016	EPI_ISL_503000	EPI_ISL_503000	EPI_ISL_503000	EPI_ISL_503000	EPI_ISL_503000	EPI_ISL_503000	EPI_ISL_503000	EPI_ISL_503000
A/Swine/Spain/SF11131/2007	EPI_ISL_142642	EPI_ISL_142642	EPI_ISL_142642	EPI_ISL_142642	EPI_ISL_142642	EPI_ISL_142642	EPI_ISL_142642	EPI_ISL_142642
A/Swine/Spain/SF12091/2007	EPI_ISL_142644	EPI_ISL_142644	EPI_ISL_142644	EPI_ISL_142644	EPI_ISL_142644	EPI_ISL_142644	EPI_ISL_142644	EPI_ISL_142644
A/swine/Italy/325451/2011	EPI_ISL_171317	EPI_ISL_171317	EPI_ISL_171317	EPI_ISL_171317	EPI_ISL_171317	EPI_ISL_171317	EPI_ISL_171317	EPI_ISL_171317
A/Swine/Spain/80598LP4/2007	EPI_ISL_142645	EPI_ISL_142645	EPI_ISL_142645	EPI_ISL_142645	EPI_ISL_142645	EPI_ISL_142645	EPI_ISL_142645	EPI_ISL_142645
A/swine/Italy/196010/2017	EPI_ISL_14761352	EPI_ISL_14761352	EPI_ISL_14761352	EPI_ISL_14761352	EPI_ISL_14761352	EPI_ISL_14761352	EPI_ISL_14761352	EPI_ISL_14761352
A/swine/France/50-140056/2014	EPI_ISL_502505	EPI_ISL_502505	EPI_ISL_502505	EPI_ISL_502505	EPI_ISL_502505	EPI_ISL_502505	EPI_ISL_502505	EPI_ISL_502505
A/swine/Spain/118/2018	EPI_ISL_499150	EPI_ISL_499150	EPI_ISL_499150	EPI_ISL_499150	EPI_ISL_499150	EPI_ISL_499150	EPI_ISL_499150	EPI_ISL_499150
A/swine/France/50-160358/2016	EPI_ISL_502506	EPI_ISL_502506	EPI_ISL_502506	EPI_ISL_502506	EPI_ISL_502506	EPI_ISL_502506	EPI_ISL_502506	EPI_ISL_502506
A/swine/France/50-170342/2017	EPI_ISL_502508	EPI_ISL_502508	EPI_ISL_502508	EPI_ISL_502508	EPI_ISL_502508	EPI_ISL_502508	EPI_ISL_502508	EPI_ISL_502508
A/Swine/Netherlands/15583/2019	EPI_ISL_18885561	EPI_ISL_18885561	EPI_ISL_18885561	EPI_ISL_18885561	EPI_ISL_18885561	EPI_ISL_18885561	EPI_ISL_18885561	EPI_ISL_18885561
A/Swine/Netherlands/7975/2022	EPI_ISL_18885563	EPI_ISL_18885563	EPI_ISL_18885563	EPI_ISL_18885563	EPI_ISL_18885563	EPI_ISL_18885563	EPI_ISL_18885563	EPI_ISL_18885563
A/swine/France/01-180027/2018	EPI_ISL_502447	EPI_ISL_502447	EPI_ISL_502447	EPI_ISL_502447	EPI_ISL_502447	EPI_ISL_502447	EPI_ISL_502447	EPI_ISL_502447
A/swine/France/64-150152/2015	EPI_ISL_502446	EPI_ISL_502446	EPI_ISL_502446	EPI_ISL_502446	EPI_ISL_502446	EPI_ISL_502446	EPI_ISL_502446	EPI_ISL_502446
A/swine/France/01-140489/2014	EPI_ISL_502445	EPI_ISL_502445	EPI_ISL_502445	EPI_ISL_502445	EPI_ISL_502445	EPI_ISL_502445	EPI_ISL_502445	EPI_ISL_502445
A/Swine/AT_Tulln/121521_2/2015	EPI_ISL_19143567	EPI_ISL_19143567	EPI_ISL_19143567	EPI_ISL_19143567	EPI_ISL_19143567	EPI_ISL_19143567	EPI_ISL_19143567	EPI_ISL_19143567
A/swine/France/12-180474/2018	EPI_ISL_502454	EPI_ISL_502454	EPI_ISL_502454	EPI_ISL_502454	EPI_ISL_502454	EPI_ISL_502454	EPI_ISL_502454	EPI_ISL_502454
A/swine/France/12-180371/2018	EPI_ISL_502453	EPI_ISL_502453	EPI_ISL_502453	EPI_ISL_502453	EPI_ISL_502453	EPI_ISL_502453	EPI_ISL_502453	EPI_ISL_502453
A/swine/France/05-150198/2015	EPI_ISL_502452	EPI_ISL_502452	EPI_ISL_502452	EPI_ISL_502452	EPI_ISL_502452	EPI_ISL_502452	EPI_ISL_502452	EPI_ISL_502452
A/Swine/AT_Tulln/121521_4/2015	EPI_ISL_19143568	EPI_ISL_19143568	EPI_ISL_19143568	EPI_ISL_19143568	EPI_ISL_19143568	EPI_ISL_19143568	EPI_ISL_19143568	EPI_ISL_19143568
A/swine/France/01-180274/2018	EPI_ISL_502451	EPI_ISL_502451	EPI_ISL_502451	EPI_ISL_502451	EPI_ISL_502451	EPI_ISL_502451	EPI_ISL_502451	EPI_ISL_502451
A/swine/France/01-180255/2018	EPI_ISL_502450	EPI_ISL_502450	EPI_ISL_502450	EPI_ISL_502450	EPI_ISL_502450	EPI_ISL_502450	EPI_ISL_502450	EPI_ISL_502450
A/swine/France/01-170070/2017	EPI_ISL_502449	EPI_ISL_502449	EPI_ISL_502449	EPI_ISL_502449	EPI_ISL_502449	EPI_ISL_502449	EPI_ISL_502449	EPI_ISL_502449
A/swine/France/01-130145/2013	EPI_ISL_502448	EPI_ISL_502448	EPI_ISL_502448	EPI_ISL_502448	EPI_ISL_502448	EPI_ISL_502448	EPI_ISL_502448	EPI_ISL_502448
A/swine/Italy/116114/2010	EPI_ISL_84662	EPI_ISL_84662	EPI_ISL_84662	EPI_ISL_84662	EPI_ISL_84662	EPI_ISL_84662	EPI_ISL_84662	EPI_ISL_84662
A/swine/France/22-180017/2018	EPI_ISL_502463	EPI_ISL_502463	EPI_ISL_502463	EPI_ISL_502463	EPI_ISL_502463	EPI_ISL_502463	EPI_ISL_502463	EPI_ISL_502463
A/swine/France/16-180487/2018	EPI_ISL_502455	EPI_ISL_502455	EPI_ISL_502455	EPI_ISL_502455	EPI_ISL_502455	EPI_ISL_502455	EPI_ISL_502455	EPI_ISL_502455
A/swine/France/22-180008/2018	EPI_ISL_502462	EPI_ISL_502462	EPI_ISL_502462	EPI_ISL_502462	EPI_ISL_502462	EPI_ISL_502462	EPI_ISL_502462	EPI_ISL_502462
A/swine/Garrel/IDT14892/2012	EPI_ISL_154229	EPI_ISL_154229	EPI_ISL_154229	EPI_ISL_154229	EPI_ISL_154229	EPI_ISL_154229	EPI_ISL_154229	EPI_ISL_154229
A/Swine/AT_WrNeustadt/8146/2018	EPI_ISL_19143516	EPI_ISL_19143516	EPI_ISL_19143516	EPI_ISL_19143516	EPI_ISL_19143516	EPI_ISL_19143516	EPI_ISL_19143516	EPI_ISL_19143516
A/Swine/AT_NOE/P6704/2005	EPI_ISL_19143517	EPI_ISL_19143517	EPI_ISL_19143517	EPI_ISL_19143517	EPI_ISL_19143517	EPI_ISL_19143517	EPI_ISL_19143517	EPI_ISL_19143517
A/swine/France/18-120158/2012	EPI_ISL_195259	EPI_ISL_195259	EPI_ISL_195259	EPI_ISL_195259	EPI_ISL_195259	EPI_ISL_195259	EPI_ISL_195259	EPI_ISL_195259
A/swine/France/22-170335/2017	EPI_ISL_502461	EPI_ISL_502461	EPI_ISL_502461	EPI_ISL_502461	EPI_ISL_502461	EPI_ISL_502461	EPI_ISL_502461	EPI_ISL_502461
A/swine/France/22-170307/2017	EPI_ISL_502460	EPI_ISL_502460	EPI_ISL_502460	EPI_ISL_502460	EPI_ISL_502460	EPI_ISL_502460	EPI_ISL_502460	EPI_ISL_502460
A/swine/France/29-170184/2017	EPI_ISL_502481	EPI_ISL_502481	EPI_ISL_502481	EPI_ISL_502481	EPI_ISL_502481	EPI_ISL_502481	EPI_ISL_502481	EPI_ISL_502481
A/swine/France/29-170114/2017	EPI_ISL_502480	EPI_ISL_502480	EPI_ISL_502480	EPI_ISL_502480	EPI_ISL_502480	EPI_ISL_502480	EPI_ISL_502480	EPI_ISL_502480
A/swine/Schallern/IDT19989/2014	EPI_ISL_219860	EPI_ISL_219860	EPI_ISL_219860	EPI_ISL_219860	EPI_ISL_219860	EPI_ISL_219860	EPI_ISL_219860	EPI_ISL_219860
A/swine/France/35-180318/2018	EPI_ISL_502495	EPI_ISL_502495	EPI_ISL_502495	EPI_ISL_502495	EPI_ISL_502495	EPI_ISL_502495	EPI_ISL_502495	EPI_ISL_502495
A/swine/France/35-170242/2017	EPI_ISL_502494	EPI_ISL_502494	EPI_ISL_502494	EPI_ISL_502494	EPI_ISL_502494	EPI_ISL_502494	EPI_ISL_502494	EPI_ISL_502494
A/swine/France/35-170233/2017	EPI_ISL_502493	EPI_ISL_502493	EPI_ISL_502493	EPI_ISL_502493	EPI_ISL_502493	EPI_ISL_502493	EPI_ISL_502493	EPI_ISL_502493
A/swine/France/35-160395/2016	EPI_ISL_502492	EPI_ISL_502492	EPI_ISL_502492	EPI_ISL_502492	EPI_ISL_502492	EPI_ISL_502492	EPI_ISL_502492	EPI_ISL_502492
A/swine/France/35-160204/2016	EPI_ISL_502491	EPI_ISL_502491	EPI_ISL_502491	EPI_ISL_502491	EPI_ISL_502491	EPI_ISL_502491	EPI_ISL_502491	EPI_ISL_502491
A/swine/France/29-180202/2018	EPI_ISL_502489	EPI_ISL_502489	EPI_ISL_502489	EPI_ISL_502489	EPI_ISL_502489	EPI_ISL_502489	EPI_ISL_502489	EPI_ISL_502489
A/swine/France/29-170197/2017	EPI_ISL_502482	EPI_ISL_502482	EPI_ISL_502482	EPI_ISL_502482	EPI_ISL_502482	EPI_ISL_502482	EPI_ISL_502482	EPI_ISL_502482
A/swine/France/29-180124/2018	EPI_ISL_502488	EPI_ISL_502488	EPI_ISL_502488	EPI_ISL_502488	EPI_ISL_502488	EPI_ISL_502488	EPI_ISL_502488	EPI_ISL_502488
A/swine/France/49-180429/2018	EPI_ISL_502502	EPI_ISL_502502	EPI_ISL_502502	EPI_ISL_502502	EPI_ISL_502502	EPI_ISL_502502	EPI_ISL_502502	EPI_ISL_502502
A/swine/France/44-180495/2018	EPI_ISL_502501	EPI_ISL_502501	EPI_ISL_502501	EPI_ISL_502501	EPI_ISL_502501	EPI_ISL_502501	EPI_ISL_502501	EPI_ISL_502501
A/swine/France/43-180020/2018	EPI_ISL_502500	EPI_ISL_502500	EPI_ISL_502500	EPI_ISL_502500	EPI_ISL_502500	EPI_ISL_502500	EPI_ISL_502500	EPI_ISL_502500
A/swine/France/41-120137/2012	EPI_ISL_502499	EPI_ISL_502499	EPI_ISL_502499	EPI_ISL_502499	EPI_ISL_502499	EPI_ISL_502499	EPI_ISL_502499	EPI_ISL_502499
A/swine/France/39-180140/2018	EPI_ISL_502498	EPI_ISL_502498	EPI_ISL_502498	EPI_ISL_502498	EPI_ISL_502498	EPI_ISL_502498	EPI_ISL_502498	EPI_ISL_502498
A/swine/France/35-190039/2018	EPI_ISL_502497	EPI_ISL_502497	EPI_ISL_502497	EPI_ISL_502497	EPI_ISL_502497	EPI_ISL_502497	EPI_ISL_502497	EPI_ISL_502497
A/swine/France/35-180443/2018	EPI_ISL_502496	EPI_ISL_502496	EPI_ISL_502496	EPI_ISL_502496	EPI_ISL_502496	EPI_ISL_502496	EPI_ISL_502496	EPI_ISL_502496
A/swine/France/53-180462/2018	EPI_ISL_502511	EPI_ISL_502511	EPI_ISL_502511	EPI_ISL_502511	EPI_ISL_502511	EPI_ISL_502511	EPI_ISL_502511	EPI_ISL_502511
A/swine/France/53-170144/2017	EPI_ISL_502510	EPI_ISL_502510	EPI_ISL_502510	EPI_ISL_502510	EPI_ISL_502510	EPI_ISL_502510	EPI_ISL_502510	EPI_ISL_502510
A/swine/France/53-160350/2016	EPI_ISL_502509	EPI_ISL_502509	EPI_ISL_502509	EPI_ISL_502509	EPI_ISL_502509	EPI_ISL_502509	EPI_ISL_502509	EPI_ISL_502509
A/swine/France/49_180161/2018	EPI_ISL_502503	EPI_ISL_502503	EPI_ISL_502503	EPI_ISL_502503	EPI_ISL_502503	EPI_ISL_502503	EPI_ISL_502503	EPI_ISL_502503
A/swine/France/29-170198/2017	EPI_ISL_502483	EPI_ISL_502483	EPI_ISL_502483	EPI_ISL_502483	EPI_ISL_502483	EPI_ISL_502483	EPI_ISL_502483	EPI_ISL_502483
A/swine/France/29-170306/2017	EPI_ISL_502484	EPI_ISL_502484	EPI_ISL_502484	EPI_ISL_502484	EPI_ISL_502484	EPI_ISL_502484	EPI_ISL_502484	EPI_ISL_502484
A/swine/France/29-170332/2017	EPI_ISL_502485	EPI_ISL_502485	EPI_ISL_502485	EPI_ISL_502485	EPI_ISL_502485	EPI_ISL_502485	EPI_ISL_502485	EPI_ISL_502485
A/swine/France/22-170192/2017	EPI_ISL_502459	EPI_ISL_502459	EPI_ISL_502459	EPI_ISL_502459	EPI_ISL_502459	EPI_ISL_502459	EPI_ISL_502459	EPI_ISL_502459
A/swine/France/22-170089/2017	EPI_ISL_502458	EPI_ISL_502458	EPI_ISL_502458	EPI_ISL_502458	EPI_ISL_502458	EPI_ISL_502458	EPI_ISL_502458	EPI_ISL_502458
A/swine/France/22-170027/2017	EPI_ISL_502457	EPI_ISL_502457	EPI_ISL_502457	EPI_ISL_502457	EPI_ISL_502457	EPI_ISL_502457	EPI_ISL_502457	EPI_ISL_502457
A/swine/La_Reunion/0164/2010	EPI_ISL_142012	EPI_ISL_142012	EPI_ISL_142012	EPI_ISL_142012	EPI_ISL_142012	EPI_ISL_142012	EPI_ISL_142012	EPI_ISL_142012
A/swine/France/22-150384/2015	EPI_ISL_502456	EPI_ISL_502456	EPI_ISL_502456	EPI_ISL_502456	EPI_ISL_502456	EPI_ISL_502456	EPI_ISL_502456	EPI_ISL_502456
A/swine/France/24-170162/2017	EPI_ISL_502471	EPI_ISL_502471	EPI_ISL_502471	EPI_ISL_502471	EPI_ISL_502471	EPI_ISL_502471	EPI_ISL_502471	EPI_ISL_502471
A/swine/Poland/18275/2012	EPI_ISL_195266	EPI_ISL_195266	EPI_ISL_195266	EPI_ISL_195266	EPI_ISL_195266	EPI_ISL_195266	EPI_ISL_195266	EPI_ISL_195266
A/swine/France/22-180323/2018	EPI_ISL_502469	EPI_ISL_502469	EPI_ISL_502469	EPI_ISL_502469	EPI_ISL_502469	EPI_ISL_502469	EPI_ISL_502469	EPI_ISL_502469
A/swine/France/22-180287/2018	EPI_ISL_502468	EPI_ISL_502468	EPI_ISL_502468	EPI_ISL_502468	EPI_ISL_502468	EPI_ISL_502468	EPI_ISL_502468	EPI_ISL_502468
A/swine/France/22-180254/2018	EPI_ISL_502467	EPI_ISL_502467	EPI_ISL_502467	EPI_ISL_502467	EPI_ISL_502467	EPI_ISL_502467	EPI_ISL_502467	EPI_ISL_502467
A/swine/France/22-180175/2018	EPI_ISL_502466	EPI_ISL_502466	EPI_ISL_502466	EPI_ISL_502466	EPI_ISL_502466	EPI_ISL_502466	EPI_ISL_502466	EPI_ISL_502466
A/swine/France/22-180048/2018	EPI_ISL_502465	EPI_ISL_502465	EPI_ISL_502465	EPI_ISL_502465	EPI_ISL_502465	EPI_ISL_502465	EPI_ISL_502465	EPI_ISL_502465
A/swine/France/22-180018/2018	EPI_ISL_502464	EPI_ISL_502464	EPI_ISL_502464	EPI_ISL_502464	EPI_ISL_502464	EPI_ISL_502464	EPI_ISL_502464	EPI_ISL_502464
A/swine/France/29-170091/2017	EPI_ISL_502479	EPI_ISL_502479	EPI_ISL_502479	EPI_ISL_502479	EPI_ISL_502479	EPI_ISL_502479	EPI_ISL_502479	EPI_ISL_502479
A/swine/France/29-170039/2017	EPI_ISL_502478	EPI_ISL_502478	EPI_ISL_502478	EPI_ISL_502478	EPI_ISL_502478	EPI_ISL_502478	EPI_ISL_502478	EPI_ISL_502478
A/swine/France/29-160400/2016	EPI_ISL_502477	EPI_ISL_502477	EPI_ISL_502477	EPI_ISL_502477	EPI_ISL_502477	EPI_ISL_502477	EPI_ISL_502477	EPI_ISL_502477
A/swine/France/29-160352/2016	EPI_ISL_502476	EPI_ISL_502476	EPI_ISL_502476	EPI_ISL_502476	EPI_ISL_502476	EPI_ISL_502476	EPI_ISL_502476	EPI_ISL_502476
A/swine/France/29-160311/2016	EPI_ISL_502475	EPI_ISL_502475	EPI_ISL_502475	EPI_ISL_502475	EPI_ISL_502475	EPI_ISL_502475	EPI_ISL_502475	EPI_ISL_502475
A/swine/France/29-160250/2016	EPI_ISL_502474	EPI_ISL_502474	EPI_ISL_502474	EPI_ISL_502474	EPI_ISL_502474	EPI_ISL_502474	EPI_ISL_502474	EPI_ISL_502474
A/swine/France/29-150341/2015	EPI_ISL_502473	EPI_ISL_502473	EPI_ISL_502473	EPI_ISL_502473	EPI_ISL_502473	EPI_ISL_502473	EPI_ISL_502473	EPI_ISL_502473
A/swine/France/29-140342/2014	EPI_ISL_502472	EPI_ISL_502472	EPI_ISL_502472	EPI_ISL_502472	EPI_ISL_502472	EPI_ISL_502472	EPI_ISL_502472	EPI_ISL_502472
A/swine/France/29-180035/2018	EPI_ISL_502487	EPI_ISL_502487	EPI_ISL_502487	EPI_ISL_502487	EPI_ISL_502487	EPI_ISL_502487	EPI_ISL_502487	EPI_ISL_502487
A/swine/France/29-180023/2018	EPI_ISL_502486	EPI_ISL_502486	EPI_ISL_502486	EPI_ISL_502486	EPI_ISL_502486	EPI_ISL_502486	EPI_ISL_502486	EPI_ISL_502486
A/swine/France/50-170323/2017	EPI_ISL_502507	EPI_ISL_502507	EPI_ISL_502507	EPI_ISL_502507	EPI_ISL_502507	EPI_ISL_502507	EPI_ISL_502507	EPI_ISL_502507
A/swine/Netherlands/Haaksbergen-136/2011	EPI_ISL_195026	EPI_ISL_195026	EPI_ISL_195026	EPI_ISL_195026	EPI_ISL_195026	EPI_ISL_195026	EPI_ISL_195026	EPI_ISL_195026
A/swine/France/35-200279/2020	EPI_ISL_9593294	EPI_ISL_9593294	EPI_ISL_9593294	EPI_ISL_9593294	EPI_ISL_9593294	EPI_ISL_9593294	EPI_ISL_9593294	EPI_ISL_9593294
A/swine/France/35-200271/2020	EPI_ISL_9593292	EPI_ISL_9593292	EPI_ISL_9593292	EPI_ISL_9593292	EPI_ISL_9593292	EPI_ISL_9593292	EPI_ISL_9593292	EPI_ISL_9593292
A/swine/France/12-200170/2020	EPI_ISL_9589920	EPI_ISL_9589920	EPI_ISL_9589920	EPI_ISL_9589920	EPI_ISL_9589920	EPI_ISL_9589920	EPI_ISL_9589920	EPI_ISL_9589920
A/sw/Nordrhein-Westfalen/99/2022	EPI_ISL_16690372	EPI_ISL_16690372	EPI_ISL_16690372	EPI_ISL_16690372	EPI_ISL_16690372	EPI_ISL_16690372	EPI_ISL_16690372	EPI_ISL_16690372
A/swine/Nordrhein-Westfalen/88/2024	EPI_ISL_19072287	EPI_ISL_19072287	EPI_ISL_19072287	EPI_ISL_19072287	EPI_ISL_19072287	EPI_ISL_19072287	EPI_ISL_19072287	EPI_ISL_19072287
A/Swine/Netherlands/GDE0061/2023	EPI_ISL_18802014	EPI_ISL_18802014	EPI_ISL_18802014	EPI_ISL_18802014	EPI_ISL_18802014	EPI_ISL_18802014	EPI_ISL_18802014	EPI_ISL_18802014
A/Swine/Netherlands/GDE0065/2023	EPI_ISL_18802015	EPI_ISL_18802015	EPI_ISL_18802015	EPI_ISL_18802015	EPI_ISL_18802015	EPI_ISL_18802015	EPI_ISL_18802015	EPI_ISL_18802015
A/Swine/Netherlands/GDE0060/2023	EPI_ISL_18802013	EPI_ISL_18802013	EPI_ISL_18802013	EPI_ISL_18802013	EPI_ISL_18802013	EPI_ISL_18802013	EPI_ISL_18802013	EPI_ISL_18802013
A/Swine/Netherlands/GDE0058/2023	EPI_ISL_18802010	EPI_ISL_18802010	EPI_ISL_18802010	EPI_ISL_18802010	EPI_ISL_18802010	EPI_ISL_18802010	EPI_ISL_18802010	EPI_ISL_18802010
A/Swine/Netherlands/GDE0059/2023	EPI_ISL_18802011	EPI_ISL_18802011	EPI_ISL_18802011	EPI_ISL_18802011	EPI_ISL_18802011	EPI_ISL_18802011	EPI_ISL_18802011	EPI_ISL_18802011
A/Swine/Netherlands/GDE0052/2023	EPI_ISL_18802008	EPI_ISL_18802008	EPI_ISL_18802008	EPI_ISL_18802008	EPI_ISL_18802008	EPI_ISL_18802008	EPI_ISL_18802008	EPI_ISL_18802008
A/swine/Denmark/S19922-5/2021	EPI_ISL_9604273	EPI_ISL_9604273	EPI_ISL_9604273	EPI_ISL_9604273	EPI_ISL_9604273	EPI_ISL_9604273	EPI_ISL_9604273	EPI_ISL_9604273
A/Swine/Netherlands/GDE0056/2022	EPI_ISL_18802009	EPI_ISL_18802009	EPI_ISL_18802009	EPI_ISL_18802009	EPI_ISL_18802009	EPI_ISL_18802009	EPI_ISL_18802009	EPI_ISL_18802009
A/swine/England/128406/2023	EPI_ISL_18586963	EPI_ISL_18586963	EPI_ISL_18586963	EPI_ISL_18586963	EPI_ISL_18586963	EPI_ISL_18586963	EPI_ISL_18586963	EPI_ISL_18586963
A/swine/England/260038/2023	EPI_ISL_18586962	EPI_ISL_18586962	EPI_ISL_18586962	EPI_ISL_18586962	EPI_ISL_18586962	EPI_ISL_18586962	EPI_ISL_18586962	EPI_ISL_18586962
A/Swine/Netherlands/GDE0046/2023	EPI_ISL_18802004	EPI_ISL_18802004	EPI_ISL_18802004	EPI_ISL_18802004	EPI_ISL_18802004	EPI_ISL_18802004	EPI_ISL_18802004	EPI_ISL_18802004
A/swine/England/247909/2022	EPI_ISL_18586961	EPI_ISL_18586961	EPI_ISL_18586961	EPI_ISL_18586961	EPI_ISL_18586961	EPI_ISL_18586961	EPI_ISL_18586961	EPI_ISL_18586961
A/Swine/Netherlands/GDE0048/2023	EPI_ISL_18802005	EPI_ISL_18802005	EPI_ISL_18802005	EPI_ISL_18802005	EPI_ISL_18802005	EPI_ISL_18802005	EPI_ISL_18802005	EPI_ISL_18802005
A/swine/England/247154/2022	EPI_ISL_18586960	EPI_ISL_18586960	EPI_ISL_18586960	EPI_ISL_18586960	EPI_ISL_18586960	EPI_ISL_18586960	EPI_ISL_18586960	EPI_ISL_18586960
A/swine/Nordrhein-Westfalen/96/2024	EPI_ISL_19232105	EPI_ISL_19232105	EPI_ISL_19232105	EPI_ISL_19232105	EPI_ISL_19232105	EPI_ISL_19232105	EPI_ISL_19232105	EPI_ISL_19232105
A/Swine/Netherlands/GDE0044/2023	EPI_ISL_18802002	EPI_ISL_18802002	EPI_ISL_18802002	EPI_ISL_18802002	EPI_ISL_18802002	EPI_ISL_18802002	EPI_ISL_18802002	EPI_ISL_18802002
A/Swine/Netherlands/GDE0045/2023	EPI_ISL_18802003	EPI_ISL_18802003	EPI_ISL_18802003	EPI_ISL_18802003	EPI_ISL_18802003	EPI_ISL_18802003	EPI_ISL_18802003	EPI_ISL_18802003
A/Swine/Netherlands/GDE0049/2023	EPI_ISL_18802006	EPI_ISL_18802006	EPI_ISL_18802006	EPI_ISL_18802006	EPI_ISL_18802006	EPI_ISL_18802006	EPI_ISL_18802006	EPI_ISL_18802006
A/swine/Austria/24007976-010/2024	EPI_ISL_19692898	EPI_ISL_19692898	EPI_ISL_19692898	EPI_ISL_19692898	EPI_ISL_19692898	EPI_ISL_19692898	EPI_ISL_19692898	EPI_ISL_19692898
A/swine/France/05-200058/2020	EPI_ISL_9589893	EPI_ISL_9589893	EPI_ISL_9589893	EPI_ISL_9589893	EPI_ISL_9589893	EPI_ISL_9589893	EPI_ISL_9589893	EPI_ISL_9589893
A/swine/Kursk_Region/39-3/2024	EPI_ISL_19160373	EPI_ISL_19160373	EPI_ISL_19160373	EPI_ISL_19160373	EPI_ISL_19160373	EPI_ISL_19160373	EPI_ISL_19160373	EPI_ISL_19160373
A/swine/Germany/2023AI01459/2023	EPI_ISL_17646300	EPI_ISL_17646300	EPI_ISL_17646300	EPI_ISL_17646300	EPI_ISL_17646300	EPI_ISL_17646300	EPI_ISL_17646300	EPI_ISL_17646300
A/swine/Germany/2023AI04598/2023	EPI_ISL_18979573	EPI_ISL_18979573	EPI_ISL_18979573	EPI_ISL_18979573	EPI_ISL_18979573	EPI_ISL_18979573	EPI_ISL_18979573	EPI_ISL_18979573
A/swine/Germany/2023AI01436/2023	EPI_ISL_17646297	EPI_ISL_17646297	EPI_ISL_17646297	EPI_ISL_17646297	EPI_ISL_17646297	EPI_ISL_17646297	EPI_ISL_17646297	EPI_ISL_17646297
A/swine/Germany/2023AI01443/2023	EPI_ISL_17646296	EPI_ISL_17646296	EPI_ISL_17646296	EPI_ISL_17646296	EPI_ISL_17646296	EPI_ISL_17646296	EPI_ISL_17646296	EPI_ISL_17646296
A/swine/Germany/2023AI01626/2023	EPI_ISL_17646299	EPI_ISL_17646299	EPI_ISL_17646299	EPI_ISL_17646299	EPI_ISL_17646299	EPI_ISL_17646299	EPI_ISL_17646299	EPI_ISL_17646299
A/swine/Germany/2023AI04571/2023	EPI_ISL_18979574	EPI_ISL_18979574	EPI_ISL_18979574	EPI_ISL_18979574	EPI_ISL_18979574	EPI_ISL_18979574	EPI_ISL_18979574	EPI_ISL_18979574
A/swine/Germany/2023AI01627/2023	EPI_ISL_17646298	EPI_ISL_17646298	EPI_ISL_17646298	EPI_ISL_17646298	EPI_ISL_17646298	EPI_ISL_17646298	EPI_ISL_17646298	EPI_ISL_17646298
A/swine/Germany/2021AI04886/2021	EPI_ISL_17646293	EPI_ISL_17646293	EPI_ISL_17646293	EPI_ISL_17646293	EPI_ISL_17646293	EPI_ISL_17646293	EPI_ISL_17646293	EPI_ISL_17646293
A/swine/Sachsen/ST-10/2023	EPI_ISL_18651845	EPI_ISL_18651845	EPI_ISL_18651845	EPI_ISL_18651845	EPI_ISL_18651845	EPI_ISL_18651845	EPI_ISL_18651845	EPI_ISL_18651845
A/swine/Germany/2021AI05072/2021	EPI_ISL_17646292	EPI_ISL_17646292	EPI_ISL_17646292	EPI_ISL_17646292	EPI_ISL_17646292	EPI_ISL_17646292	EPI_ISL_17646292	EPI_ISL_17646292
A/Swine/Netherlands/16792/2023	EPI_ISL_18885943	EPI_ISL_18885943	EPI_ISL_18885943	EPI_ISL_18885943	EPI_ISL_18885943	EPI_ISL_18885943	EPI_ISL_18885943	EPI_ISL_18885943
A/swine/Sachsen/ST-11/2023	EPI_ISL_18651846	EPI_ISL_18651846	EPI_ISL_18651846	EPI_ISL_18651846	EPI_ISL_18651846	EPI_ISL_18651846	EPI_ISL_18651846	EPI_ISL_18651846
A/swine/Germany/2021AI07440/2021	EPI_ISL_17646288	EPI_ISL_17646288	EPI_ISL_17646288	EPI_ISL_17646288	EPI_ISL_17646288	EPI_ISL_17646288	EPI_ISL_17646288	EPI_ISL_17646288
A/swine/France/22-200230/2020	EPI_ISL_9591631	EPI_ISL_9591631	EPI_ISL_9591631	EPI_ISL_9591631	EPI_ISL_9591631	EPI_ISL_9591631	EPI_ISL_9591631	EPI_ISL_9591631
A/swine/Germany/2021AI05596/2021	EPI_ISL_17646291	EPI_ISL_17646291	EPI_ISL_17646291	EPI_ISL_17646291	EPI_ISL_17646291	EPI_ISL_17646291	EPI_ISL_17646291	EPI_ISL_17646291
A/swine/Germany/2021AI05981/2021	EPI_ISL_17646290	EPI_ISL_17646290	EPI_ISL_17646290	EPI_ISL_17646290	EPI_ISL_17646290	EPI_ISL_17646290	EPI_ISL_17646290	EPI_ISL_17646290
A/swine/Czech_Republic/4171/2024	EPI_ISL_19028677	EPI_ISL_19028677	EPI_ISL_19028677	EPI_ISL_19028677	EPI_ISL_19028677	EPI_ISL_19028677	EPI_ISL_19028677	EPI_ISL_19028677
A/swine/France/22-210541-19/2021	EPI_ISL_19677910	EPI_ISL_19677910	EPI_ISL_19677910	EPI_ISL_19677910	EPI_ISL_19677910	EPI_ISL_19677910	EPI_ISL_19677910	EPI_ISL_19677910
A/swine/France/22-210437-1/2021	EPI_ISL_19677904	EPI_ISL_19677904	EPI_ISL_19677904	EPI_ISL_19677904	EPI_ISL_19677904	EPI_ISL_19677904	EPI_ISL_19677904	EPI_ISL_19677904
A/swine/Nordrhein-Westfalen/78/2024	EPI_ISL_19072289	EPI_ISL_19072289	EPI_ISL_19072289	EPI_ISL_19072289	EPI_ISL_19072289	EPI_ISL_19072289	EPI_ISL_19072289	EPI_ISL_19072289
A/swine/Nordrhein-Westfalen/89/2024	EPI_ISL_19072288	EPI_ISL_19072288	EPI_ISL_19072288	EPI_ISL_19072288	EPI_ISL_19072288	EPI_ISL_19072288	EPI_ISL_19072288	EPI_ISL_19072288
A/swine/Kursk_Region/20-4/2024	EPI_ISL_19160372	EPI_ISL_19160372	EPI_ISL_19160372	EPI_ISL_19160372	EPI_ISL_19160372	EPI_ISL_19160372	EPI_ISL_19160372	EPI_ISL_19160372
A/swine/Germany/2021AI04603/2021	EPI_ISL_17646295	EPI_ISL_17646295	EPI_ISL_17646295	EPI_ISL_17646295	EPI_ISL_17646295	EPI_ISL_17646295	EPI_ISL_17646295	EPI_ISL_17646295
A/swine/Germany/2023AI01456/2023	EPI_ISL_17646301	EPI_ISL_17646301	EPI_ISL_17646301	EPI_ISL_17646301	EPI_ISL_17646301	EPI_ISL_17646301	EPI_ISL_17646301	EPI_ISL_17646301
A/Swine/Netherlands/GDE0041/2023	EPI_ISL_18802000	EPI_ISL_18802000	EPI_ISL_18802000	EPI_ISL_18802000	EPI_ISL_18802000	EPI_ISL_18802000	EPI_ISL_18802000	EPI_ISL_18802000
A/Swine/Netherlands/GDE0042/2023	EPI_ISL_18802001	EPI_ISL_18802001	EPI_ISL_18802001	EPI_ISL_18802001	EPI_ISL_18802001	EPI_ISL_18802001	EPI_ISL_18802001	EPI_ISL_18802001
A/swine/England/044649/2022	EPI_ISL_18586951	EPI_ISL_18586951	EPI_ISL_18586951	EPI_ISL_18586951	EPI_ISL_18586951	EPI_ISL_18586951	EPI_ISL_18586951	EPI_ISL_18586951
A/Swine/Netherlands/GDE0023/2023	EPI_ISL_18801986	EPI_ISL_18801986	EPI_ISL_18801986	EPI_ISL_18801986	EPI_ISL_18801986	EPI_ISL_18801986	EPI_ISL_18801986	EPI_ISL_18801986
A/Swine/Netherlands/GDE0024/2023	EPI_ISL_18801987	EPI_ISL_18801987	EPI_ISL_18801987	EPI_ISL_18801987	EPI_ISL_18801987	EPI_ISL_18801987	EPI_ISL_18801987	EPI_ISL_18801987
A/swine/England/039749/2022	EPI_ISL_18586950	EPI_ISL_18586950	EPI_ISL_18586950	EPI_ISL_18586950	EPI_ISL_18586950	EPI_ISL_18586950	EPI_ISL_18586950	EPI_ISL_18586950
A/Swine/Netherlands/GDE0021/2023	EPI_ISL_18801985	EPI_ISL_18801985	EPI_ISL_18801985	EPI_ISL_18801985	EPI_ISL_18801985	EPI_ISL_18801985	EPI_ISL_18801985	EPI_ISL_18801985
A/swine/Denmark/S04291-1/2020	EPI_ISL_16209047	EPI_ISL_16209047	EPI_ISL_16209047	EPI_ISL_16209047	EPI_ISL_16209047	EPI_ISL_16209047	EPI_ISL_16209047	EPI_ISL_16209047
A/swine/Denmark/S02444-1/2020	EPI_ISL_16209046	EPI_ISL_16209046	EPI_ISL_16209046	EPI_ISL_16209046	EPI_ISL_16209046	EPI_ISL_16209046	EPI_ISL_16209046	EPI_ISL_16209046
A/Swine/Netherlands/17298/2023	EPI_ISL_18885961	EPI_ISL_18885961	EPI_ISL_18885961	EPI_ISL_18885961	EPI_ISL_18885961	EPI_ISL_18885961	EPI_ISL_18885961	EPI_ISL_18885961
A/swine/Italy/49701-24/2022	EPI_ISL_14937235	EPI_ISL_14937235	EPI_ISL_14937235	EPI_ISL_14937235	EPI_ISL_14937235	EPI_ISL_14937235	EPI_ISL_14937235	EPI_ISL_14937235
A/swine/Italy/75767-16/2022	EPI_ISL_14937234	EPI_ISL_14937234	EPI_ISL_14937234	EPI_ISL_14937234	EPI_ISL_14937234	EPI_ISL_14937234	EPI_ISL_14937234	EPI_ISL_14937234
A/swine/Austria/24007976-014/2024	EPI_ISL_19692919	EPI_ISL_19692919	EPI_ISL_19692919	EPI_ISL_19692919	EPI_ISL_19692919	EPI_ISL_19692919	EPI_ISL_19692919	EPI_ISL_19692919
A/swine/Italy/91681-27/2022	EPI_ISL_14937239	EPI_ISL_14937239	EPI_ISL_14937239	EPI_ISL_14937239	EPI_ISL_14937239	EPI_ISL_14937239	EPI_ISL_14937239	EPI_ISL_14937239
A/swine/Italy/49701-6/2022	EPI_ISL_14937237	EPI_ISL_14937237	EPI_ISL_14937237	EPI_ISL_14937237	EPI_ISL_14937237	EPI_ISL_14937237	EPI_ISL_14937237	EPI_ISL_14937237
A/swine/Italy/109125-001/2022	EPI_ISL_14937236	EPI_ISL_14937236	EPI_ISL_14937236	EPI_ISL_14937236	EPI_ISL_14937236	EPI_ISL_14937236	EPI_ISL_14937236	EPI_ISL_14937236
A/Swine/Netherlands/GDE0072/2023	EPI_ISL_18802018	EPI_ISL_18802018	EPI_ISL_18802018	EPI_ISL_18802018	EPI_ISL_18802018	EPI_ISL_18802018	EPI_ISL_18802018	EPI_ISL_18802018
A/Swine/Netherlands/GDE0078/2023	EPI_ISL_18802019	EPI_ISL_18802019	EPI_ISL_18802019	EPI_ISL_18802019	EPI_ISL_18802019	EPI_ISL_18802019	EPI_ISL_18802019	EPI_ISL_18802019
A/Swine/Netherlands/GDE0066/2023	EPI_ISL_18802016	EPI_ISL_18802016	EPI_ISL_18802016	EPI_ISL_18802016	EPI_ISL_18802016	EPI_ISL_18802016	EPI_ISL_18802016	EPI_ISL_18802016
A/Swine/Netherlands/GDE0069/2023	EPI_ISL_18802017	EPI_ISL_18802017	EPI_ISL_18802017	EPI_ISL_18802017	EPI_ISL_18802017	EPI_ISL_18802017	EPI_ISL_18802017	EPI_ISL_18802017
A/swine/Ireland/3020-27/2024	EPI_ISL_19498415	EPI_ISL_19498415	EPI_ISL_19498415	EPI_ISL_19498415	EPI_ISL_19498415	EPI_ISL_19498415	EPI_ISL_19498415	EPI_ISL_19498415
A/swine/France/22-200237/2020	EPI_ISL_9591828	EPI_ISL_9591828	EPI_ISL_9591828	EPI_ISL_9591828	EPI_ISL_9591828	EPI_ISL_9591828	EPI_ISL_9591828	EPI_ISL_9591828
A/swine/Northern_Ireland/3016-20/2024	EPI_ISL_19498424	EPI_ISL_19498424	EPI_ISL_19498424	EPI_ISL_19498424	EPI_ISL_19498424	EPI_ISL_19498424	EPI_ISL_19498424	EPI_ISL_19498424
A/swine/Italy/29548-31/2022	EPI_ISL_14937238	EPI_ISL_14937238	EPI_ISL_14937238	EPI_ISL_14937238	EPI_ISL_14937238	EPI_ISL_14937238	EPI_ISL_14937238	EPI_ISL_14937238
A/swine/Austria/24007976-011/2024	EPI_ISL_19692899	EPI_ISL_19692899	EPI_ISL_19692899	EPI_ISL_19692899	EPI_ISL_19692899	EPI_ISL_19692899	EPI_ISL_19692899	EPI_ISL_19692899
A/Swine/Netherlands/GDE0028/2023	EPI_ISL_18801989	EPI_ISL_18801989	EPI_ISL_18801989	EPI_ISL_18801989	EPI_ISL_18801989	EPI_ISL_18801989	EPI_ISL_18801989	EPI_ISL_18801989
A/Swine/Netherlands/GDE0032/2023	EPI_ISL_18801991	EPI_ISL_18801991	EPI_ISL_18801991	EPI_ISL_18801991	EPI_ISL_18801991	EPI_ISL_18801991	EPI_ISL_18801991	EPI_ISL_18801991
A/swine/England/129924/2023	EPI_ISL_18586964	EPI_ISL_18586964	EPI_ISL_18586964	EPI_ISL_18586964	EPI_ISL_18586964	EPI_ISL_18586964	EPI_ISL_18586964	EPI_ISL_18586964
A/swine/England/117205/2022	EPI_ISL_18586955	EPI_ISL_18586955	EPI_ISL_18586955	EPI_ISL_18586955	EPI_ISL_18586955	EPI_ISL_18586955	EPI_ISL_18586955	EPI_ISL_18586955
A/Swine/Netherlands/GDE0039/2023	EPI_ISL_18801998	EPI_ISL_18801998	EPI_ISL_18801998	EPI_ISL_18801998	EPI_ISL_18801998	EPI_ISL_18801998	EPI_ISL_18801998	EPI_ISL_18801998
A/swine/Austria/24007976-016/2024	EPI_ISL_19692924	EPI_ISL_19692924	EPI_ISL_19692924	EPI_ISL_19692924	EPI_ISL_19692924	EPI_ISL_19692924	EPI_ISL_19692924	EPI_ISL_19692924
A/swine/England/112852/2022	EPI_ISL_18586954	EPI_ISL_18586954	EPI_ISL_18586954	EPI_ISL_18586954	EPI_ISL_18586954	EPI_ISL_18586954	EPI_ISL_18586954	EPI_ISL_18586954
A/Swine/Netherlands/GDE0040/2023	EPI_ISL_18801999	EPI_ISL_18801999	EPI_ISL_18801999	EPI_ISL_18801999	EPI_ISL_18801999	EPI_ISL_18801999	EPI_ISL_18801999	EPI_ISL_18801999
A/swine/Austria/24007976-017/2024	EPI_ISL_19692925	EPI_ISL_19692925	EPI_ISL_19692925	EPI_ISL_19692925	EPI_ISL_19692925	EPI_ISL_19692925	EPI_ISL_19692925	EPI_ISL_19692925
A/swine/England/110042/2022	EPI_ISL_18586953	EPI_ISL_18586953	EPI_ISL_18586953	EPI_ISL_18586953	EPI_ISL_18586953	EPI_ISL_18586953	EPI_ISL_18586953	EPI_ISL_18586953
A/Swine/Netherlands/GDE0037/2023	EPI_ISL_18801996	EPI_ISL_18801996	EPI_ISL_18801996	EPI_ISL_18801996	EPI_ISL_18801996	EPI_ISL_18801996	EPI_ISL_18801996	EPI_ISL_18801996
A/swine/England/048994/2023	EPI_ISL_19548146	EPI_ISL_18586952	EPI_ISL_18586952	EPI_ISL_18586952	EPI_ISL_19548146	EPI_ISL_19548146	EPI_ISL_18586952	EPI_ISL_19548146
A/Swine/Netherlands/GDE0026/2023	EPI_ISL_18801988	EPI_ISL_18801988	EPI_ISL_18801988	EPI_ISL_18801988	EPI_ISL_18801988	EPI_ISL_18801988	EPI_ISL_18801988	EPI_ISL_18801988
A/Swine/Netherlands/GDE0038/2023	EPI_ISL_18801997	EPI_ISL_18801997	EPI_ISL_18801997	EPI_ISL_18801997	EPI_ISL_18801997	EPI_ISL_18801997	EPI_ISL_18801997	EPI_ISL_18801997
A/swine/England/245754/2022	EPI_ISL_18586959	EPI_ISL_18586959	EPI_ISL_18586959	EPI_ISL_18586959	EPI_ISL_18586959	EPI_ISL_18586959	EPI_ISL_18586959	EPI_ISL_18586959
A/Swine/Netherlands/GDE0035/2023	EPI_ISL_18801994	EPI_ISL_18801994	EPI_ISL_18801994	EPI_ISL_18801994	EPI_ISL_18801994	EPI_ISL_18801994	EPI_ISL_18801994	EPI_ISL_18801994
A/swine/England/245622/2022	EPI_ISL_18586958	EPI_ISL_18586958	EPI_ISL_18586958	EPI_ISL_18586958	EPI_ISL_18586958	EPI_ISL_18586958	EPI_ISL_18586958	EPI_ISL_18586958
A/Swine/Netherlands/GDE0036/2023	EPI_ISL_18801995	EPI_ISL_18801995	EPI_ISL_18801995	EPI_ISL_18801995	EPI_ISL_18801995	EPI_ISL_18801995	EPI_ISL_18801995	EPI_ISL_18801995
A/swine/England/245620/2022	EPI_ISL_18586957	EPI_ISL_18586957	EPI_ISL_18586957	EPI_ISL_18586957	EPI_ISL_18586957	EPI_ISL_18586957	EPI_ISL_18586957	EPI_ISL_18586957
A/Swine/Netherlands/GDE0033/2023	EPI_ISL_18801992	EPI_ISL_18801992	EPI_ISL_18801992	EPI_ISL_18801992	EPI_ISL_18801992	EPI_ISL_18801992	EPI_ISL_18801992	EPI_ISL_18801992
A/swine/Austria/24007976-015/2024	EPI_ISL_19692922	EPI_ISL_19692922	EPI_ISL_19692922	EPI_ISL_19692922	EPI_ISL_19692922	EPI_ISL_19692922	EPI_ISL_19692922	EPI_ISL_19692922
A/swine/England/123383/2023	EPI_ISL_18586956	EPI_ISL_18586956	EPI_ISL_18586956	EPI_ISL_18586956	EPI_ISL_18586956	EPI_ISL_18586956	EPI_ISL_18586956	EPI_ISL_18586956
A/Swine/Netherlands/GDE0034/2023	EPI_ISL_18801993	EPI_ISL_18801993	EPI_ISL_18801993	EPI_ISL_18801993	EPI_ISL_18801993	EPI_ISL_18801993	EPI_ISL_18801993	EPI_ISL_18801993
A/Swine/Netherlands/GDE0031/2023	EPI_ISL_18801990	EPI_ISL_18801990	EPI_ISL_18801990	EPI_ISL_18801990	EPI_ISL_18801990	EPI_ISL_18801990	EPI_ISL_18801990	EPI_ISL_18801990
A/swine/Austria/24007976-018/2024	EPI_ISL_19692927	EPI_ISL_19692927	EPI_ISL_19692927	EPI_ISL_19692927	EPI_ISL_19692927	EPI_ISL_19692927	EPI_ISL_19692927	EPI_ISL_19692927
A/swine/Germany/2022AI00359/2022	EPI_ISL_17646274	EPI_ISL_17646274	EPI_ISL_17646274	EPI_ISL_17646274	EPI_ISL_17646274	EPI_ISL_17646274	EPI_ISL_17646274	EPI_ISL_17646274
A/swine/Germany/2022AI00355/2022	EPI_ISL_17646275	EPI_ISL_17646275	EPI_ISL_17646275	EPI_ISL_17646275	EPI_ISL_17646275	EPI_ISL_17646275	EPI_ISL_17646275	EPI_ISL_17646275
A/swine/Germany/2022AI00362/2022	EPI_ISL_17646272	EPI_ISL_17646272	EPI_ISL_17646272	EPI_ISL_17646272	EPI_ISL_17646272	EPI_ISL_17646272	EPI_ISL_17646272	EPI_ISL_17646272
A/swine/Denmark/SI22-04726-3/2022	EPI_ISL_19751519	EPI_ISL_19751519	EPI_ISL_19751519	EPI_ISL_19751519	EPI_ISL_19751519	EPI_ISL_19751519	EPI_ISL_19751519	EPI_ISL_19751519
A/swine/Denmark/SI22-04256-1/2022	EPI_ISL_19751518	EPI_ISL_19751518	EPI_ISL_19751518	EPI_ISL_19751518	EPI_ISL_19751518	EPI_ISL_19751518	EPI_ISL_19751518	EPI_ISL_19751518
A/swine/Denmark/SI22-02474-1/2022	EPI_ISL_19751513	EPI_ISL_19751513	EPI_ISL_19751513	EPI_ISL_19751513	EPI_ISL_19751513	EPI_ISL_19751513	EPI_ISL_19751513	EPI_ISL_19751513
A/swine/Denmark/SI22-02277-1/2022	EPI_ISL_19751512	EPI_ISL_19751512	EPI_ISL_19751512	EPI_ISL_19751512	EPI_ISL_19751512	EPI_ISL_19751512	EPI_ISL_19751512	EPI_ISL_19751512
A/swine/Denmark/SI22-02810-5/2022	EPI_ISL_19751515	EPI_ISL_19751515	EPI_ISL_19751515	EPI_ISL_19751515	EPI_ISL_19751515	EPI_ISL_19751515	EPI_ISL_19751515	EPI_ISL_19751515
A/swine/Denmark/SI22-02558-5/2022	EPI_ISL_19751514	EPI_ISL_19751514	EPI_ISL_19751514	EPI_ISL_19751514	EPI_ISL_19751514	EPI_ISL_19751514	EPI_ISL_19751514	EPI_ISL_19751514
A/swine/Denmark/SI22-02070-1/2022	EPI_ISL_19751509	EPI_ISL_19751509	EPI_ISL_19751509	EPI_ISL_19751509	EPI_ISL_19751509	EPI_ISL_19751509	EPI_ISL_19751509	EPI_ISL_19751509
A/swine/Denmark/SI22-01880-2/2022	EPI_ISL_19751508	EPI_ISL_19751508	EPI_ISL_19751508	EPI_ISL_19751508	EPI_ISL_19751508	EPI_ISL_19751508	EPI_ISL_19751508	EPI_ISL_19751508
A/swine/Denmark/SI22-02101-7/2022	EPI_ISL_19751511	EPI_ISL_19751511	EPI_ISL_19751511	EPI_ISL_19751511	EPI_ISL_19751511	EPI_ISL_19751511	EPI_ISL_19751511	EPI_ISL_19751511
A/swine/Denmark/SI22-02076-2/2022	EPI_ISL_19751510	EPI_ISL_19751510	EPI_ISL_19751510	EPI_ISL_19751510	EPI_ISL_19751510	EPI_ISL_19751510	EPI_ISL_19751510	EPI_ISL_19751510
A/swine/Denmark/SI22-03626-3/2022	EPI_ISL_19751516	EPI_ISL_19751516	EPI_ISL_19751516	EPI_ISL_19751516	EPI_ISL_19751516	EPI_ISL_19751516	EPI_ISL_19751516	EPI_ISL_19751516
A/swine/Denmark/SI22-01692-1/2022	EPI_ISL_19751505	EPI_ISL_19751505	EPI_ISL_19751505	EPI_ISL_19751505	EPI_ISL_19751505	EPI_ISL_19751505	EPI_ISL_19751505	EPI_ISL_19751505
A/swine/Germany/2022AI05247/2022	EPI_ISL_17646237	EPI_ISL_17646237	EPI_ISL_17646237	EPI_ISL_17646237	EPI_ISL_17646237	EPI_ISL_17646237	EPI_ISL_17646237	EPI_ISL_17646237
A/swine/Denmark/21-24123-1/2021	EPI_ISL_19751612	EPI_ISL_19751612	EPI_ISL_19751612	EPI_ISL_19751612	EPI_ISL_19751612	EPI_ISL_19751612	EPI_ISL_19751612	EPI_ISL_19751612
A/swine/Germany/2022AI06720/2022	EPI_ISL_17646236	EPI_ISL_17646236	EPI_ISL_17646236	EPI_ISL_17646236	EPI_ISL_17646236	EPI_ISL_17646236	EPI_ISL_17646236	EPI_ISL_17646236
A/swine/France/22-200228/2020	EPI_ISL_9591555	EPI_ISL_9591555	EPI_ISL_9591555	EPI_ISL_9591555	EPI_ISL_9591555	EPI_ISL_9591555	EPI_ISL_9591555	EPI_ISL_9591555
A/swine/Germany/2022AI04737/2022	EPI_ISL_17646239	EPI_ISL_17646239	EPI_ISL_17646239	EPI_ISL_17646239	EPI_ISL_17646239	EPI_ISL_17646239	EPI_ISL_17646239	EPI_ISL_17646239
A/swine/Germany/2022AI04808/2022	EPI_ISL_17646238	EPI_ISL_17646238	EPI_ISL_17646238	EPI_ISL_17646238	EPI_ISL_17646238	EPI_ISL_17646238	EPI_ISL_17646238	EPI_ISL_17646238
A/swine/Denmark/21-22201-3/2021	EPI_ISL_19751609	EPI_ISL_19751609	EPI_ISL_19751609	EPI_ISL_19751609	EPI_ISL_19751609	EPI_ISL_19751609	EPI_ISL_19751609	EPI_ISL_19751609
A/swine/Denmark/21-21931-1/2021	EPI_ISL_19751608	EPI_ISL_19751608	EPI_ISL_19751608	EPI_ISL_19751608	EPI_ISL_19751608	EPI_ISL_19751608	EPI_ISL_19751608	EPI_ISL_19751608
A/swine/Denmark/21-22282-5/2021	EPI_ISL_19751611	EPI_ISL_19751611	EPI_ISL_19751611	EPI_ISL_19751611	EPI_ISL_19751611	EPI_ISL_19751611	EPI_ISL_19751611	EPI_ISL_19751611
A/swine/Germany/2022AI06748/2022	EPI_ISL_17646235	EPI_ISL_17646235	EPI_ISL_17646235	EPI_ISL_17646235	EPI_ISL_17646235	EPI_ISL_17646235	EPI_ISL_17646235	EPI_ISL_17646235
A/swine/Denmark/SI22-01682-5/2022	EPI_ISL_19751504	EPI_ISL_19751504	EPI_ISL_19751504	EPI_ISL_19751504	EPI_ISL_19751504	EPI_ISL_19751504	EPI_ISL_19751504	EPI_ISL_19751504
A/swine/Denmark/21-22208-4/2021	EPI_ISL_19751610	EPI_ISL_19751610	EPI_ISL_19751610	EPI_ISL_19751610	EPI_ISL_19751610	EPI_ISL_19751610	EPI_ISL_19751610	EPI_ISL_19751610
A/swine/Denmark/SI22-04048-1/2022	EPI_ISL_19751517	EPI_ISL_19751517	EPI_ISL_19751517	EPI_ISL_19751517	EPI_ISL_19751517	EPI_ISL_19751517	EPI_ISL_19751517	EPI_ISL_19751517
A/swine/Denmark/SI22_00009-4/2022	EPI_ISL_19751491	EPI_ISL_19751491	EPI_ISL_19751491	EPI_ISL_19751491	EPI_ISL_19751491	EPI_ISL_19751491	EPI_ISL_19751491	EPI_ISL_19751491
A/swine/France/72-210053-6/2021	EPI_ISL_19677818	EPI_ISL_19677818	EPI_ISL_19677818	EPI_ISL_19677818	EPI_ISL_19677818	EPI_ISL_19677818	EPI_ISL_19677818	EPI_ISL_19677818
A/swine/France/72-210055-1/2021	EPI_ISL_19677819	EPI_ISL_19677819	EPI_ISL_19677819	EPI_ISL_19677819	EPI_ISL_19677819	EPI_ISL_19677819	EPI_ISL_19677819	EPI_ISL_19677819
A/swine/France/22-200505-2/2020	EPI_ISL_19677813	EPI_ISL_19677813	EPI_ISL_19677813	EPI_ISL_19677813	EPI_ISL_19677813	EPI_ISL_19677813	EPI_ISL_19677813	EPI_ISL_19677813
A/swine/France/64-220661-4/2022	EPI_ISL_19677814	EPI_ISL_19677814	EPI_ISL_19677814	EPI_ISL_19677814	EPI_ISL_19677814	EPI_ISL_19677814	EPI_ISL_19677814	EPI_ISL_19677814
A/swine/France/72-200458-1/2020	EPI_ISL_19677815	EPI_ISL_19677815	EPI_ISL_19677815	EPI_ISL_19677815	EPI_ISL_19677815	EPI_ISL_19677815	EPI_ISL_19677815	EPI_ISL_19677815
A/swine/France/22-200436-2/2020	EPI_ISL_19677808	EPI_ISL_19677808	EPI_ISL_19677808	EPI_ISL_19677808	EPI_ISL_19677808	EPI_ISL_19677808	EPI_ISL_19677808	EPI_ISL_19677808
A/swine/France/22-200439-3/2020	EPI_ISL_19677809	EPI_ISL_19677809	EPI_ISL_19677809	EPI_ISL_19677809	EPI_ISL_19677809	EPI_ISL_19677809	EPI_ISL_19677809	EPI_ISL_19677809
A/swine/Denmark/SI22-01404-3/2022	EPI_ISL_19751501	EPI_ISL_19751501	EPI_ISL_19751501	EPI_ISL_19751501	EPI_ISL_19751501	EPI_ISL_19751501	EPI_ISL_19751501	EPI_ISL_19751501
A/swine/Denmark/SI22-01403-2/2022	EPI_ISL_19751500	EPI_ISL_19751500	EPI_ISL_19751500	EPI_ISL_19751500	EPI_ISL_19751500	EPI_ISL_19751500	EPI_ISL_19751500	EPI_ISL_19751500
A/swine/Italy/404590/2020	EPI_ISL_14766976	EPI_ISL_14766976	EPI_ISL_14766976	EPI_ISL_14766976	EPI_ISL_14766976	EPI_ISL_14766976	EPI_ISL_14766976	EPI_ISL_14766976
A/swine/Denmark/SI22-5721-1/2022	EPI_ISL_19751490	EPI_ISL_19751490	EPI_ISL_19751490	EPI_ISL_19751490	EPI_ISL_19751490	EPI_ISL_19751490	EPI_ISL_19751490	EPI_ISL_19751490
A/swine/Denmark/SI22-01502-4/2022	EPI_ISL_19751503	EPI_ISL_19751503	EPI_ISL_19751503	EPI_ISL_19751503	EPI_ISL_19751503	EPI_ISL_19751503	EPI_ISL_19751503	EPI_ISL_19751503
A/swine/Italy/50941/2020	EPI_ISL_14766978	EPI_ISL_14766978	EPI_ISL_14766978	EPI_ISL_14766978	EPI_ISL_14766978	EPI_ISL_14766978	EPI_ISL_14766978	EPI_ISL_14766978
A/swine/Denmark/SI22-01248-2/2022	EPI_ISL_19751497	EPI_ISL_19751497	EPI_ISL_19751497	EPI_ISL_19751497	EPI_ISL_19751497	EPI_ISL_19751497	EPI_ISL_19751497	EPI_ISL_19751497
A/swine/Denmark/SI22-01192-1/2022	EPI_ISL_19751496	EPI_ISL_19751496	EPI_ISL_19751496	EPI_ISL_19751496	EPI_ISL_19751496	EPI_ISL_19751496	EPI_ISL_19751496	EPI_ISL_19751496
A/swine/Denmark/SI22-01337-4/2022	EPI_ISL_19751499	EPI_ISL_19751499	EPI_ISL_19751499	EPI_ISL_19751499	EPI_ISL_19751499	EPI_ISL_19751499	EPI_ISL_19751499	EPI_ISL_19751499
A/swine/France/22-200236/2020	EPI_ISL_9591796	EPI_ISL_9591796	EPI_ISL_9591796	EPI_ISL_9591796	EPI_ISL_9591796	EPI_ISL_9591796	EPI_ISL_9591796	EPI_ISL_9591796
A/swine/Denmark/SI22-01333-4/2022	EPI_ISL_19751498	EPI_ISL_19751498	EPI_ISL_19751498	EPI_ISL_19751498	EPI_ISL_19751498	EPI_ISL_19751498	EPI_ISL_19751498	EPI_ISL_19751498
A/swine/Denmark/SI22-05605-3/2022	EPI_ISL_19751492	EPI_ISL_19751492	EPI_ISL_19751492	EPI_ISL_19751492	EPI_ISL_19751492	EPI_ISL_19751492	EPI_ISL_19751492	EPI_ISL_19751492
A/swine/Denmark/SI22-04338-3/2022	EPI_ISL_19751495	EPI_ISL_19751495	EPI_ISL_19751495	EPI_ISL_19751495	EPI_ISL_19751495	EPI_ISL_19751495	EPI_ISL_19751495	EPI_ISL_19751495
A/swine/Denmark/SI22-05117-5/2022	EPI_ISL_19751494	EPI_ISL_19751494	EPI_ISL_19751494	EPI_ISL_19751494	EPI_ISL_19751494	EPI_ISL_19751494	EPI_ISL_19751494	EPI_ISL_19751494
A/swine/Denmark/SI22-09840-5/2022	EPI_ISL_19751488	EPI_ISL_19751488	EPI_ISL_19751488	EPI_ISL_19751488	EPI_ISL_19751488	EPI_ISL_19751488	EPI_ISL_19751488	EPI_ISL_19751488
A/swine/Denmark/SI22-01405-4/2022	EPI_ISL_19751502	EPI_ISL_19751502	EPI_ISL_19751502	EPI_ISL_19751502	EPI_ISL_19751502	EPI_ISL_19751502	EPI_ISL_19751502	EPI_ISL_19751502
A/swine/Germany/2023AI00006/2022	EPI_ISL_17646234	EPI_ISL_17646234	EPI_ISL_17646234	EPI_ISL_17646234	EPI_ISL_17646234	EPI_ISL_17646234	EPI_ISL_17646234	EPI_ISL_17646234
A/swine/Denmark/21-17107-1/2021	EPI_ISL_19751605	EPI_ISL_19751605	EPI_ISL_19751605	EPI_ISL_19751605	EPI_ISL_19751605	EPI_ISL_19751605	EPI_ISL_19751605	EPI_ISL_19751605
A/swine/Denmark/21-16278-1/2021	EPI_ISL_19751604	EPI_ISL_19751604	EPI_ISL_19751604	EPI_ISL_19751604	EPI_ISL_19751604	EPI_ISL_19751604	EPI_ISL_19751604	EPI_ISL_19751604
A/swine/Germany/2022AI01629/2022	EPI_ISL_17646263	EPI_ISL_17646263	EPI_ISL_17646263	EPI_ISL_17646263	EPI_ISL_17646263	EPI_ISL_17646263	EPI_ISL_17646263	EPI_ISL_17646263
A/swine/Denmark/21-24176-4/2021	EPI_ISL_19751574	EPI_ISL_19751574	EPI_ISL_19751574	EPI_ISL_19751574	EPI_ISL_19751574	EPI_ISL_19751574	EPI_ISL_19751574	EPI_ISL_19751574
A/swine/Germany/2022AI01630/2022	EPI_ISL_17646262	EPI_ISL_17646262	EPI_ISL_17646262	EPI_ISL_17646262	EPI_ISL_17646262	EPI_ISL_17646262	EPI_ISL_17646262	EPI_ISL_17646262
A/swine/Germany/2022AI02395/2022	EPI_ISL_17646257	EPI_ISL_17646257	EPI_ISL_17646257	EPI_ISL_17646257	EPI_ISL_17646257	EPI_ISL_17646257	EPI_ISL_17646257	EPI_ISL_17646257
A/swine/Germany/2022AI02899/2022	EPI_ISL_17646256	EPI_ISL_17646256	EPI_ISL_17646256	EPI_ISL_17646256	EPI_ISL_17646256	EPI_ISL_17646256	EPI_ISL_17646256	EPI_ISL_17646256
A/swine/Germany/2022AI02265/2022	EPI_ISL_17646259	EPI_ISL_17646259	EPI_ISL_17646259	EPI_ISL_17646259	EPI_ISL_17646259	EPI_ISL_17646259	EPI_ISL_17646259	EPI_ISL_17646259
A/swine/Germany/2022AI02393/2022	EPI_ISL_17646258	EPI_ISL_17646258	EPI_ISL_17646258	EPI_ISL_17646258	EPI_ISL_17646258	EPI_ISL_17646258	EPI_ISL_17646258	EPI_ISL_17646258
A/swine/Germany/2021AI07498/2021	EPI_ISL_17646285	EPI_ISL_17646285	EPI_ISL_17646285	EPI_ISL_17646285	EPI_ISL_17646285	EPI_ISL_17646285	EPI_ISL_17646285	EPI_ISL_17646285
A/swine/Germany/2021AI08715/2021	EPI_ISL_17646284	EPI_ISL_17646284	EPI_ISL_17646284	EPI_ISL_17646284	EPI_ISL_17646284	EPI_ISL_17646284	EPI_ISL_17646284	EPI_ISL_17646284
A/swine/Germany/2022AI02064/2022	EPI_ISL_17646261	EPI_ISL_17646261	EPI_ISL_17646261	EPI_ISL_17646261	EPI_ISL_17646261	EPI_ISL_17646261	EPI_ISL_17646261	EPI_ISL_17646261
A/swine/Germany/2021AI07475/2021	EPI_ISL_17646287	EPI_ISL_17646287	EPI_ISL_17646287	EPI_ISL_17646287	EPI_ISL_17646287	EPI_ISL_17646287	EPI_ISL_17646287	EPI_ISL_17646287
A/swine/Germany/2021AI08934/2021	EPI_ISL_17646281	EPI_ISL_17646281	EPI_ISL_17646281	EPI_ISL_17646281	EPI_ISL_17646281	EPI_ISL_17646281	EPI_ISL_17646281	EPI_ISL_17646281
A/swine/Germany/2022AI00322/2022	EPI_ISL_17646280	EPI_ISL_17646280	EPI_ISL_17646280	EPI_ISL_17646280	EPI_ISL_17646280	EPI_ISL_17646280	EPI_ISL_17646280	EPI_ISL_17646280
A/swine/Germany/2021AI08777/2021	EPI_ISL_17646283	EPI_ISL_17646283	EPI_ISL_17646283	EPI_ISL_17646283	EPI_ISL_17646283	EPI_ISL_17646283	EPI_ISL_17646283	EPI_ISL_17646283
A/swine/Germany/2021AI08854/2021	EPI_ISL_17646282	EPI_ISL_17646282	EPI_ISL_17646282	EPI_ISL_17646282	EPI_ISL_17646282	EPI_ISL_17646282	EPI_ISL_17646282	EPI_ISL_17646282
A/swine/Germany/2022AI00344/2022	EPI_ISL_17646277	EPI_ISL_17646277	EPI_ISL_17646277	EPI_ISL_17646277	EPI_ISL_17646277	EPI_ISL_17646277	EPI_ISL_17646277	EPI_ISL_17646277
A/swine/Germany/2022AI00354/2022	EPI_ISL_17646276	EPI_ISL_17646276	EPI_ISL_17646276	EPI_ISL_17646276	EPI_ISL_17646276	EPI_ISL_17646276	EPI_ISL_17646276	EPI_ISL_17646276
A/swine/Germany/2022AI00326/2022	EPI_ISL_17646279	EPI_ISL_17646279	EPI_ISL_17646279	EPI_ISL_17646279	EPI_ISL_17646279	EPI_ISL_17646279	EPI_ISL_17646279	EPI_ISL_17646279
A/swine/Germany/2022AI00342/2022	EPI_ISL_17646278	EPI_ISL_17646278	EPI_ISL_17646278	EPI_ISL_17646278	EPI_ISL_17646278	EPI_ISL_17646278	EPI_ISL_17646278	EPI_ISL_17646278
A/swine/Germany/2022AI00361/2022	EPI_ISL_17646273	EPI_ISL_17646273	EPI_ISL_17646273	EPI_ISL_17646273	EPI_ISL_17646273	EPI_ISL_17646273	EPI_ISL_17646273	EPI_ISL_17646273
A/swine/Italy/400458/2020	EPI_ISL_14766893	EPI_ISL_14766893	EPI_ISL_14766893	EPI_ISL_14766893	EPI_ISL_14766893	EPI_ISL_14766893	EPI_ISL_14766893	EPI_ISL_14766893
A/swine/Germany/2021AI07488/2021	EPI_ISL_17646286	EPI_ISL_17646286	EPI_ISL_17646286	EPI_ISL_17646286	EPI_ISL_17646286	EPI_ISL_17646286	EPI_ISL_17646286	EPI_ISL_17646286
A/swine/Germany/2022AI01091/2022	EPI_ISL_17646266	EPI_ISL_17646266	EPI_ISL_17646266	EPI_ISL_17646266	EPI_ISL_17646266	EPI_ISL_17646266	EPI_ISL_17646266	EPI_ISL_17646266
A/swine/Germany/2022AI01351/2022	EPI_ISL_17646264	EPI_ISL_17646264	EPI_ISL_17646264	EPI_ISL_17646264	EPI_ISL_17646264	EPI_ISL_17646264	EPI_ISL_17646264	EPI_ISL_17646264
A/swine/Germany/2022AI01338/2022	EPI_ISL_17646265	EPI_ISL_17646265	EPI_ISL_17646265	EPI_ISL_17646265	EPI_ISL_17646265	EPI_ISL_17646265	EPI_ISL_17646265	EPI_ISL_17646265
A/swine/Denmark/21-19714-2/2021	EPI_ISL_19751607	EPI_ISL_19751607	EPI_ISL_19751607	EPI_ISL_19751607	EPI_ISL_19751607	EPI_ISL_19751607	EPI_ISL_19751607	EPI_ISL_19751607
A/swine/Denmark/21-16255-2/2021	EPI_ISL_19751603	EPI_ISL_19751603	EPI_ISL_19751603	EPI_ISL_19751603	EPI_ISL_19751603	EPI_ISL_19751603	EPI_ISL_19751603	EPI_ISL_19751603
A/swine/Germany/2022AI02969/2022	EPI_ISL_17646253	EPI_ISL_17646253	EPI_ISL_17646253	EPI_ISL_17646253	EPI_ISL_17646253	EPI_ISL_17646253	EPI_ISL_17646253	EPI_ISL_17646253
A/swine/Germany/2022AI02966/2022	EPI_ISL_17646255	EPI_ISL_17646255	EPI_ISL_17646255	EPI_ISL_17646255	EPI_ISL_17646255	EPI_ISL_17646255	EPI_ISL_17646255	EPI_ISL_17646255
A/swine/Germany/2022AI03362/2022	EPI_ISL_17646249	EPI_ISL_17646249	EPI_ISL_17646249	EPI_ISL_17646249	EPI_ISL_17646249	EPI_ISL_17646249	EPI_ISL_17646249	EPI_ISL_17646249
A/swine/France/22-200229/2020	EPI_ISL_9591606	EPI_ISL_9591606	EPI_ISL_9591606	EPI_ISL_9591606	EPI_ISL_9591606	EPI_ISL_9591606	EPI_ISL_9591606	EPI_ISL_9591606
A/swine/Germany/2022AI03533/2022	EPI_ISL_17646248	EPI_ISL_17646248	EPI_ISL_17646248	EPI_ISL_17646248	EPI_ISL_17646248	EPI_ISL_17646248	EPI_ISL_17646248	EPI_ISL_17646248
A/swine/Germany/2022AI03311/2022	EPI_ISL_17646250	EPI_ISL_17646250	EPI_ISL_17646250	EPI_ISL_17646250	EPI_ISL_17646250	EPI_ISL_17646250	EPI_ISL_17646250	EPI_ISL_17646250
A/swine/Germany/2022AI03649/2022	EPI_ISL_17646245	EPI_ISL_17646245	EPI_ISL_17646245	EPI_ISL_17646245	EPI_ISL_17646245	EPI_ISL_17646245	EPI_ISL_17646245	EPI_ISL_17646245
A/swine/Germany/2022AI03650/2022	EPI_ISL_17646244	EPI_ISL_17646244	EPI_ISL_17646244	EPI_ISL_17646244	EPI_ISL_17646244	EPI_ISL_17646244	EPI_ISL_17646244	EPI_ISL_17646244
A/swine/Germany/2022AI03599/2022	EPI_ISL_17646247	EPI_ISL_17646247	EPI_ISL_17646247	EPI_ISL_17646247	EPI_ISL_17646247	EPI_ISL_17646247	EPI_ISL_17646247	EPI_ISL_17646247
A/swine/Germany/2022AI03601/2022	EPI_ISL_17646246	EPI_ISL_17646246	EPI_ISL_17646246	EPI_ISL_17646246	EPI_ISL_17646246	EPI_ISL_17646246	EPI_ISL_17646246	EPI_ISL_17646246
A/swine/Germany/2022AI04411/2022	EPI_ISL_17646241	EPI_ISL_17646241	EPI_ISL_17646241	EPI_ISL_17646241	EPI_ISL_17646241	EPI_ISL_17646241	EPI_ISL_17646241	EPI_ISL_17646241
A/swine/France/56-210255-1/2021	EPI_ISL_19677825	EPI_ISL_19677825	EPI_ISL_19677825	EPI_ISL_19677825	EPI_ISL_19677825	EPI_ISL_19677825	EPI_ISL_19677825	EPI_ISL_19677825
A/swine/Germany/2022AI04462/2022	EPI_ISL_17646240	EPI_ISL_17646240	EPI_ISL_17646240	EPI_ISL_17646240	EPI_ISL_17646240	EPI_ISL_17646240	EPI_ISL_17646240	EPI_ISL_17646240
A/swine/Germany/2022AI03758/2022	EPI_ISL_17646243	EPI_ISL_17646243	EPI_ISL_17646243	EPI_ISL_17646243	EPI_ISL_17646243	EPI_ISL_17646243	EPI_ISL_17646243	EPI_ISL_17646243
A/swine/Germany/2022AI04322/2022	EPI_ISL_17646242	EPI_ISL_17646242	EPI_ISL_17646242	EPI_ISL_17646242	EPI_ISL_17646242	EPI_ISL_17646242	EPI_ISL_17646242	EPI_ISL_17646242
A/swine/Germany/2022AI00988/2022	EPI_ISL_17646269	EPI_ISL_17646269	EPI_ISL_17646269	EPI_ISL_17646269	EPI_ISL_17646269	EPI_ISL_17646269	EPI_ISL_17646269	EPI_ISL_17646269
A/swine/Germany/2022AI01090/2022	EPI_ISL_17646268	EPI_ISL_17646268	EPI_ISL_17646268	EPI_ISL_17646268	EPI_ISL_17646268	EPI_ISL_17646268	EPI_ISL_17646268	EPI_ISL_17646268
A/swine/Germany/2022AI00363/2022	EPI_ISL_17646270	EPI_ISL_17646270	EPI_ISL_17646270	EPI_ISL_17646270	EPI_ISL_17646270	EPI_ISL_17646270	EPI_ISL_17646270	EPI_ISL_17646270
A/swine/France/22-200175/2020	EPI_ISL_9589764	EPI_ISL_9589764	EPI_ISL_9589764	EPI_ISL_9589764	EPI_ISL_9589764	EPI_ISL_9589764	EPI_ISL_9589764	EPI_ISL_9589764
A/swine/Ireland/3020-30/2024	EPI_ISL_19498416	EPI_ISL_19498416	EPI_ISL_19498416	EPI_ISL_19498416	EPI_ISL_19498416	EPI_ISL_19498416	EPI_ISL_19498416	EPI_ISL_19498416
A/swine/Northern_Ireland/2185-70/2023	EPI_ISL_19498419	EPI_ISL_19498419	EPI_ISL_19498419	EPI_ISL_19498419	EPI_ISL_19498419	EPI_ISL_19498419	EPI_ISL_19498419	EPI_ISL_19498419
A/swine/Northern_Ireland/3003-01-03/2023	EPI_ISL_19498421	EPI_ISL_19498421	EPI_ISL_19498421	EPI_ISL_19498421	EPI_ISL_19498421	EPI_ISL_19498421	EPI_ISL_19498421	EPI_ISL_19498421
A/swine/Italy/348919/2021	EPI_ISL_19644403	EPI_ISL_19644403	EPI_ISL_19644403	EPI_ISL_19644403	EPI_ISL_19644403	EPI_ISL_19644403	EPI_ISL_19644403	EPI_ISL_19644403
A/swine/Italy/35103/2021	EPI_ISL_19644402	EPI_ISL_19644402	EPI_ISL_19644402	EPI_ISL_19644402	EPI_ISL_19644402	EPI_ISL_19644402	EPI_ISL_19644402	EPI_ISL_19644402
A/swine/England/048996/2023	EPI_ISL_19548147	EPI_ISL_19548147	EPI_ISL_19548147	EPI_ISL_19548147	EPI_ISL_19548147	EPI_ISL_19548147	EPI_ISL_19548147	EPI_ISL_19548147
A/swine/Italy/353554/2021	EPI_ISL_19644401	EPI_ISL_19644401	EPI_ISL_19644401	EPI_ISL_19644401	EPI_ISL_19644401	EPI_ISL_19644401	EPI_ISL_19644401	EPI_ISL_19644401
A/swine/Italy/358072/2021	EPI_ISL_19644400	EPI_ISL_19644400	EPI_ISL_19644400	EPI_ISL_19644400	EPI_ISL_19644400	EPI_ISL_19644400	EPI_ISL_19644400	EPI_ISL_19644400
A/swine/Italy/345141/2021	EPI_ISL_19644407	EPI_ISL_19644407	EPI_ISL_19644407	EPI_ISL_19644407	EPI_ISL_19644407	EPI_ISL_19644407	EPI_ISL_19644407	EPI_ISL_19644407
A/swine/England/129502/2023	EPI_ISL_18607169	EPI_ISL_19548150	EPI_ISL_19548150	EPI_ISL_19548150	EPI_ISL_18607169	EPI_ISL_18607169	EPI_ISL_19548150	EPI_ISL_18607169
A/swine/Italy/346921/2021	EPI_ISL_19644406	EPI_ISL_19644406	EPI_ISL_19644406	EPI_ISL_19644406	EPI_ISL_19644406	EPI_ISL_19644406	EPI_ISL_19644406	EPI_ISL_19644406
A/swine/Italy/348423/2021	EPI_ISL_19644405	EPI_ISL_19644405	EPI_ISL_19644405	EPI_ISL_19644405	EPI_ISL_19644405	EPI_ISL_19644405	EPI_ISL_19644405	EPI_ISL_19644405
A/swine/England/048997/2023	EPI_ISL_19548148	EPI_ISL_19548148	EPI_ISL_19548148	EPI_ISL_19548148	EPI_ISL_19548148	EPI_ISL_19548148	EPI_ISL_19548148	EPI_ISL_19548148
A/swine/Italy/348863/2021	EPI_ISL_19644404	EPI_ISL_19644404	EPI_ISL_19644404	EPI_ISL_19644404	EPI_ISL_19644404	EPI_ISL_19644404	EPI_ISL_19644404	EPI_ISL_19644404
A/Swine/Netherlands/GDE0104/2022	EPI_ISL_18802206	EPI_ISL_18802206	EPI_ISL_18802206	EPI_ISL_18802206	EPI_ISL_18802206	EPI_ISL_18802206	EPI_ISL_18802206	EPI_ISL_18802206
A/Swine/Netherlands/GDE0082/2023	EPI_ISL_18802204	EPI_ISL_18802204	EPI_ISL_18802204	EPI_ISL_18802204	EPI_ISL_18802204	EPI_ISL_18802204	EPI_ISL_18802204	EPI_ISL_18802204
A/Swine/Netherlands/GDE0087/2023	EPI_ISL_18802205	EPI_ISL_18802205	EPI_ISL_18802205	EPI_ISL_18802205	EPI_ISL_18802205	EPI_ISL_18802205	EPI_ISL_18802205	EPI_ISL_18802205
A/Swine/Netherlands/GDE0077/2023	EPI_ISL_18802202	EPI_ISL_18802202	EPI_ISL_18802202	EPI_ISL_18802202	EPI_ISL_18802202	EPI_ISL_18802202	EPI_ISL_18802202	EPI_ISL_18802202
A/Swine/Netherlands/GDE0081/2023	EPI_ISL_18802203	EPI_ISL_18802203	EPI_ISL_18802203	EPI_ISL_18802203	EPI_ISL_18802203	EPI_ISL_18802203	EPI_ISL_18802203	EPI_ISL_18802203
A/Swine/Netherlands/GDE0075/2023	EPI_ISL_18802200	EPI_ISL_18802200	EPI_ISL_18802200	EPI_ISL_18802200	EPI_ISL_18802200	EPI_ISL_18802200	EPI_ISL_18802200	EPI_ISL_18802200
A/Swine/Netherlands/GDE0076/2023	EPI_ISL_18802201	EPI_ISL_18802201	EPI_ISL_18802201	EPI_ISL_18802201	EPI_ISL_18802201	EPI_ISL_18802201	EPI_ISL_18802201	EPI_ISL_18802201
A/Swine/Netherlands/GDE0020/2023	EPI_ISL_18802198	EPI_ISL_18802198	EPI_ISL_18802198	EPI_ISL_18802198	EPI_ISL_18802198	EPI_ISL_18802198	EPI_ISL_18802198	EPI_ISL_18802198
A/Swine/Netherlands/GDE0057/2022	EPI_ISL_18802199	EPI_ISL_18802199	EPI_ISL_18802199	EPI_ISL_18802199	EPI_ISL_18802199	EPI_ISL_18802199	EPI_ISL_18802199	EPI_ISL_18802199
A/swine/Pskov_Region/RII-WD819S/2023	EPI_ISL_18957867	EPI_ISL_18957867	EPI_ISL_18957867	EPI_ISL_18957867	EPI_ISL_18957867	EPI_ISL_18957867	EPI_ISL_18957867	EPI_ISL_18957867
A/swine/England/048998/2023	EPI_ISL_19548149	EPI_ISL_19548149	EPI_ISL_19548149	EPI_ISL_19548149	EPI_ISL_19548149	EPI_ISL_19548149	EPI_ISL_19548149	EPI_ISL_19548149
A/Swine/Netherlands/GDE0107/2023	EPI_ISL_18802196	EPI_ISL_18802196	EPI_ISL_18802196	EPI_ISL_18802196	EPI_ISL_18802196	EPI_ISL_18802196	EPI_ISL_18802196	EPI_ISL_18802196
A/swine/Italy/343484/2021	EPI_ISL_19644408	EPI_ISL_19644408	EPI_ISL_19644408	EPI_ISL_19644408	EPI_ISL_19644408	EPI_ISL_19644408	EPI_ISL_19644408	EPI_ISL_19644408
A/swine/Italy/417712/2022	EPI_ISL_19644388	EPI_ISL_19644388	EPI_ISL_19644388	EPI_ISL_19644388	EPI_ISL_19644388	EPI_ISL_19644388	EPI_ISL_19644388	EPI_ISL_19644388
A/Swine/Netherlands/GD24-064/2024	EPI_ISL_19546020	EPI_ISL_19546020	EPI_ISL_19546020	EPI_ISL_19546020	EPI_ISL_19546020	EPI_ISL_19546020	EPI_ISL_19546020	EPI_ISL_19546020
A/swine/Italy/27695/2021	EPI_ISL_17704879	EPI_ISL_17704879	EPI_ISL_17704879	EPI_ISL_17704879	EPI_ISL_17704879	EPI_ISL_17704879	EPI_ISL_17704879	EPI_ISL_17704879
A/Swine/Netherlands/GD24-029/2024	EPI_ISL_19546010	EPI_ISL_19546010	EPI_ISL_19546010	EPI_ISL_19546010	EPI_ISL_19546010	EPI_ISL_19546010	EPI_ISL_19546010	EPI_ISL_19546010
A/Swine/Netherlands/GD24-031/2024	EPI_ISL_19546011	EPI_ISL_19546011	EPI_ISL_19546011	EPI_ISL_19546011	EPI_ISL_19546011	EPI_ISL_19546011	EPI_ISL_19546011	EPI_ISL_19546011
A/Swine/Netherlands/GD24-018/2024	EPI_ISL_19546008	EPI_ISL_19546008	EPI_ISL_19546008	EPI_ISL_19546008	EPI_ISL_19546008	EPI_ISL_19546008	EPI_ISL_19546008	EPI_ISL_19546008
A/Swine/Netherlands/GD24-020/2024	EPI_ISL_19546009	EPI_ISL_19546009	EPI_ISL_19546009	EPI_ISL_19546009	EPI_ISL_19546009	EPI_ISL_19546009	EPI_ISL_19546009	EPI_ISL_19546009
A/Swine/Netherlands/GD24-045/2024	EPI_ISL_19546014	EPI_ISL_19546014	EPI_ISL_19546014	EPI_ISL_19546014	EPI_ISL_19546014	EPI_ISL_19546014	EPI_ISL_19546014	EPI_ISL_19546014
A/Swine/Netherlands/GD24-046/2024	EPI_ISL_19546015	EPI_ISL_19546015	EPI_ISL_19546015	EPI_ISL_19546015	EPI_ISL_19546015	EPI_ISL_19546015	EPI_ISL_19546015	EPI_ISL_19546015
A/Swine/Netherlands/GD24-032/2024	EPI_ISL_19546012	EPI_ISL_19546012	EPI_ISL_19546012	EPI_ISL_19546012	EPI_ISL_19546012	EPI_ISL_19546012	EPI_ISL_19546012	EPI_ISL_19546012
A/Swine/Netherlands/GD24-038/2024	EPI_ISL_19546013	EPI_ISL_19546013	EPI_ISL_19546013	EPI_ISL_19546013	EPI_ISL_19546013	EPI_ISL_19546013	EPI_ISL_19546013	EPI_ISL_19546013
A/swine/Italy/33582/2022	EPI_ISL_19644409	EPI_ISL_19644409	EPI_ISL_19644409	EPI_ISL_19644409	EPI_ISL_19644409	EPI_ISL_19644409	EPI_ISL_19644409	EPI_ISL_19644409
A/swine/Italy/39688/2021	EPI_ISL_19644394	EPI_ISL_19644394	EPI_ISL_19644394	EPI_ISL_19644394	EPI_ISL_19644394	EPI_ISL_19644394	EPI_ISL_19644394	EPI_ISL_19644394
A/swine/Italy/399722/2022	EPI_ISL_19644392	EPI_ISL_19644392	EPI_ISL_19644392	EPI_ISL_19644392	EPI_ISL_19644392	EPI_ISL_19644392	EPI_ISL_19644392	EPI_ISL_19644392
A/swine/Italy/36005/2021	EPI_ISL_19644398	EPI_ISL_19644398	EPI_ISL_19644398	EPI_ISL_19644398	EPI_ISL_19644398	EPI_ISL_19644398	EPI_ISL_19644398	EPI_ISL_19644398
A/swine/Italy/375366/2021	EPI_ISL_19644397	EPI_ISL_19644397	EPI_ISL_19644397	EPI_ISL_19644397	EPI_ISL_19644397	EPI_ISL_19644397	EPI_ISL_19644397	EPI_ISL_19644397
A/swine/Italy/418974/2022	EPI_ISL_19644387	EPI_ISL_19644387	EPI_ISL_19644387	EPI_ISL_19644387	EPI_ISL_19644387	EPI_ISL_19644387	EPI_ISL_19644387	EPI_ISL_19644387
A/swine/Italy/427730/2022	EPI_ISL_19644386	EPI_ISL_19644386	EPI_ISL_19644386	EPI_ISL_19644386	EPI_ISL_19644386	EPI_ISL_19644386	EPI_ISL_19644386	EPI_ISL_19644386
A/swine/Italy/403063/2022	EPI_ISL_19644391	EPI_ISL_19644391	EPI_ISL_19644391	EPI_ISL_19644391	EPI_ISL_19644391	EPI_ISL_19644391	EPI_ISL_19644391	EPI_ISL_19644391
A/swine/Italy/415608/2022	EPI_ISL_19644390	EPI_ISL_19644390	EPI_ISL_19644390	EPI_ISL_19644390	EPI_ISL_19644390	EPI_ISL_19644390	EPI_ISL_19644390	EPI_ISL_19644390
A/swine/Italy/416754/2022	EPI_ISL_19644389	EPI_ISL_19644389	EPI_ISL_19644389	EPI_ISL_19644389	EPI_ISL_19644389	EPI_ISL_19644389	EPI_ISL_19644389	EPI_ISL_19644389
A/swine/Italy/398937/2022	EPI_ISL_19644393	EPI_ISL_19644393	EPI_ISL_19644393	EPI_ISL_19644393	EPI_ISL_19644393	EPI_ISL_19644393	EPI_ISL_19644393	EPI_ISL_19644393
A/Swine/Netherlands/GDE0108/2023	EPI_ISL_18802197	EPI_ISL_18802197	EPI_ISL_18802197	EPI_ISL_18802197	EPI_ISL_18802197	EPI_ISL_18802197	EPI_ISL_18802197	EPI_ISL_18802197
A/Swine/Netherlands/GDE0105/2022	EPI_ISL_18802194	EPI_ISL_18802194	EPI_ISL_18802194	EPI_ISL_18802194	EPI_ISL_18802194	EPI_ISL_18802194	EPI_ISL_18802194	EPI_ISL_18802194
A/swine/Pskov_Region/RII-WD824S/2023	EPI_ISL_18957868	EPI_ISL_18957868	EPI_ISL_18957868	EPI_ISL_18957868	EPI_ISL_18957868	EPI_ISL_18957868	EPI_ISL_18957868	EPI_ISL_18957868
A/swine/France/22-200108/2020	EPI_ISL_9590621	EPI_ISL_9590621	EPI_ISL_9590621	EPI_ISL_9590621	EPI_ISL_9590621	EPI_ISL_9590621	EPI_ISL_9590621	EPI_ISL_9590621
A/swine/Moscow_region/RII-47S/2023	EPI_ISL_18837247	EPI_ISL_18837247	EPI_ISL_18837247	EPI_ISL_18837247	EPI_ISL_18837247	EPI_ISL_18837247	EPI_ISL_18837247	EPI_ISL_18837247
A/swine/Moscow_region/RII-43S/2023	EPI_ISL_18837246	EPI_ISL_18837246	EPI_ISL_18837246	EPI_ISL_18837246	EPI_ISL_18837246	EPI_ISL_18837246	EPI_ISL_18837246	EPI_ISL_18837246
A/swine/Moscow_region/RII-50S/2023	EPI_ISL_18837245	EPI_ISL_18837245	EPI_ISL_18837245	EPI_ISL_18837245	EPI_ISL_18837245	EPI_ISL_18837245	EPI_ISL_18837245	EPI_ISL_18837245
A/swine/Belgorod_region/RII-64-3S/2023	EPI_ISL_18837244	EPI_ISL_18837244	EPI_ISL_18837244	EPI_ISL_18837244	EPI_ISL_18837244	EPI_ISL_18837244	EPI_ISL_18837244	EPI_ISL_18837244
A/Navarra/4050/2022	EPI_ISL_16074739	EPI_ISL_16074739	EPI_ISL_16074739	EPI_ISL_16074739	EPI_ISL_16074739	EPI_ISL_16074739	EPI_ISL_16074739	EPI_ISL_16074739
A/Catalonia/NSAV198309324/2024	EPI_ISL_19459695	EPI_ISL_19459695	EPI_ISL_19459695	EPI_ISL_19459695	EPI_ISL_19459695	EPI_ISL_19459695	EPI_ISL_19459695	EPI_ISL_19459695
A/Catalonia/NSAV600497186/2026	EPI_ISL_20360413	EPI_ISL_20360413	EPI_ISL_20360413	EPI_ISL_20360413	EPI_ISL_20360413	EPI_ISL_20360413	EPI_ISL_20360413	EPI_ISL_20360413
A/Catalonia/NSAV198289092/2023	EPI_ISL_18782577	EPI_ISL_18782577	EPI_ISL_18782577	EPI_ISL_18782577	EPI_ISL_18782577	EPI_ISL_18782577	EPI_ISL_18782577	EPI_ISL_18782577
A/Nordrhein-Westfalen/8/2022	EPI_ISL_12589314	EPI_ISL_12589314	EPI_ISL_12589314	EPI_ISL_12589314	EPI_ISL_12589314	EPI_ISL_12589314	EPI_ISL_12589314	EPI_ISL_12589314
A/Swine/Netherlands/20413/2022	EPI_ISL_18886300	EPI_ISL_18886300	EPI_ISL_18886300	EPI_ISL_18886300	EPI_ISL_18886300	EPI_ISL_18886300	EPI_ISL_18886300	EPI_ISL_18886300
A/Hessen/47/2020	EPI_ISL_491173	EPI_ISL_491173	EPI_ISL_491173	EPI_ISL_491173	EPI_ISL_491173	EPI_ISL_491173	EPI_ISL_491173	EPI_ISL_491173
A/Mecklenburg-Vorpommern/1/2021		EPI_ISL_2434152	EPI_ISL_2434152	EPI_ISL_2434152			EPI_ISL_2434152	
A/Netherlands/10370-2/2020	EPI_ISL_717722	EPI_ISL_717722	EPI_ISL_717722	EPI_ISL_717722	EPI_ISL_717722	EPI_ISL_717722	EPI_ISL_717722	EPI_ISL_717722
A/Bretagne/24241/2021	EPI_ISL_4106156	EPI_ISL_4106156	EPI_ISL_4106156	EPI_ISL_4106156	EPI_ISL_4106156	EPI_ISL_4106156	EPI_ISL_4106156	EPI_ISL_4106156
A/Netherlands/11748/2022	EPI_ISL_15348505	EPI_ISL_15348505	EPI_ISL_15348505	EPI_ISL_15348505	EPI_ISL_15348505	EPI_ISL_15348505	EPI_ISL_15348505	EPI_ISL_15348505
A/Netherlands/Gent-193/2019		EPI_ISL_430865	EPI_ISL_430865	EPI_ISL_430865			EPI_ISL_430865	
A/Pavia/65/2016				EPI_ISL_539889		EPI_ISL_539889		
A/Netherlands/3315/2016				EPI_ISL_539891		EPI_ISL_539891		
A/Victoria/2570/2019	EPI_ISL_16967996	EPI_ISL_16967996	EPI_ISL_16967996	EPI_ISL_16967996	EPI_ISL_16967996	EPI_ISL_16967996	EPI_ISL_16967996	EPI_ISL_16967996
A/England/234600203/2023	EPI_ISL_18548251	EPI_ISL_18548251	EPI_ISL_18548251	EPI_ISL_18548251	EPI_ISL_18548251	EPI_ISL_18548251	EPI_ISL_18548251	EPI_ISL_18548251
A/Austria/1445532/2021				EPI_ISL_6915331			EPI_ISL_6915331	EPI_ISL_6915331
A/Swine/Netherlands/13417/2023	EPI_ISL_18886299	EPI_ISL_18886299	EPI_ISL_18886299	EPI_ISL_18886299	EPI_ISL_18886299	EPI_ISL_18886299	EPI_ISL_18886299	EPI_ISL_18886299
A/Swine/Netherlands/12808/2022	EPI_ISL_18886298	EPI_ISL_18886298	EPI_ISL_18886298	EPI_ISL_18886298	EPI_ISL_18886298	EPI_ISL_18886298	EPI_ISL_18886298	EPI_ISL_18886298
A/Swine/Netherlands/GDE0106/2022	EPI_ISL_18802195	EPI_ISL_18802195	EPI_ISL_18802195	EPI_ISL_18802195	EPI_ISL_18802195	EPI_ISL_18802195	EPI_ISL_18802195	EPI_ISL_18802195
A/Swine/Netherlands/GDE0101/2023	EPI_ISL_18802192	EPI_ISL_18802192	EPI_ISL_18802192	EPI_ISL_18802192	EPI_ISL_18802192	EPI_ISL_18802192	EPI_ISL_18802192	EPI_ISL_18802192
A/Swine/Netherlands/GDE0103/2023	EPI_ISL_18802193	EPI_ISL_18802193	EPI_ISL_18802193	EPI_ISL_18802193	EPI_ISL_18802193	EPI_ISL_18802193	EPI_ISL_18802193	EPI_ISL_18802193
A/Swine/Netherlands/GDE0099/2023	EPI_ISL_18802190	EPI_ISL_18802190	EPI_ISL_18802190	EPI_ISL_18802190	EPI_ISL_18802190	EPI_ISL_18802190	EPI_ISL_18802190	EPI_ISL_18802190
A/Swine/Netherlands/GDE0100/2023	EPI_ISL_18802191	EPI_ISL_18802191	EPI_ISL_18802191	EPI_ISL_18802191	EPI_ISL_18802191	EPI_ISL_18802191	EPI_ISL_18802191	EPI_ISL_18802191
A/Swine/Netherlands/GDE0098/2023	EPI_ISL_18802189	EPI_ISL_18802189	EPI_ISL_18802189	EPI_ISL_18802189	EPI_ISL_18802189	EPI_ISL_18802189	EPI_ISL_18802189	EPI_ISL_18802189
A/Swine/Ukraine/M2316862-3/2023	EPI_ISL_20110866	EPI_ISL_20110866	EPI_ISL_20110866	EPI_ISL_20110866	EPI_ISL_20110866	EPI_ISL_20110866	EPI_ISL_20110866	EPI_ISL_20110866
A/swine/France/22-200115/2020	EPI_ISL_9590688	EPI_ISL_9590688	EPI_ISL_9590688	EPI_ISL_9590688	EPI_ISL_9590688	EPI_ISL_9590688	EPI_ISL_9590688	EPI_ISL_9590688
A/Swine/Netherlands/5591/2023	EPI_ISL_18886167	EPI_ISL_18886167	EPI_ISL_18886167	EPI_ISL_18886167	EPI_ISL_18886167	EPI_ISL_18886167	EPI_ISL_18886167	EPI_ISL_18886167
A/swine/Northern_Ireland/2162-24/2023	EPI_ISL_18579031	EPI_ISL_18579031	EPI_ISL_18579031	EPI_ISL_18579031	EPI_ISL_18579031	EPI_ISL_18579031	EPI_ISL_18579031	EPI_ISL_18579031
A/swine/Northern_Ireland/2160-09/2023	EPI_ISL_18579030	EPI_ISL_18579030	EPI_ISL_18579030	EPI_ISL_18579030	EPI_ISL_18579030	EPI_ISL_18579030	EPI_ISL_18579030	EPI_ISL_18579030
A/swine/France/22-200168/2020	EPI_ISL_9590721	EPI_ISL_9590721	EPI_ISL_9590721	EPI_ISL_9590721	EPI_ISL_9590721	EPI_ISL_9590721	EPI_ISL_9590721	EPI_ISL_9590721
A/swine/Netherlands/8836/2022	EPI_ISL_18886265	EPI_ISL_18886265	EPI_ISL_18886265	EPI_ISL_18886265	EPI_ISL_18886265	EPI_ISL_18886265	EPI_ISL_18886265	EPI_ISL_18886265
A/swine/Pskov_Region/RII-12S/2022	EPI_ISL_13692851	EPI_ISL_13692851	EPI_ISL_13692851	EPI_ISL_13692851	EPI_ISL_13692851	EPI_ISL_13692851	EPI_ISL_13692851	EPI_ISL_13692851
A/swine/France/22-200171/2020	EPI_ISL_9590775	EPI_ISL_9590775	EPI_ISL_9590775	EPI_ISL_9590775	EPI_ISL_9590775	EPI_ISL_9590775	EPI_ISL_9590775	EPI_ISL_9590775
A/swine/Nordrhein-Westfalen/91/2024	EPI_ISL_19179084	EPI_ISL_19179084	EPI_ISL_19179084	EPI_ISL_19179084	EPI_ISL_19179084	EPI_ISL_19179084	EPI_ISL_19179084	EPI_ISL_19179084
A/swine/Nordrhein-Westfalen/92/2024	EPI_ISL_19179085	EPI_ISL_19179085	EPI_ISL_19179085	EPI_ISL_19179085	EPI_ISL_19179085	EPI_ISL_19179085	EPI_ISL_19179085	EPI_ISL_19179085
A/swine/Nordrhein-Westfalen/95/2024	EPI_ISL_19179083	EPI_ISL_19179083	EPI_ISL_19179083	EPI_ISL_19179083	EPI_ISL_19179083	EPI_ISL_19179083	EPI_ISL_19179083	EPI_ISL_19179083
A/swine/France/22-200258/2020	EPI_ISL_9592814	EPI_ISL_9592814	EPI_ISL_9592814	EPI_ISL_9592814	EPI_ISL_9592814	EPI_ISL_9592814	EPI_ISL_9592814	EPI_ISL_9592814
A/swine/France/22-200260/2020	EPI_ISL_9592815	EPI_ISL_9592815	EPI_ISL_9592815	EPI_ISL_9592815	EPI_ISL_9592815	EPI_ISL_9592815	EPI_ISL_9592815	EPI_ISL_9592815
A/swine/Ukraine/M2316863-3/2023	EPI_ISL_20129427	EPI_ISL_20129427	EPI_ISL_20129427	EPI_ISL_20129427	EPI_ISL_20129427	EPI_ISL_20129427	EPI_ISL_20129427	EPI_ISL_20129427
A/swine/France/22-200062/2020	EPI_ISL_9590591	EPI_ISL_9590591	EPI_ISL_9590591	EPI_ISL_9590591	EPI_ISL_9590591	EPI_ISL_9590591	EPI_ISL_9590591	EPI_ISL_9590591
A/swine/Nordrhein-Westfalen/28/2025	EPI_ISL_19783325	EPI_ISL_19783325	EPI_ISL_19783325	EPI_ISL_19783325	EPI_ISL_19783325	EPI_ISL_19783325	EPI_ISL_19783325	EPI_ISL_19783325
A/Swine/Netherlands/GD24-056/2024	EPI_ISL_19546017	EPI_ISL_19546017	EPI_ISL_19546017	EPI_ISL_19546017	EPI_ISL_19546017	EPI_ISL_19546017	EPI_ISL_19546017	EPI_ISL_19546017
A/swine/France/72-200461-1/2020	EPI_ISL_19677816	EPI_ISL_19677816	EPI_ISL_19677816	EPI_ISL_19677816	EPI_ISL_19677816	EPI_ISL_19677816	EPI_ISL_19677816	EPI_ISL_19677816
A/Swine/Netherlands/GD24-049/2024	EPI_ISL_19546016	EPI_ISL_19546016	EPI_ISL_19546016	EPI_ISL_19546016	EPI_ISL_19546016	EPI_ISL_19546016	EPI_ISL_19546016	EPI_ISL_19546016
A/Swine/Netherlands/GD24-057/2024	EPI_ISL_19546018	EPI_ISL_19546018	EPI_ISL_19546018	EPI_ISL_19546018	EPI_ISL_19546018	EPI_ISL_19546018	EPI_ISL_19546018	EPI_ISL_19546018
A/swine/Nordrhein-Westfalen/130/2025	EPI_ISL_20190263	EPI_ISL_20190263	EPI_ISL_20190263	EPI_ISL_20190263	EPI_ISL_20190263	EPI_ISL_20190263	EPI_ISL_20190263	EPI_ISL_20190263
A/swine/Nordrhein-Westfalen/137/2025	EPI_ISL_20190264	EPI_ISL_20190264	EPI_ISL_20190264	EPI_ISL_20190264	EPI_ISL_20190264	EPI_ISL_20190264	EPI_ISL_20190264	EPI_ISL_20190264
A/swine/England/123045/2023	EPI_ISL_18543639	EPI_ISL_18543639	EPI_ISL_18543639	EPI_ISL_18543639	EPI_ISL_18543639	EPI_ISL_18543639	EPI_ISL_18543639	EPI_ISL_18543639
A/swine/Austria/25001042-091/2025	EPI_ISL_19866657	EPI_ISL_19866657	EPI_ISL_19866657	EPI_ISL_19866657	EPI_ISL_19866657	EPI_ISL_19866657	EPI_ISL_19866657	EPI_ISL_19866657
A/swine/Austria/25001042-010/2025	EPI_ISL_19866656	EPI_ISL_19866656	EPI_ISL_19866656	EPI_ISL_19866656	EPI_ISL_19866656	EPI_ISL_19866656	EPI_ISL_19866656	EPI_ISL_19866656
A/swine/Nordrhein-Westfalen/131/2025	EPI_ISL_20177955	EPI_ISL_20177955	EPI_ISL_20177955	EPI_ISL_20177955	EPI_ISL_20177955	EPI_ISL_20177955	EPI_ISL_20177955	EPI_ISL_20177955
A/swine/Nordrhein-Westfalen/126/2025	EPI_ISL_20177953	EPI_ISL_20177953	EPI_ISL_20177953	EPI_ISL_20177953	EPI_ISL_20177953	EPI_ISL_20177953	EPI_ISL_20177953	EPI_ISL_20177953
A/swine/Nordrhein-Westfalen/134/2025	EPI_ISL_20177958	EPI_ISL_20177958	EPI_ISL_20177958	EPI_ISL_20177958	EPI_ISL_20177958	EPI_ISL_20177958	EPI_ISL_20177958	EPI_ISL_20177958
A/swine/Nordrhein-Westfalen/133/2025	EPI_ISL_20177957	EPI_ISL_20177957	EPI_ISL_20177957	EPI_ISL_20177957	EPI_ISL_20177957	EPI_ISL_20177957	EPI_ISL_20177957	EPI_ISL_20177957
A/swine/Nordrhein-Westfalen/129/2025	EPI_ISL_20190262	EPI_ISL_20190262	EPI_ISL_20190262	EPI_ISL_20190262	EPI_ISL_20190262	EPI_ISL_20190262	EPI_ISL_20190262	EPI_ISL_20190262
A/swine/Italy/21-69888-5/2021	EPI_ISL_19698701	EPI_ISL_19698701	EPI_ISL_19698701	EPI_ISL_19698701	EPI_ISL_19698701	EPI_ISL_19698701	EPI_ISL_19698701	EPI_ISL_19698701
A/swine/Austria25006648-001/2024	EPI_ISL_19866634	EPI_ISL_19866634	EPI_ISL_19866634	EPI_ISL_19866634	EPI_ISL_19866634	EPI_ISL_19866634	EPI_ISL_19866634	EPI_ISL_19866634
A/swine/Italy/22-23346-6/2022	EPI_ISL_19698697	EPI_ISL_19698697	EPI_ISL_19698697	EPI_ISL_19698697	EPI_ISL_19698697	EPI_ISL_19698697	EPI_ISL_19698697	EPI_ISL_19698697
A/swine/Italy/21-119840/2021	EPI_ISL_19698693	EPI_ISL_19698693	EPI_ISL_19698693	EPI_ISL_19698693	EPI_ISL_19698693	EPI_ISL_19698693	EPI_ISL_19698693	EPI_ISL_19698693
A/swine/Italy/22-95513-2/2022	EPI_ISL_19698688	EPI_ISL_19698688	EPI_ISL_19698688	EPI_ISL_19698688	EPI_ISL_19698688	EPI_ISL_19698688	EPI_ISL_19698688	EPI_ISL_19698688
A/swine/Italy/22-45445-4/2022	EPI_ISL_19698689	EPI_ISL_19698689	EPI_ISL_19698689	EPI_ISL_19698689	EPI_ISL_19698689	EPI_ISL_19698689	EPI_ISL_19698689	EPI_ISL_19698689
A/swine/Italy/22-16857-8/2022	EPI_ISL_19698690	EPI_ISL_19698690	EPI_ISL_19698690	EPI_ISL_19698690	EPI_ISL_19698690	EPI_ISL_19698690	EPI_ISL_19698690	EPI_ISL_19698690
A/swine/Italy/22-95513-1/2022	EPI_ISL_19698712	EPI_ISL_19698712	EPI_ISL_19698712	EPI_ISL_19698712	EPI_ISL_19698712	EPI_ISL_19698712	EPI_ISL_19698712	EPI_ISL_19698712
A/swine/Austria25006648-002/2024	EPI_ISL_19866643	EPI_ISL_19866643	EPI_ISL_19866643	EPI_ISL_19866643	EPI_ISL_19866643	EPI_ISL_19866643	EPI_ISL_19866643	EPI_ISL_19866643
A/swine/Italy/21-81998-1/2021	EPI_ISL_19698704	EPI_ISL_19698704	EPI_ISL_19698704	EPI_ISL_19698704	EPI_ISL_19698704	EPI_ISL_19698704	EPI_ISL_19698704	EPI_ISL_19698704
A/swine/Italy/22-20450-4/2022	EPI_ISL_19698696	EPI_ISL_19698696	EPI_ISL_19698696	EPI_ISL_19698696	EPI_ISL_19698696	EPI_ISL_19698696	EPI_ISL_19698696	EPI_ISL_19698696
A/swine/Italy/21-69884-5/2021	EPI_ISL_19698705	EPI_ISL_19698705	EPI_ISL_19698705	EPI_ISL_19698705	EPI_ISL_19698705	EPI_ISL_19698705	EPI_ISL_19698705	EPI_ISL_19698705
A/Swine/Netherlands/GDE0091/2023	EPI_ISL_18802145	EPI_ISL_18802145	EPI_ISL_18802145	EPI_ISL_18802145	EPI_ISL_18802145	EPI_ISL_18802145	EPI_ISL_18802145	EPI_ISL_18802145
A/Swine/Netherlands/GDE0095/2023	EPI_ISL_18802147	EPI_ISL_18802147	EPI_ISL_18802147	EPI_ISL_18802147	EPI_ISL_18802147	EPI_ISL_18802147	EPI_ISL_18802147	EPI_ISL_18802147
A/swine/Northern_Ireland/3003-01-02/2023	EPI_ISL_19498420	EPI_ISL_19498420	EPI_ISL_19498420	EPI_ISL_19498420	EPI_ISL_19498420	EPI_ISL_19498420	EPI_ISL_19498420	EPI_ISL_19498420
A/swine/Northern_Ireland/3003-01-08/2023	EPI_ISL_19498423	EPI_ISL_19498423	EPI_ISL_19498423	EPI_ISL_19498423	EPI_ISL_19498423	EPI_ISL_19498423	EPI_ISL_19498423	EPI_ISL_19498423
A/swine/Northern_Ireland/3003-01-04/2023	EPI_ISL_19498422	EPI_ISL_19498422	EPI_ISL_19498422	EPI_ISL_19498422	EPI_ISL_19498422	EPI_ISL_19498422	EPI_ISL_19498422	EPI_ISL_19498422
A/swine/France/56-200112/2020	EPI_ISL_9589819	EPI_ISL_9589819	EPI_ISL_9589819	EPI_ISL_9589819	EPI_ISL_9589819	EPI_ISL_9589819	EPI_ISL_9589819	EPI_ISL_9589819
A/swine/Austria/25006021-009/2025	EPI_ISL_20110751	EPI_ISL_20110751	EPI_ISL_20110751	EPI_ISL_20110751	EPI_ISL_20110751	EPI_ISL_20110751	EPI_ISL_20110751	EPI_ISL_20110751
A/swine/Voronezh_Region/RII-WD917S/2024	EPI_ISL_19160470	EPI_ISL_19160470	EPI_ISL_19160470	EPI_ISL_19160470	EPI_ISL_19160470	EPI_ISL_19160470	EPI_ISL_19160470	EPI_ISL_19160470
A/swine/Voronezh_Region/RII-WD920S/2024	EPI_ISL_19160471	EPI_ISL_19160471	EPI_ISL_19160471	EPI_ISL_19160471	EPI_ISL_19160471	EPI_ISL_19160471	EPI_ISL_19160471	EPI_ISL_19160471
A/swine/Austria/24007976-008/2024	EPI_ISL_19418513	EPI_ISL_19418513	EPI_ISL_19418513	EPI_ISL_19418513	EPI_ISL_19418513	EPI_ISL_19418513	EPI_ISL_19418513	EPI_ISL_19418513
A/swine/Voronezh_Region/RII-WD923S/2024	EPI_ISL_19160472	EPI_ISL_19160472	EPI_ISL_19160472	EPI_ISL_19160472	EPI_ISL_19160472	EPI_ISL_19160472	EPI_ISL_19160472	EPI_ISL_19160472
A/swine/France/56-200050/2020	EPI_ISL_9589807	EPI_ISL_9589807	EPI_ISL_9589807	EPI_ISL_9589807	EPI_ISL_9589807	EPI_ISL_9589807	EPI_ISL_9589807	EPI_ISL_9589807
A/Swine/Netherlands/GDE0090/2023	EPI_ISL_18802144	EPI_ISL_18802144	EPI_ISL_18802144	EPI_ISL_18802144	EPI_ISL_18802144	EPI_ISL_18802144	EPI_ISL_18802144	EPI_ISL_18802144
A/Swine/Netherlands/GDE0086/2023	EPI_ISL_18802142	EPI_ISL_18802142	EPI_ISL_18802142	EPI_ISL_18802142	EPI_ISL_18802142	EPI_ISL_18802142	EPI_ISL_18802142	EPI_ISL_18802142
A/Swine/Netherlands/GDE0079/2023	EPI_ISL_18802140	EPI_ISL_18802140	EPI_ISL_18802140	EPI_ISL_18802140	EPI_ISL_18802140	EPI_ISL_18802140	EPI_ISL_18802140	EPI_ISL_18802140
A/Swine/Netherlands/GDE0083/2023	EPI_ISL_18802141	EPI_ISL_18802141	EPI_ISL_18802141	EPI_ISL_18802141	EPI_ISL_18802141	EPI_ISL_18802141	EPI_ISL_18802141	EPI_ISL_18802141
A/swine/Austria/24079924-004/2024	EPI_ISL_19693028	EPI_ISL_19693028	EPI_ISL_19693028	EPI_ISL_19693028	EPI_ISL_19693028	EPI_ISL_19693028	EPI_ISL_19693028	EPI_ISL_19693028
A/swine/Austria/24079924-005/2024	EPI_ISL_19693029	EPI_ISL_19693029	EPI_ISL_19693029	EPI_ISL_19693029	EPI_ISL_19693029	EPI_ISL_19693029	EPI_ISL_19693029	EPI_ISL_19693029
A/swine/Austria/24007976-020/2024	EPI_ISL_19693030	EPI_ISL_19693030	EPI_ISL_19693030	EPI_ISL_19693030	EPI_ISL_19693030	EPI_ISL_19693030	EPI_ISL_19693030	EPI_ISL_19693030
A/swine/Austria/24164948/2024	EPI_ISL_19693031	EPI_ISL_19693031	EPI_ISL_19693031	EPI_ISL_19693031	EPI_ISL_19693031	EPI_ISL_19693031	EPI_ISL_19693031	EPI_ISL_19693031
A/swine/France/22-200239/2020	EPI_ISL_9591927	EPI_ISL_9591927	EPI_ISL_9591927	EPI_ISL_9591927	EPI_ISL_9591927	EPI_ISL_9591927	EPI_ISL_9591927	EPI_ISL_9591927
A/swine/France/01-200024/2020	EPI_ISL_9589879	EPI_ISL_9589879	EPI_ISL_9589879	EPI_ISL_9589879	EPI_ISL_9589879	EPI_ISL_9589879	EPI_ISL_9589879	EPI_ISL_9589879
A/Swine/Netherlands/GDE0096/2023	EPI_ISL_18802148	EPI_ISL_18802148	EPI_ISL_18802148	EPI_ISL_18802148	EPI_ISL_18802148	EPI_ISL_18802148	EPI_ISL_18802148	EPI_ISL_18802148
A/Swine/Netherlands/GDE0093/2023	EPI_ISL_18802146	EPI_ISL_18802146	EPI_ISL_18802146	EPI_ISL_18802146	EPI_ISL_18802146	EPI_ISL_18802146	EPI_ISL_18802146	EPI_ISL_18802146
A/Swine/Netherlands/GDE0089/2023	EPI_ISL_18802143	EPI_ISL_18802143	EPI_ISL_18802143	EPI_ISL_18802143	EPI_ISL_18802143	EPI_ISL_18802143	EPI_ISL_18802143	EPI_ISL_18802143
A/swine/Italy/22-77301-10/2022	EPI_ISL_19698706	EPI_ISL_19698706	EPI_ISL_19698706	EPI_ISL_19698706	EPI_ISL_19698706	EPI_ISL_19698706	EPI_ISL_19698706	EPI_ISL_19698706
A/swine/Italy/22-21550/2022	EPI_ISL_19698707	EPI_ISL_19698707	EPI_ISL_19698707	EPI_ISL_19698707	EPI_ISL_19698707	EPI_ISL_19698707	EPI_ISL_19698707	EPI_ISL_19698707
A/swine/Moscow_region/RII-49S/2023	EPI_ISL_18837248	EPI_ISL_18837248	EPI_ISL_18837248	EPI_ISL_18837248	EPI_ISL_18837248	EPI_ISL_18837248	EPI_ISL_18837248	EPI_ISL_18837248
A/swine/France/22-200242/2020	EPI_ISL_9592510	EPI_ISL_9592510	EPI_ISL_9592510	EPI_ISL_9592510	EPI_ISL_9592510	EPI_ISL_9592510	EPI_ISL_9592510	EPI_ISL_9592510
A/swine/France/22-200249/2020	EPI_ISL_9592511	EPI_ISL_9592511	EPI_ISL_9592511	EPI_ISL_9592511	EPI_ISL_9592511	EPI_ISL_9592511	EPI_ISL_9592511	EPI_ISL_9592511
A/swine/France/22-200241/2020	EPI_ISL_9592509	EPI_ISL_9592509	EPI_ISL_9592509	EPI_ISL_9592509	EPI_ISL_9592509	EPI_ISL_9592509	EPI_ISL_9592509	EPI_ISL_9592509
A/swine/France/22-200255/2020	EPI_ISL_9592512	EPI_ISL_9592512	EPI_ISL_9592512	EPI_ISL_9592512	EPI_ISL_9592512	EPI_ISL_9592512	EPI_ISL_9592512	EPI_ISL_9592512
A/swine/Moscow_region/RII-43/2023	EPI_ISL_18837251	EPI_ISL_18837251	EPI_ISL_18837251	EPI_ISL_18837251	EPI_ISL_18837251	EPI_ISL_18837251	EPI_ISL_18837251	EPI_ISL_18837251
A/swine/Czech_Republic/12244/2023	EPI_ISL_18257787	EPI_ISL_18257787	EPI_ISL_18257787	EPI_ISL_18257787	EPI_ISL_18257787	EPI_ISL_18257787	EPI_ISL_18257787	EPI_ISL_18257787
A/swine/Moscow_region/RII-49/2023	EPI_ISL_18837252	EPI_ISL_18837252	EPI_ISL_18837252	EPI_ISL_18837252	EPI_ISL_18837252	EPI_ISL_18837252	EPI_ISL_18837252	EPI_ISL_18837252
A/swine/Moscow_region/RII-50/2023	EPI_ISL_18837253	EPI_ISL_18837253	EPI_ISL_18837253	EPI_ISL_18837253	EPI_ISL_18837253	EPI_ISL_18837253	EPI_ISL_18837253	EPI_ISL_18837253
A/swine/Moscow_region/RII-47/2023	EPI_ISL_18837254	EPI_ISL_18837254	EPI_ISL_18837254	EPI_ISL_18837254	EPI_ISL_18837254	EPI_ISL_18837254	EPI_ISL_18837254	EPI_ISL_18837254
A/swine/Germany/2023AI02948/2023	EPI_ISL_18977863	EPI_ISL_18977863	EPI_ISL_18977863	EPI_ISL_18977863	EPI_ISL_18977863	EPI_ISL_18977863	EPI_ISL_18977863	EPI_ISL_18977863
A/swine/Germany/2023AI04188/2023	EPI_ISL_18977864	EPI_ISL_18977864	EPI_ISL_18977864	EPI_ISL_18977864	EPI_ISL_18977864	EPI_ISL_18977864	EPI_ISL_18977864	EPI_ISL_18977864
A/swine/Germany/2023AI03151/2023	EPI_ISL_18977866	EPI_ISL_18977866	EPI_ISL_18977866	EPI_ISL_18977866	EPI_ISL_18977866	EPI_ISL_18977866	EPI_ISL_18977866	EPI_ISL_18977866
A/Swine/Netherlands/12257/2022	EPI_ISL_18885727	EPI_ISL_18885727	EPI_ISL_18885727	EPI_ISL_18885727	EPI_ISL_18885727	EPI_ISL_18885727	EPI_ISL_18885727	EPI_ISL_18885727
A/swine/Czech_Republic/9213/2024	EPI_ISL_19338421	EPI_ISL_19338421	EPI_ISL_19338421	EPI_ISL_19338421	EPI_ISL_19338421	EPI_ISL_19338421	EPI_ISL_19338421	EPI_ISL_19338421
A/Swine/Netherlands/12875/2022	EPI_ISL_18885820	EPI_ISL_18885820	EPI_ISL_18885820	EPI_ISL_18885820	EPI_ISL_18885820	EPI_ISL_18885820	EPI_ISL_18885820	EPI_ISL_18885820
A/swine/Denmark/S05812-5/2020	EPI_ISL_9606454	EPI_ISL_9606454	EPI_ISL_9606454	EPI_ISL_9606454	EPI_ISL_9606454	EPI_ISL_9606454	EPI_ISL_9606454	EPI_ISL_9606454
A/Swine/Netherlands/9498/2023	EPI_ISL_18885856	EPI_ISL_18885856	EPI_ISL_18885856	EPI_ISL_18885856	EPI_ISL_18885856	EPI_ISL_18885856	EPI_ISL_18885856	EPI_ISL_18885856
A/Swine/Netherlands/11053/2023	EPI_ISL_18885872	EPI_ISL_18885872	EPI_ISL_18885872	EPI_ISL_18885872	EPI_ISL_18885872	EPI_ISL_18885872	EPI_ISL_18885872	EPI_ISL_18885872
A/Swine/Netherlands/11184/2023	EPI_ISL_18885874	EPI_ISL_18885874	EPI_ISL_18885874	EPI_ISL_18885874	EPI_ISL_18885874	EPI_ISL_18885874	EPI_ISL_18885874	EPI_ISL_18885874
A/Swine/Netherlands/15159/2023	EPI_ISL_18885875	EPI_ISL_18885875	EPI_ISL_18885875	EPI_ISL_18885875	EPI_ISL_18885875	EPI_ISL_18885875	EPI_ISL_18885875	EPI_ISL_18885875
A/Swine/Netherlands/15163/2022	EPI_ISL_18885827	EPI_ISL_18885827	EPI_ISL_18885827	EPI_ISL_18885827	EPI_ISL_18885827	EPI_ISL_18885827	EPI_ISL_18885827	EPI_ISL_18885827
A/Swine/Netherlands/19458/2022	EPI_ISL_18885837	EPI_ISL_18885837	EPI_ISL_18885837	EPI_ISL_18885837	EPI_ISL_18885837	EPI_ISL_18885837	EPI_ISL_18885837	EPI_ISL_18885837
A/Swine/Netherlands/3825/2023	EPI_ISL_18885851	EPI_ISL_18885851	EPI_ISL_18885851	EPI_ISL_18885851	EPI_ISL_18885851	EPI_ISL_18885851	EPI_ISL_18885851	EPI_ISL_18885851
A/Swine/Netherlands/6151/2023	EPI_ISL_18885853	EPI_ISL_18885853	EPI_ISL_18885853	EPI_ISL_18885853	EPI_ISL_18885853	EPI_ISL_18885853	EPI_ISL_18885853	EPI_ISL_18885853
A/swine/Nordrhein-Westfalen/120/2025	EPI_ISL_19853100	EPI_ISL_19853100	EPI_ISL_19853100	EPI_ISL_19853100	EPI_ISL_19853100	EPI_ISL_19853100	EPI_ISL_19853100	EPI_ISL_19853100
A/swine/Pskov_region/RII-8-2S/2023	EPI_ISL_18837260	EPI_ISL_18837260	EPI_ISL_18837260	EPI_ISL_18837260	EPI_ISL_18837260	EPI_ISL_18837260	EPI_ISL_18837260	EPI_ISL_18837260
A/swine/Pskov_region/RII-54-3S/2023	EPI_ISL_18837258	EPI_ISL_18837258	EPI_ISL_18837258	EPI_ISL_18837258	EPI_ISL_18837258	EPI_ISL_18837258	EPI_ISL_18837258	EPI_ISL_18837258
A/swine/Pskov_region/RII-41-3S/2023	EPI_ISL_18837257	EPI_ISL_18837257	EPI_ISL_18837257	EPI_ISL_18837257	EPI_ISL_18837257	EPI_ISL_18837257	EPI_ISL_18837257	EPI_ISL_18837257
A/Swine/Netherlands/GD24-060/2024	EPI_ISL_19546019	EPI_ISL_19546019	EPI_ISL_19546019	EPI_ISL_19546019	EPI_ISL_19546019	EPI_ISL_19546019	EPI_ISL_19546019	EPI_ISL_19546019
A/swine/France/35-200295/2020	EPI_ISL_9593295	EPI_ISL_9593295	EPI_ISL_9593295	EPI_ISL_9593295	EPI_ISL_9593295	EPI_ISL_9593295	EPI_ISL_9593295	EPI_ISL_9593295
A/swine/France/56-220651-2/2022	EPI_ISL_19677822	EPI_ISL_19677822	EPI_ISL_19677822	EPI_ISL_19677822	EPI_ISL_19677822	EPI_ISL_19677822	EPI_ISL_19677822	EPI_ISL_19677822
A/swine/Denmark/21-24175-1/2021	EPI_ISL_19751522	EPI_ISL_19751522	EPI_ISL_19751522	EPI_ISL_19751522	EPI_ISL_19751522	EPI_ISL_19751522	EPI_ISL_19751522	EPI_ISL_19751522
A/swine/France/22-200269/2020	EPI_ISL_9593182	EPI_ISL_9593182	EPI_ISL_9593182	EPI_ISL_9593182	EPI_ISL_9593182	EPI_ISL_9593182	EPI_ISL_9593182	EPI_ISL_9593182
A/swine/France/22-200278/2020	EPI_ISL_9593183	EPI_ISL_9593183	EPI_ISL_9593183	EPI_ISL_9593183	EPI_ISL_9593183	EPI_ISL_9593183	EPI_ISL_9593183	EPI_ISL_9593183
A/swine/Denmark/20-8035-3/2020	EPI_ISL_19790069	EPI_ISL_19790069	EPI_ISL_19790069	EPI_ISL_19790069	EPI_ISL_19790069	EPI_ISL_19790069	EPI_ISL_19790069	EPI_ISL_19790069
A/swine/Italy/18374/2020	EPI_ISL_14764346	EPI_ISL_14764346	EPI_ISL_14764346	EPI_ISL_14764346	EPI_ISL_14764346	EPI_ISL_14764346	EPI_ISL_14764346	EPI_ISL_14764346
A/swine/Northern_Ireland/2004-30/2021	EPI_ISL_18221301	EPI_ISL_18221302	EPI_ISL_18221302	EPI_ISL_18221302	EPI_ISL_18221301	EPI_ISL_18221301	EPI_ISL_18221302	EPI_ISL_18221301
A/swine/Italy/145488/2020	EPI_ISL_14764320	EPI_ISL_14764320	EPI_ISL_14764320	EPI_ISL_14764320	EPI_ISL_14764320	EPI_ISL_14764320	EPI_ISL_14764320	EPI_ISL_14764320
A/swine/Oryol/RII-WD2678S/2025	EPI_ISL_19849423	EPI_ISL_19849423	EPI_ISL_19849423	EPI_ISL_19849423	EPI_ISL_19849423	EPI_ISL_19849423	EPI_ISL_19849423	EPI_ISL_19849423
A/swine/Italy/129711-7/2020	EPI_ISL_14764291	EPI_ISL_14764291	EPI_ISL_14764291	EPI_ISL_14764291	EPI_ISL_14764291	EPI_ISL_14764291	EPI_ISL_14764291	EPI_ISL_14764291
A/swine/France/28-200396/2020	EPI_ISL_9593200	EPI_ISL_9593200	EPI_ISL_9593200	EPI_ISL_9593200	EPI_ISL_9593200	EPI_ISL_9593200	EPI_ISL_9593200	EPI_ISL_9593200
A/swine/Northern_Ireland/2006-11/2021	EPI_ISL_18221309	EPI_ISL_18221310	EPI_ISL_18221310	EPI_ISL_18221310	EPI_ISL_18221309	EPI_ISL_18221309	EPI_ISL_18221310	EPI_ISL_18221309
A/swine/Northern_Ireland/2006-12/2021	EPI_ISL_18221311	EPI_ISL_18221311	EPI_ISL_18221311	EPI_ISL_18221311	EPI_ISL_18221311	EPI_ISL_18221311	EPI_ISL_18221311	EPI_ISL_18221311
A/swine/Northern_Ireland/2006-10/2021	EPI_ISL_18221308	EPI_ISL_18221308	EPI_ISL_18221308	EPI_ISL_18221308	EPI_ISL_18221308	EPI_ISL_18221308	EPI_ISL_18221308	EPI_ISL_18221308
A/swine/Italy/262599-4/2022	EPI_ISL_19644608	EPI_ISL_19644608	EPI_ISL_19644608	EPI_ISL_19644608	EPI_ISL_19644608	EPI_ISL_19644608	EPI_ISL_19644608	EPI_ISL_19644608
A/swine/Northern_Ireland/2005-22/2021	EPI_ISL_18221303	EPI_ISL_18221303	EPI_ISL_18221303	EPI_ISL_18221303	EPI_ISL_18221303	EPI_ISL_18221303	EPI_ISL_18221303	EPI_ISL_18221303
A/swine/Nordrhein-Westfalen/172/2025	EPI_ISL_20320474	EPI_ISL_20320474	EPI_ISL_20320474	EPI_ISL_20320474	EPI_ISL_20320474	EPI_ISL_20320474	EPI_ISL_20320474	EPI_ISL_20320474
A/sw/Sachsen-Anhalt/2/2022	EPI_ISL_12589312	EPI_ISL_12589312	EPI_ISL_12589312	EPI_ISL_12589312	EPI_ISL_12589312	EPI_ISL_12589312	EPI_ISL_12589312	EPI_ISL_12589312
A/swine/Denmark/20-3114-3/2020	EPI_ISL_19789970	EPI_ISL_19789970	EPI_ISL_19789970	EPI_ISL_19789970	EPI_ISL_19789970	EPI_ISL_19789970	EPI_ISL_19789970	EPI_ISL_19789970
A/swine/Italy/217458-1/2020	EPI_ISL_14766414	EPI_ISL_14766414	EPI_ISL_14766414	EPI_ISL_14766414	EPI_ISL_14766414	EPI_ISL_14766414	EPI_ISL_14766414	EPI_ISL_14766414
A/swine/Italy/115702/2022	EPI_ISL_19644571	EPI_ISL_19644571	EPI_ISL_19644571	EPI_ISL_19644571	EPI_ISL_19644571	EPI_ISL_19644571	EPI_ISL_19644571	EPI_ISL_19644571
A/swine/Italy/116975/2021	EPI_ISL_19644570	EPI_ISL_19644570	EPI_ISL_19644570	EPI_ISL_19644570	EPI_ISL_19644570	EPI_ISL_19644570	EPI_ISL_19644570	EPI_ISL_19644570
A/swine/France/22-200212/2020	EPI_ISL_9591075	EPI_ISL_9591075	EPI_ISL_9591075	EPI_ISL_9591075	EPI_ISL_9591075	EPI_ISL_9591075	EPI_ISL_9591075	EPI_ISL_9591075
A/swine/Italy/119919-3/2022	EPI_ISL_19644569	EPI_ISL_19644569	EPI_ISL_19644569	EPI_ISL_19644569	EPI_ISL_19644569	EPI_ISL_19644569	EPI_ISL_19644569	EPI_ISL_19644569
A/swine/Italy/120575/2022	EPI_ISL_19644568	EPI_ISL_19644568	EPI_ISL_19644568	EPI_ISL_19644568	EPI_ISL_19644568	EPI_ISL_19644568	EPI_ISL_19644568	EPI_ISL_19644568
A/swine/Italy/187080/2020	EPI_ISL_14764373	EPI_ISL_14764373	EPI_ISL_14764373	EPI_ISL_14764373	EPI_ISL_14764373	EPI_ISL_14764373	EPI_ISL_14764373	EPI_ISL_14764373
A/swine/Italy/106876-2/2022	EPI_ISL_19644574	EPI_ISL_19644574	EPI_ISL_19644574	EPI_ISL_19644574	EPI_ISL_19644574	EPI_ISL_19644574	EPI_ISL_19644574	EPI_ISL_19644574
A/swine/Italy/109752-1/2022	EPI_ISL_19644573	EPI_ISL_19644573	EPI_ISL_19644573	EPI_ISL_19644573	EPI_ISL_19644573	EPI_ISL_19644573	EPI_ISL_19644573	EPI_ISL_19644573
A/swine/Italy/13502/2022	EPI_ISL_19644564	EPI_ISL_19644564	EPI_ISL_19644564	EPI_ISL_19644564	EPI_ISL_19644564	EPI_ISL_19644564	EPI_ISL_19644564	EPI_ISL_19644564
A/swine/Italy/110521-5/2022	EPI_ISL_19644572	EPI_ISL_19644572	EPI_ISL_19644572	EPI_ISL_19644572	EPI_ISL_19644572	EPI_ISL_19644572	EPI_ISL_19644572	EPI_ISL_19644572
A/swine/Italy/175739-1/2021	EPI_ISL_19644562	EPI_ISL_19644562	EPI_ISL_19644562	EPI_ISL_19644562	EPI_ISL_19644562	EPI_ISL_19644562	EPI_ISL_19644562	EPI_ISL_19644562
A/swine/Denmark/20-2444-1/2020	EPI_ISL_19789975	EPI_ISL_19789975	EPI_ISL_19789975	EPI_ISL_19789975	EPI_ISL_19789975	EPI_ISL_19789975	EPI_ISL_19789975	EPI_ISL_19789975
A/swine/Italy/184196-5/2022	EPI_ISL_19644561	EPI_ISL_19644561	EPI_ISL_19644561	EPI_ISL_19644561	EPI_ISL_19644561	EPI_ISL_19644561	EPI_ISL_19644561	EPI_ISL_19644561
A/swine/England/92944/2020	EPI_ISL_20050061	EPI_ISL_20050061	EPI_ISL_20050061	EPI_ISL_20050061	EPI_ISL_20050061	EPI_ISL_20050061	EPI_ISL_20050061	EPI_ISL_20050061
A/swine/Italy/122884-001/2022	EPI_ISL_19644567	EPI_ISL_19644567	EPI_ISL_19644567	EPI_ISL_19644567	EPI_ISL_19644567	EPI_ISL_19644567	EPI_ISL_19644567	EPI_ISL_19644567
A/swine/Denmark/20-3115-5/2020	EPI_ISL_19789968	EPI_ISL_19789968	EPI_ISL_19789968	EPI_ISL_19789968	EPI_ISL_19789968	EPI_ISL_19789968	EPI_ISL_19789968	EPI_ISL_19789968
A/swine/Italy/128849-4/2022	EPI_ISL_19644566	EPI_ISL_19644566	EPI_ISL_19644566	EPI_ISL_19644566	EPI_ISL_19644566	EPI_ISL_19644566	EPI_ISL_19644566	EPI_ISL_19644566
A/swine/Italy/133898-3/2022	EPI_ISL_19644565	EPI_ISL_19644565	EPI_ISL_19644565	EPI_ISL_19644565	EPI_ISL_19644565	EPI_ISL_19644565	EPI_ISL_19644565	EPI_ISL_19644565
A/swine/Italy/241572/2020	EPI_ISL_14766431	EPI_ISL_14766431	EPI_ISL_14766431	EPI_ISL_14766431	EPI_ISL_14766431	EPI_ISL_14766431	EPI_ISL_14766431	EPI_ISL_14766431
A/swine/England/96411/2020	EPI_ISL_20050062	EPI_ISL_20050062	EPI_ISL_20050062	EPI_ISL_20050062	EPI_ISL_20050062	EPI_ISL_20050062	EPI_ISL_20050062	EPI_ISL_20050062
A/swine/Italy/140748/2022	EPI_ISL_19644563	EPI_ISL_19644563	EPI_ISL_19644563	EPI_ISL_19644563	EPI_ISL_19644563	EPI_ISL_19644563	EPI_ISL_19644563	EPI_ISL_19644563
A/swine/Italy/46249/2021	EPI_ISL_19644548	EPI_ISL_19644548	EPI_ISL_19644548	EPI_ISL_19644548	EPI_ISL_19644548	EPI_ISL_19644548	EPI_ISL_19644548	EPI_ISL_19644548
A/swine/Northern_Ireland/2006-04/2021	EPI_ISL_18221307	EPI_ISL_18221306	EPI_ISL_18221306	EPI_ISL_18221306	EPI_ISL_18221307	EPI_ISL_18221307	EPI_ISL_18221306	EPI_ISL_18221307
A/swine/France/72-230004-2/2022	EPI_ISL_19677990	EPI_ISL_19677990	EPI_ISL_19677990	EPI_ISL_19677990	EPI_ISL_19677990	EPI_ISL_19677990	EPI_ISL_19677990	EPI_ISL_19677990
A/swine/France/72-210508-1/2021	EPI_ISL_19677984	EPI_ISL_19677984	EPI_ISL_19677984	EPI_ISL_19677984	EPI_ISL_19677984	EPI_ISL_19677984	EPI_ISL_19677984	EPI_ISL_19677984
A/swine/France/72-210509-4/2021	EPI_ISL_19677985	EPI_ISL_19677985	EPI_ISL_19677985	EPI_ISL_19677985	EPI_ISL_19677985	EPI_ISL_19677985	EPI_ISL_19677985	EPI_ISL_19677985
A/swine/France/72-220016-1/2021	EPI_ISL_19677986	EPI_ISL_19677986	EPI_ISL_19677986	EPI_ISL_19677986	EPI_ISL_19677986	EPI_ISL_19677986	EPI_ISL_19677986	EPI_ISL_19677986
A/swine/France/72-220017-3/2022	EPI_ISL_19677987	EPI_ISL_19677987	EPI_ISL_19677987	EPI_ISL_19677987	EPI_ISL_19677987	EPI_ISL_19677987	EPI_ISL_19677987	EPI_ISL_19677987
A/Swine/Netherlands/3282/2023	EPI_ISL_19131198	EPI_ISL_19131198	EPI_ISL_19131198	EPI_ISL_19131198	EPI_ISL_19131198	EPI_ISL_19131198	EPI_ISL_19131198	EPI_ISL_19131198
A/swine/France/22-210139-3/2021	EPI_ISL_19677964	EPI_ISL_19677964	EPI_ISL_19677964	EPI_ISL_19677964	EPI_ISL_19677964	EPI_ISL_19677964	EPI_ISL_19677964	EPI_ISL_19677964
A/swine/Italy/86554/2020	EPI_ISL_14764739	EPI_ISL_14764739	EPI_ISL_14764739	EPI_ISL_14764739	EPI_ISL_14764739	EPI_ISL_14764739	EPI_ISL_14764739	EPI_ISL_14764739
A/swine/France/22-220451-1/2022	EPI_ISL_19677960	EPI_ISL_19677960	EPI_ISL_19677960	EPI_ISL_19677960	EPI_ISL_19677960	EPI_ISL_19677960	EPI_ISL_19677960	EPI_ISL_19677960
A/swine/France/72-220656-3/2022	EPI_ISL_19677989	EPI_ISL_19677989	EPI_ISL_19677989	EPI_ISL_19677989	EPI_ISL_19677989	EPI_ISL_19677989	EPI_ISL_19677989	EPI_ISL_19677989
A/swine/Italy/89304/2020	EPI_ISL_14764740	EPI_ISL_14764740	EPI_ISL_14764740	EPI_ISL_14764740	EPI_ISL_14764740	EPI_ISL_14764740	EPI_ISL_14764740	EPI_ISL_14764740
A/swine/Italy/94296/2020	EPI_ISL_14764747	EPI_ISL_14764747	EPI_ISL_14764747	EPI_ISL_14764747	EPI_ISL_14764747	EPI_ISL_14764747	EPI_ISL_14764747	EPI_ISL_14764747
A/swine/France/22-220666-1/2022	EPI_ISL_19677954	EPI_ISL_19677954	EPI_ISL_19677954	EPI_ISL_19677954	EPI_ISL_19677954	EPI_ISL_19677954	EPI_ISL_19677954	EPI_ISL_19677954
A/swine/Italy/397332/2020	EPI_ISL_14766799	EPI_ISL_14766799	EPI_ISL_14766799	EPI_ISL_14766799	EPI_ISL_14766799	EPI_ISL_14766799	EPI_ISL_14766799	EPI_ISL_14766799
A/swine/Italy/385724/2020	EPI_ISL_14766798	EPI_ISL_14766798	EPI_ISL_14766798	EPI_ISL_14766798	EPI_ISL_14766798	EPI_ISL_14766798	EPI_ISL_14766798	EPI_ISL_14766798
A/swine/Italy/400367/2020	EPI_ISL_14766801	EPI_ISL_14766801	EPI_ISL_14766801	EPI_ISL_14766801	EPI_ISL_14766801	EPI_ISL_14766801	EPI_ISL_14766801	EPI_ISL_14766801
A/swine/France/64-200385-2/2020	EPI_ISL_19677981	EPI_ISL_19677981	EPI_ISL_19677981	EPI_ISL_19677981	EPI_ISL_19677981	EPI_ISL_19677981	EPI_ISL_19677981	EPI_ISL_19677981
A/swine/Italy/400317/2020	EPI_ISL_14766800	EPI_ISL_14766800	EPI_ISL_14766800	EPI_ISL_14766800	EPI_ISL_14766800	EPI_ISL_14766800	EPI_ISL_14766800	EPI_ISL_14766800
A/swine/France/64-210493-3/2021	EPI_ISL_19677982	EPI_ISL_19677982	EPI_ISL_19677982	EPI_ISL_19677982	EPI_ISL_19677982	EPI_ISL_19677982	EPI_ISL_19677982	EPI_ISL_19677982
A/swine/France/22-210030-2/2020	EPI_ISL_19677976	EPI_ISL_19677976	EPI_ISL_19677976	EPI_ISL_19677976	EPI_ISL_19677976	EPI_ISL_19677976	EPI_ISL_19677976	EPI_ISL_19677976
A/swine/France/22-210061-2/2021	EPI_ISL_19677978	EPI_ISL_19677978	EPI_ISL_19677978	EPI_ISL_19677978	EPI_ISL_19677978	EPI_ISL_19677978	EPI_ISL_19677978	EPI_ISL_19677978
A/swine/France/22-220525-2/2022	EPI_ISL_19677958	EPI_ISL_19677958	EPI_ISL_19677958	EPI_ISL_19677958	EPI_ISL_19677958	EPI_ISL_19677958	EPI_ISL_19677958	EPI_ISL_19677958
A/swine/Nordrhein-Westfalen/164/2025	EPI_ISL_20320475	EPI_ISL_20320475	EPI_ISL_20320475	EPI_ISL_20320475	EPI_ISL_20320475	EPI_ISL_20320475	EPI_ISL_20320475	EPI_ISL_20320475
A/swine/France/72-220656-1/2022	EPI_ISL_19677988	EPI_ISL_19677988	EPI_ISL_19677988	EPI_ISL_19677988	EPI_ISL_19677988	EPI_ISL_19677988	EPI_ISL_19677988	EPI_ISL_19677988
A/swine/France/53-230071-5/2022	EPI_ISL_19677994	EPI_ISL_19677994	EPI_ISL_19677994	EPI_ISL_19677994	EPI_ISL_19677994	EPI_ISL_19677994	EPI_ISL_19677994	EPI_ISL_19677994
A/swine/France/22-200213/2020	EPI_ISL_9591167	EPI_ISL_9591167	EPI_ISL_9591167	EPI_ISL_9591167	EPI_ISL_9591167	EPI_ISL_9591167	EPI_ISL_9591167	EPI_ISL_9591167
A/swine/Northern_Ireland/2006-01/2021	EPI_ISL_18221305	EPI_ISL_18221304	EPI_ISL_18221304	EPI_ISL_18221304	EPI_ISL_18221305	EPI_ISL_18221305	EPI_ISL_18221304	EPI_ISL_18221305
A/swine/France/22-200286/2020	EPI_ISL_9593186	EPI_ISL_9593186	EPI_ISL_9593186	EPI_ISL_9593186	EPI_ISL_9593186	EPI_ISL_9593186	EPI_ISL_9593186	EPI_ISL_9593186
A/swine/France/22-200290/2020	EPI_ISL_9593187	EPI_ISL_9593187	EPI_ISL_9593187	EPI_ISL_9593187	EPI_ISL_9593187	EPI_ISL_9593187	EPI_ISL_9593187	EPI_ISL_9593187
A/swine/France/22-200281/2020	EPI_ISL_9593184	EPI_ISL_9593184	EPI_ISL_9593184	EPI_ISL_9593184	EPI_ISL_9593184	EPI_ISL_9593184	EPI_ISL_9593184	EPI_ISL_9593184
A/swine/Italy/141142/2020	EPI_ISL_14764306	EPI_ISL_14764306	EPI_ISL_14764306	EPI_ISL_14764306	EPI_ISL_14764306	EPI_ISL_14764306	EPI_ISL_14764306	EPI_ISL_14764306
A/swine/France/22-200283/2020	EPI_ISL_9593185	EPI_ISL_9593185	EPI_ISL_9593185	EPI_ISL_9593185	EPI_ISL_9593185	EPI_ISL_9593185	EPI_ISL_9593185	EPI_ISL_9593185
A/swine/France/22-200322/2020	EPI_ISL_9593188	EPI_ISL_9593188	EPI_ISL_9593188	EPI_ISL_9593188	EPI_ISL_9593188	EPI_ISL_9593188	EPI_ISL_9593188	EPI_ISL_9593188
A/swine/France/56-200441-3/2020	EPI_ISL_19677995	EPI_ISL_19677995	EPI_ISL_19677995	EPI_ISL_19677995	EPI_ISL_19677995	EPI_ISL_19677995	EPI_ISL_19677995	EPI_ISL_19677995
A/swine/France/22-200325/2020	EPI_ISL_9593189	EPI_ISL_9593189	EPI_ISL_9593189	EPI_ISL_9593189	EPI_ISL_9593189	EPI_ISL_9593189	EPI_ISL_9593189	EPI_ISL_9593189
A/swine/France/22-200413/2020	EPI_ISL_9593195	EPI_ISL_9593195	EPI_ISL_9593195	EPI_ISL_9593195	EPI_ISL_9593195	EPI_ISL_9593195	EPI_ISL_9593195	EPI_ISL_9593195
A/swine/Denmark/20-6454-1/2020	EPI_ISL_19790038	EPI_ISL_19790038	EPI_ISL_19790038	EPI_ISL_19790038	EPI_ISL_19790038	EPI_ISL_19790038	EPI_ISL_19790038	EPI_ISL_19790038
A/swine/Oryol/RII-WD2681S/2025	EPI_ISL_19849426	EPI_ISL_19849426	EPI_ISL_19849426	EPI_ISL_19849426	EPI_ISL_19849426	EPI_ISL_19849426	EPI_ISL_19849426	EPI_ISL_19849426
A/swine/France/24-200492/2020	EPI_ISL_9593198	EPI_ISL_9593198	EPI_ISL_9593198	EPI_ISL_9593198	EPI_ISL_9593198	EPI_ISL_9593198	EPI_ISL_9593198	EPI_ISL_9593198
A/swine/France/28-200135/2020	EPI_ISL_9593199	EPI_ISL_9593199	EPI_ISL_9593199	EPI_ISL_9593199	EPI_ISL_9593199	EPI_ISL_9593199	EPI_ISL_9593199	EPI_ISL_9593199
A/swine/France/24-200063/2020	EPI_ISL_9593196	EPI_ISL_9593196	EPI_ISL_9593196	EPI_ISL_9593196	EPI_ISL_9593196	EPI_ISL_9593196	EPI_ISL_9593196	EPI_ISL_9593196
A/swine/France/56-210105-1/2021	EPI_ISL_19677996	EPI_ISL_19677996	EPI_ISL_19677996	EPI_ISL_19677996	EPI_ISL_19677996	EPI_ISL_19677996	EPI_ISL_19677996	EPI_ISL_19677996
A/swine/France/79-210184-5/2021	EPI_ISL_19677998	EPI_ISL_19677998	EPI_ISL_19677998	EPI_ISL_19677998	EPI_ISL_19677998	EPI_ISL_19677998	EPI_ISL_19677998	EPI_ISL_19677998
A/swine/France/53-210426-3/2021	EPI_ISL_19677992	EPI_ISL_19677992	EPI_ISL_19677992	EPI_ISL_19677992	EPI_ISL_19677992	EPI_ISL_19677992	EPI_ISL_19677992	EPI_ISL_19677992
A/swine/Italy/455389/2022	EPI_ISL_19644549	EPI_ISL_19644549	EPI_ISL_19644549	EPI_ISL_19644549	EPI_ISL_19644549	EPI_ISL_19644549	EPI_ISL_19644549	EPI_ISL_19644549
A/swine/Denmark/20-3914-2/2020	EPI_ISL_19789955	EPI_ISL_19789955	EPI_ISL_19789955	EPI_ISL_19789955	EPI_ISL_19789955	EPI_ISL_19789955	EPI_ISL_19789955	EPI_ISL_19789955
A/swine/Italy/45103-17/2022	EPI_ISL_19644550	EPI_ISL_19644550	EPI_ISL_19644550	EPI_ISL_19644550	EPI_ISL_19644550	EPI_ISL_19644550	EPI_ISL_19644550	EPI_ISL_19644550
A/swine/France/56-200025/2020	EPI_ISL_9593319	EPI_ISL_9593319	EPI_ISL_9593319	EPI_ISL_9593319	EPI_ISL_9593319	EPI_ISL_9593319	EPI_ISL_9593319	EPI_ISL_9593319
A/swine/Italy/72983-3/2022	EPI_ISL_19644509	EPI_ISL_19644509	EPI_ISL_19644509	EPI_ISL_19644509	EPI_ISL_19644509	EPI_ISL_19644509	EPI_ISL_19644509	EPI_ISL_19644509
A/swine/Italy/37481/2020	EPI_ISL_14764438	EPI_ISL_14764438	EPI_ISL_14764438	EPI_ISL_14764438	EPI_ISL_14764438	EPI_ISL_14764438	EPI_ISL_14764438	EPI_ISL_14764438
A/swine/France/56-200231/2020	EPI_ISL_9593322	EPI_ISL_9593322	EPI_ISL_9593322	EPI_ISL_9593322	EPI_ISL_9593322	EPI_ISL_9593322	EPI_ISL_9593322	EPI_ISL_9593322
A/swine/France/56-200256/2020	EPI_ISL_9593323	EPI_ISL_9593323	EPI_ISL_9593323	EPI_ISL_9593323	EPI_ISL_9593323	EPI_ISL_9593323	EPI_ISL_9593323	EPI_ISL_9593323
A/swine/France/56-200169/2020	EPI_ISL_9593320	EPI_ISL_9593320	EPI_ISL_9593320	EPI_ISL_9593320	EPI_ISL_9593320	EPI_ISL_9593320	EPI_ISL_9593320	EPI_ISL_9593320
A/swine/Denmark/S22282-5/2021	EPI_ISL_9605609	EPI_ISL_9605609	EPI_ISL_9605609	EPI_ISL_9605609	EPI_ISL_9605609	EPI_ISL_9605609	EPI_ISL_9605609	EPI_ISL_9605609
A/swine/France/56-200201/2020	EPI_ISL_9593321	EPI_ISL_9593321	EPI_ISL_9593321	EPI_ISL_9593321	EPI_ISL_9593321	EPI_ISL_9593321	EPI_ISL_9593321	EPI_ISL_9593321
A/swine/France/56-200313/2020	EPI_ISL_9593326	EPI_ISL_9593326	EPI_ISL_9593326	EPI_ISL_9593326	EPI_ISL_9593326	EPI_ISL_9593326	EPI_ISL_9593326	EPI_ISL_9593326
A/swine/France/56-200347/2020	EPI_ISL_9593327	EPI_ISL_9593327	EPI_ISL_9593327	EPI_ISL_9593327	EPI_ISL_9593327	EPI_ISL_9593327	EPI_ISL_9593327	EPI_ISL_9593327
A/swine/France/22-200227/2020	EPI_ISL_9591270	EPI_ISL_9591270	EPI_ISL_9591270	EPI_ISL_9591270	EPI_ISL_9591270	EPI_ISL_9591270	EPI_ISL_9591270	EPI_ISL_9591270
A/swine/Italy/74500/2021	EPI_ISL_19644501	EPI_ISL_19644501	EPI_ISL_19644501	EPI_ISL_19644501	EPI_ISL_19644501	EPI_ISL_19644501	EPI_ISL_19644501	EPI_ISL_19644501
A/swine/France/56-200259/2020	EPI_ISL_9593325	EPI_ISL_9593325	EPI_ISL_9593325	EPI_ISL_9593325	EPI_ISL_9593325	EPI_ISL_9593325	EPI_ISL_9593325	EPI_ISL_9593325
A/swine/Italy/312867-6/2021	EPI_ISL_19644586	EPI_ISL_19644586	EPI_ISL_19644586	EPI_ISL_19644586	EPI_ISL_19644586	EPI_ISL_19644586	EPI_ISL_19644586	EPI_ISL_19644586
A/swine/Italy/312867-7/2021	EPI_ISL_19644585	EPI_ISL_19644585	EPI_ISL_19644585	EPI_ISL_19644585	EPI_ISL_19644585	EPI_ISL_19644585	EPI_ISL_19644585	EPI_ISL_19644585
A/swine/Italy/313846-1/2021	EPI_ISL_19644584	EPI_ISL_19644584	EPI_ISL_19644584	EPI_ISL_19644584	EPI_ISL_19644584	EPI_ISL_19644584	EPI_ISL_19644584	EPI_ISL_19644584
A/swine/Italy/283268/2021	EPI_ISL_19644591	EPI_ISL_19644591	EPI_ISL_19644591	EPI_ISL_19644591	EPI_ISL_19644591	EPI_ISL_19644591	EPI_ISL_19644591	EPI_ISL_19644591
A/swine/Italy/286519/2021	EPI_ISL_19644590	EPI_ISL_19644590	EPI_ISL_19644590	EPI_ISL_19644590	EPI_ISL_19644590	EPI_ISL_19644590	EPI_ISL_19644590	EPI_ISL_19644590
A/swine/Italy/298374/2021	EPI_ISL_19644589	EPI_ISL_19644589	EPI_ISL_19644589	EPI_ISL_19644589	EPI_ISL_19644589	EPI_ISL_19644589	EPI_ISL_19644589	EPI_ISL_19644589
A/swine/Italy/259446/2020	EPI_ISL_14766439	EPI_ISL_14766439	EPI_ISL_14766439	EPI_ISL_14766439	EPI_ISL_14766439	EPI_ISL_14766439	EPI_ISL_14766439	EPI_ISL_14766439
A/swine/France/56-200257/2020	EPI_ISL_9593324	EPI_ISL_9593324	EPI_ISL_9593324	EPI_ISL_9593324	EPI_ISL_9593324	EPI_ISL_9593324	EPI_ISL_9593324	EPI_ISL_9593324
A/swine/Italy/305886/2021	EPI_ISL_19644588	EPI_ISL_19644588	EPI_ISL_19644588	EPI_ISL_19644588	EPI_ISL_19644588	EPI_ISL_19644588	EPI_ISL_19644588	EPI_ISL_19644588
A/swine/France/53-200134-1/2020	EPI_ISL_9593313	EPI_ISL_9593313	EPI_ISL_9593313	EPI_ISL_9593313	EPI_ISL_9593313	EPI_ISL_9593313	EPI_ISL_9593313	EPI_ISL_9593313
A/swine/France/53-200155/2020	EPI_ISL_9593315	EPI_ISL_9593315	EPI_ISL_9593315	EPI_ISL_9593315	EPI_ISL_9593315	EPI_ISL_9593315	EPI_ISL_9593315	EPI_ISL_9593315
A/swine/France/35-200275/2020	EPI_ISL_9593293	EPI_ISL_9593293	EPI_ISL_9593293	EPI_ISL_9593293	EPI_ISL_9593293	EPI_ISL_9593293	EPI_ISL_9593293	EPI_ISL_9593293
A/swine/Italy/305234/2022	EPI_ISL_19519561	EPI_ISL_19519561	EPI_ISL_19519561	EPI_ISL_19519561	EPI_ISL_19519561	EPI_ISL_19519561	EPI_ISL_19519561	EPI_ISL_19519561
A/swine/France/59-190568/2020	EPI_ISL_9593330	EPI_ISL_9593330	EPI_ISL_9593330	EPI_ISL_9593330	EPI_ISL_9593330	EPI_ISL_9593330	EPI_ISL_9593330	EPI_ISL_9593330
A/swine/Italy/253879/2022	EPI_ISL_19519560	EPI_ISL_19519560	EPI_ISL_19519560	EPI_ISL_19519560	EPI_ISL_19519560	EPI_ISL_19519560	EPI_ISL_19519560	EPI_ISL_19519560
A/swine/France/59-200121/2020	EPI_ISL_9593331	EPI_ISL_9593331	EPI_ISL_9593331	EPI_ISL_9593331	EPI_ISL_9593331	EPI_ISL_9593331	EPI_ISL_9593331	EPI_ISL_9593331
A/swine/Italy/70500/2022	EPI_ISL_19519562	EPI_ISL_19519562	EPI_ISL_19519562	EPI_ISL_19519562	EPI_ISL_19519562	EPI_ISL_19519562	EPI_ISL_19519562	EPI_ISL_19519562
A/swine/France/64-200317/2020	EPI_ISL_9593335	EPI_ISL_9593335	EPI_ISL_9593335	EPI_ISL_9593335	EPI_ISL_9593335	EPI_ISL_9593335	EPI_ISL_9593335	EPI_ISL_9593335
A/swine/France/59-200250/2020	EPI_ISL_9593332	EPI_ISL_9593332	EPI_ISL_9593332	EPI_ISL_9593332	EPI_ISL_9593332	EPI_ISL_9593332	EPI_ISL_9593332	EPI_ISL_9593332
A/swine/France/59-200284/2020	EPI_ISL_9593333	EPI_ISL_9593333	EPI_ISL_9593333	EPI_ISL_9593333	EPI_ISL_9593333	EPI_ISL_9593333	EPI_ISL_9593333	EPI_ISL_9593333
A/swine/Italy/8100/2022	EPI_ISL_19644483	EPI_ISL_19644483	EPI_ISL_19644483	EPI_ISL_19644483	EPI_ISL_19644483	EPI_ISL_19644483	EPI_ISL_19644483	EPI_ISL_19644483
A/swine/Italy/72999-4/2022	EPI_ISL_19644505	EPI_ISL_19644505	EPI_ISL_19644505	EPI_ISL_19644505	EPI_ISL_19644505	EPI_ISL_19644505	EPI_ISL_19644505	EPI_ISL_19644505
A/swine/Italy/122884/2022	EPI_ISL_19519553	EPI_ISL_19519553	EPI_ISL_19519553	EPI_ISL_19519553	EPI_ISL_19519553	EPI_ISL_19519553	EPI_ISL_19519553	EPI_ISL_19519553
A/swine/Italy/37307/2020	EPI_ISL_14764424	EPI_ISL_14764424	EPI_ISL_14764424	EPI_ISL_14764424	EPI_ISL_14764424	EPI_ISL_14764424	EPI_ISL_14764424	EPI_ISL_14764424
A/swine/Italy/151191/2022	EPI_ISL_19519555	EPI_ISL_19519555	EPI_ISL_19519555	EPI_ISL_19519555	EPI_ISL_19519555	EPI_ISL_19519555	EPI_ISL_19519555	EPI_ISL_19519555
A/swine/Italy/123076/2022	EPI_ISL_19519554	EPI_ISL_19519554	EPI_ISL_19519554	EPI_ISL_19519554	EPI_ISL_19519554	EPI_ISL_19519554	EPI_ISL_19519554	EPI_ISL_19519554
A/swine/Italy/79604/2021	EPI_ISL_19644487	EPI_ISL_19644487	EPI_ISL_19644487	EPI_ISL_19644487	EPI_ISL_19644487	EPI_ISL_19644487	EPI_ISL_19644487	EPI_ISL_19644487
A/swine/Italy/231217/2022	EPI_ISL_19519557	EPI_ISL_19519557	EPI_ISL_19519557	EPI_ISL_19519557	EPI_ISL_19519557	EPI_ISL_19519557	EPI_ISL_19519557	EPI_ISL_19519557
A/swine/France/72-200244/2020	EPI_ISL_9593342	EPI_ISL_9593342	EPI_ISL_9593342	EPI_ISL_9593342	EPI_ISL_9593342	EPI_ISL_9593342	EPI_ISL_9593342	EPI_ISL_9593342
A/swine/Italy/249941/2022	EPI_ISL_19519559	EPI_ISL_19519559	EPI_ISL_19519559	EPI_ISL_19519559	EPI_ISL_19519559	EPI_ISL_19519559	EPI_ISL_19519559	EPI_ISL_19519559
A/swine/Italy/247546/2022	EPI_ISL_19519558	EPI_ISL_19519558	EPI_ISL_19519558	EPI_ISL_19519558	EPI_ISL_19519558	EPI_ISL_19519558	EPI_ISL_19519558	EPI_ISL_19519558
A/swine/France/72-200205/2020	EPI_ISL_9593341	EPI_ISL_9593341	EPI_ISL_9593341	EPI_ISL_9593341	EPI_ISL_9593341	EPI_ISL_9593341	EPI_ISL_9593341	EPI_ISL_9593341
A/swine/France/53-200134-3/2020	EPI_ISL_9593314	EPI_ISL_9593314	EPI_ISL_9593314	EPI_ISL_9593314	EPI_ISL_9593314	EPI_ISL_9593314	EPI_ISL_9593314	EPI_ISL_9593314
A/swine/Italy/100877/2022	EPI_ISL_19519552	EPI_ISL_19519552	EPI_ISL_19519552	EPI_ISL_19519552	EPI_ISL_19519552	EPI_ISL_19519552	EPI_ISL_19519552	EPI_ISL_19519552
A/swine/Italy/258481/2020	EPI_ISL_14766438	EPI_ISL_14766438	EPI_ISL_14766438	EPI_ISL_14766438	EPI_ISL_14766438	EPI_ISL_14766438	EPI_ISL_14766438	EPI_ISL_14766438
A/swine/Italy/265859/2020	EPI_ISL_14766440	EPI_ISL_14766440	EPI_ISL_14766440	EPI_ISL_14766440	EPI_ISL_14766440	EPI_ISL_14766440	EPI_ISL_14766440	EPI_ISL_14766440
A/swine/Italy/102648-1/2022	EPI_ISL_19644577	EPI_ISL_19644577	EPI_ISL_19644577	EPI_ISL_19644577	EPI_ISL_19644577	EPI_ISL_19644577	EPI_ISL_19644577	EPI_ISL_19644577
A/swine/England/238434/2021	EPI_ISL_20050065	EPI_ISL_20050065	EPI_ISL_20050065	EPI_ISL_20050065	EPI_ISL_20050065	EPI_ISL_20050065	EPI_ISL_20050065	EPI_ISL_20050065
A/swine/England/238877/2021	EPI_ISL_20050064	EPI_ISL_20050064	EPI_ISL_20050064	EPI_ISL_20050064	EPI_ISL_20050064	EPI_ISL_20050064	EPI_ISL_20050064	EPI_ISL_20050064
A/swine/Denmark/20-3797-4/2020	EPI_ISL_19789964	EPI_ISL_19789964	EPI_ISL_19789964	EPI_ISL_19789964	EPI_ISL_19789964	EPI_ISL_19789964	EPI_ISL_19789964	EPI_ISL_19789964
A/swine/Italy/325042/2021	EPI_ISL_19644554	EPI_ISL_19644554	EPI_ISL_19644554	EPI_ISL_19644554	EPI_ISL_19644554	EPI_ISL_19644554	EPI_ISL_19644554	EPI_ISL_19644554
A/swine/England/102076/2021	EPI_ISL_20050067	EPI_ISL_20050067	EPI_ISL_20050067	EPI_ISL_20050067	EPI_ISL_20050067	EPI_ISL_20050067	EPI_ISL_20050067	EPI_ISL_20050067
A/swine/Italy/327881/2021	EPI_ISL_19644553	EPI_ISL_19644553	EPI_ISL_19644553	EPI_ISL_19644553	EPI_ISL_19644553	EPI_ISL_19644553	EPI_ISL_19644553	EPI_ISL_19644553
A/swine/England/23799/2020	EPI_ISL_20050066	EPI_ISL_20050066	EPI_ISL_20050066	EPI_ISL_20050066	EPI_ISL_20050066	EPI_ISL_20050066	EPI_ISL_20050066	EPI_ISL_20050066
A/swine/Denmark/20-3199-2/2020	EPI_ISL_19789966	EPI_ISL_19789966	EPI_ISL_19789966	EPI_ISL_19789966	EPI_ISL_19789966	EPI_ISL_19789966	EPI_ISL_19789966	EPI_ISL_19789966
A/swine/Italy/447409/2022	EPI_ISL_19644552	EPI_ISL_19644552	EPI_ISL_19644552	EPI_ISL_19644552	EPI_ISL_19644552	EPI_ISL_19644552	EPI_ISL_19644552	EPI_ISL_19644552
A/swine/Italy/195259-1/2021	EPI_ISL_19644559	EPI_ISL_19644559	EPI_ISL_19644559	EPI_ISL_19644559	EPI_ISL_19644559	EPI_ISL_19644559	EPI_ISL_19644559	EPI_ISL_19644559
A/swine/Italy/263217/2021	EPI_ISL_19644596	EPI_ISL_19644596	EPI_ISL_19644596	EPI_ISL_19644596	EPI_ISL_19644596	EPI_ISL_19644596	EPI_ISL_19644596	EPI_ISL_19644596
A/swine/England/102081/2021	EPI_ISL_20050068	EPI_ISL_20050068	EPI_ISL_20050068	EPI_ISL_20050068	EPI_ISL_20050068	EPI_ISL_20050068	EPI_ISL_20050068	EPI_ISL_20050068
A/swine/Italy/21295-1/2022	EPI_ISL_19644557	EPI_ISL_19644557	EPI_ISL_19644557	EPI_ISL_19644557	EPI_ISL_19644557	EPI_ISL_19644557	EPI_ISL_19644557	EPI_ISL_19644557
A/swine/Denmark/20-3851-3/2020	EPI_ISL_19789962	EPI_ISL_19789962	EPI_ISL_19789962	EPI_ISL_19789962	EPI_ISL_19789962	EPI_ISL_19789962	EPI_ISL_19789962	EPI_ISL_19789962
A/swine/Italy/313846-3/2021	EPI_ISL_19644556	EPI_ISL_19644556	EPI_ISL_19644556	EPI_ISL_19644556	EPI_ISL_19644556	EPI_ISL_19644556	EPI_ISL_19644556	EPI_ISL_19644556
A/swine/Italy/185280/2020	EPI_ISL_14764358	EPI_ISL_14764358	EPI_ISL_14764358	EPI_ISL_14764358	EPI_ISL_14764358	EPI_ISL_14764358	EPI_ISL_14764358	EPI_ISL_14764358
A/swine/Italy/49311/2021	EPI_ISL_19644547	EPI_ISL_19644547	EPI_ISL_19644547	EPI_ISL_19644547	EPI_ISL_19644547	EPI_ISL_19644547	EPI_ISL_19644547	EPI_ISL_19644547
A/swine/Denmark/20-4018-5/2020	EPI_ISL_19789953	EPI_ISL_19789953	EPI_ISL_19789953	EPI_ISL_19789953	EPI_ISL_19789953	EPI_ISL_19789953	EPI_ISL_19789953	EPI_ISL_19789953
A/swine/Italy/449727-2/2022	EPI_ISL_19644551	EPI_ISL_19644551	EPI_ISL_19644551	EPI_ISL_19644551	EPI_ISL_19644551	EPI_ISL_19644551	EPI_ISL_19644551	EPI_ISL_19644551
A/swine/Italy/212158-2/2020	EPI_ISL_14766413	EPI_ISL_14766413	EPI_ISL_14766413	EPI_ISL_14766413	EPI_ISL_14766413	EPI_ISL_14766413	EPI_ISL_14766413	EPI_ISL_14766413
A/swine/Denmark/20-3884-2/2020	EPI_ISL_19789960	EPI_ISL_19789960	EPI_ISL_19789960	EPI_ISL_19789960	EPI_ISL_19789960	EPI_ISL_19789960	EPI_ISL_19789960	EPI_ISL_19789960
A/swine/England/237719/2021	EPI_ISL_20050094	EPI_ISL_20050094	EPI_ISL_20050094	EPI_ISL_20050094	EPI_ISL_20050094	EPI_ISL_20050094	EPI_ISL_20050094	EPI_ISL_20050094
A/swine/Italy/260451/2021	EPI_ISL_19644597	EPI_ISL_19644597	EPI_ISL_19644597	EPI_ISL_19644597	EPI_ISL_19644597	EPI_ISL_19644597	EPI_ISL_19644597	EPI_ISL_19644597
A/swine/England/23795/2020	EPI_ISL_20050095	EPI_ISL_20050095	EPI_ISL_20050095	EPI_ISL_20050095	EPI_ISL_20050095	EPI_ISL_20050095	EPI_ISL_20050095	EPI_ISL_20050095
A/swine/Italy/102648-3/2022	EPI_ISL_19644576	EPI_ISL_19644576	EPI_ISL_19644576	EPI_ISL_19644576	EPI_ISL_19644576	EPI_ISL_19644576	EPI_ISL_19644576	EPI_ISL_19644576
A/swine/Italy/224845-2/2021	EPI_ISL_19644583	EPI_ISL_19644583	EPI_ISL_19644583	EPI_ISL_19644583	EPI_ISL_19644583	EPI_ISL_19644583	EPI_ISL_19644583	EPI_ISL_19644583
A/swine/Italy/30190/2020	EPI_ISL_14764399	EPI_ISL_14764399	EPI_ISL_14764399	EPI_ISL_14764399	EPI_ISL_14764399	EPI_ISL_14764399	EPI_ISL_14764399	EPI_ISL_14764399
A/swine/Italy/21295-2/2022	EPI_ISL_19644580	EPI_ISL_19644580	EPI_ISL_19644580	EPI_ISL_19644580	EPI_ISL_19644580	EPI_ISL_19644580	EPI_ISL_19644580	EPI_ISL_19644580
A/swine/Italy/24394-11/2022	EPI_ISL_19644603	EPI_ISL_19644603	EPI_ISL_19644603	EPI_ISL_19644603	EPI_ISL_19644603	EPI_ISL_19644603	EPI_ISL_19644603	EPI_ISL_19644603
A/swine/Italy/24394-12/2022	EPI_ISL_19644602	EPI_ISL_19644602	EPI_ISL_19644602	EPI_ISL_19644602	EPI_ISL_19644602	EPI_ISL_19644602	EPI_ISL_19644602	EPI_ISL_19644602
A/swine/Italy/24394-15/2022	EPI_ISL_19644601	EPI_ISL_19644601	EPI_ISL_19644601	EPI_ISL_19644601	EPI_ISL_19644601	EPI_ISL_19644601	EPI_ISL_19644601	EPI_ISL_19644601
A/swine/Italy/24394-3/2022	EPI_ISL_19644600	EPI_ISL_19644600	EPI_ISL_19644600	EPI_ISL_19644600	EPI_ISL_19644600	EPI_ISL_19644600	EPI_ISL_19644600	EPI_ISL_19644600
A/swine/Italy/234169/2021	EPI_ISL_19644607	EPI_ISL_19644607	EPI_ISL_19644607	EPI_ISL_19644607	EPI_ISL_19644607	EPI_ISL_19644607	EPI_ISL_19644607	EPI_ISL_19644607
A/swine/Italy/234960/2022	EPI_ISL_19644606	EPI_ISL_19644606	EPI_ISL_19644606	EPI_ISL_19644606	EPI_ISL_19644606	EPI_ISL_19644606	EPI_ISL_19644606	EPI_ISL_19644606
A/swine/Italy/236978-5/2021	EPI_ISL_19644605	EPI_ISL_19644605	EPI_ISL_19644605	EPI_ISL_19644605	EPI_ISL_19644605	EPI_ISL_19644605	EPI_ISL_19644605	EPI_ISL_19644605
A/swine/Italy/238819-1/2021	EPI_ISL_19644604	EPI_ISL_19644604	EPI_ISL_19644604	EPI_ISL_19644604	EPI_ISL_19644604	EPI_ISL_19644604	EPI_ISL_19644604	EPI_ISL_19644604
A/swine/Italy/268966-1/2022	EPI_ISL_19644594	EPI_ISL_19644594	EPI_ISL_19644594	EPI_ISL_19644594	EPI_ISL_19644594	EPI_ISL_19644594	EPI_ISL_19644594	EPI_ISL_19644594
A/swine/England/237498/2021	EPI_ISL_20050091	EPI_ISL_20050091	EPI_ISL_20050091	EPI_ISL_20050091	EPI_ISL_20050091	EPI_ISL_20050091	EPI_ISL_20050091	EPI_ISL_20050091
A/swine/Italy/27781/2022	EPI_ISL_19644593	EPI_ISL_19644593	EPI_ISL_19644593	EPI_ISL_19644593	EPI_ISL_19644593	EPI_ISL_19644593	EPI_ISL_19644593	EPI_ISL_19644593
A/swine/Italy/278987/2021	EPI_ISL_19644592	EPI_ISL_19644592	EPI_ISL_19644592	EPI_ISL_19644592	EPI_ISL_19644592	EPI_ISL_19644592	EPI_ISL_19644592	EPI_ISL_19644592
A/swine/Italy/245347/2021	EPI_ISL_19644599	EPI_ISL_19644599	EPI_ISL_19644599	EPI_ISL_19644599	EPI_ISL_19644599	EPI_ISL_19644599	EPI_ISL_19644599	EPI_ISL_19644599
A/swine/England/237596/2021	EPI_ISL_20050093	EPI_ISL_20050093	EPI_ISL_20050093	EPI_ISL_20050093	EPI_ISL_20050093	EPI_ISL_20050093	EPI_ISL_20050093	EPI_ISL_20050093
A/swine/England/237500/2021	EPI_ISL_20050092	EPI_ISL_20050092	EPI_ISL_20050092	EPI_ISL_20050092	EPI_ISL_20050092	EPI_ISL_20050092	EPI_ISL_20050092	EPI_ISL_20050092
A/swine/Italy/25675/2022	EPI_ISL_19644598	EPI_ISL_19644598	EPI_ISL_19644598	EPI_ISL_19644598	EPI_ISL_19644598	EPI_ISL_19644598	EPI_ISL_19644598	EPI_ISL_19644598
A/swine/Italy/31684/2020	EPI_ISL_14764412	EPI_ISL_14764412	EPI_ISL_14764412	EPI_ISL_14764412	EPI_ISL_14764412	EPI_ISL_14764412	EPI_ISL_14764412	EPI_ISL_14764412
A/swine/Italy/97771/2020	EPI_ISL_14764758	EPI_ISL_14764758	EPI_ISL_14764758	EPI_ISL_14764758	EPI_ISL_14764758	EPI_ISL_14764758	EPI_ISL_14764758	EPI_ISL_14764758
A/swine/Denmark/SI22_00285_1/2022	EPI_ISL_19751701	EPI_ISL_19751701	EPI_ISL_19751701	EPI_ISL_19751701	EPI_ISL_19751701	EPI_ISL_19751701	EPI_ISL_19751701	EPI_ISL_19751701
A/swine/France/01-220092-2/2022	EPI_ISL_19677974	EPI_ISL_19677974	EPI_ISL_19677974	EPI_ISL_19677974	EPI_ISL_19677974	EPI_ISL_19677974	EPI_ISL_19677974	EPI_ISL_19677974
A/swine/France/22-210295-4/2021	EPI_ISL_19677969	EPI_ISL_19677969	EPI_ISL_19677969	EPI_ISL_19677969	EPI_ISL_19677969	EPI_ISL_19677969	EPI_ISL_19677969	EPI_ISL_19677969
A/Swine/Netherlands/GD25-053/2025	EPI_ISL_20175821	EPI_ISL_20175821	EPI_ISL_20175821	EPI_ISL_20175821	EPI_ISL_20175821	EPI_ISL_20175821	EPI_ISL_20175821	EPI_ISL_20175821
A/swine/Italy/300976/2020	EPI_ISL_14766623	EPI_ISL_14766623	EPI_ISL_14766623	EPI_ISL_14766623	EPI_ISL_14766623	EPI_ISL_14766623	EPI_ISL_14766623	EPI_ISL_14766623
A/Swine/Netherlands/GD25-042/2025	EPI_ISL_20175820	EPI_ISL_20175820	EPI_ISL_20175820	EPI_ISL_20175820	EPI_ISL_20175820	EPI_ISL_20175820	EPI_ISL_20175820	EPI_ISL_20175820
A/swine/Italy/294638/2020	EPI_ISL_14766622	EPI_ISL_14766622	EPI_ISL_14766622	EPI_ISL_14766622	EPI_ISL_14766622	EPI_ISL_14766622	EPI_ISL_14766622	EPI_ISL_14766622
A/swine/Denmark/SI22-05684-2/2022	EPI_ISL_19751469	EPI_ISL_19751469	EPI_ISL_19751469	EPI_ISL_19751469	EPI_ISL_19751469	EPI_ISL_19751469	EPI_ISL_19751469	EPI_ISL_19751469
A/swine/Denmark/SI22-01190-5/2022	EPI_ISL_19751468	EPI_ISL_19751468	EPI_ISL_19751468	EPI_ISL_19751468	EPI_ISL_19751468	EPI_ISL_19751468	EPI_ISL_19751468	EPI_ISL_19751468
A/swine/Italy/22-119951-2/2022	EPI_ISL_19698221	EPI_ISL_19698221	EPI_ISL_19698221	EPI_ISL_19698221	EPI_ISL_19698221	EPI_ISL_19698221	EPI_ISL_19698221	EPI_ISL_19698221
A/swine/Denmark/SI22-07102-2/2022	EPI_ISL_19751471	EPI_ISL_19751471	EPI_ISL_19751471	EPI_ISL_19751471	EPI_ISL_19751471	EPI_ISL_19751471	EPI_ISL_19751471	EPI_ISL_19751471
A/swine/Denmark/SI22-06922-7/2022	EPI_ISL_19751470	EPI_ISL_19751470	EPI_ISL_19751470	EPI_ISL_19751470	EPI_ISL_19751470	EPI_ISL_19751470	EPI_ISL_19751470	EPI_ISL_19751470
A/swine/Nordrhein-Westfalen/110/2025	EPI_ISL_19878444	EPI_ISL_19878444	EPI_ISL_19878444	EPI_ISL_19878444	EPI_ISL_19878444	EPI_ISL_19878444	EPI_ISL_19878444	EPI_ISL_19878444
A/Swine/Netherlands/GD25-029/2025	EPI_ISL_20175816	EPI_ISL_20175816	EPI_ISL_20175816	EPI_ISL_20175816	EPI_ISL_20175816	EPI_ISL_20175816	EPI_ISL_20175816	EPI_ISL_20175816
A/swine/Denmark/LF22-11262-1/2022	EPI_ISL_19751465	EPI_ISL_19751465	EPI_ISL_19751465	EPI_ISL_19751465	EPI_ISL_19751465	EPI_ISL_19751465	EPI_ISL_19751465	EPI_ISL_19751465
A/swine/Denmark/SI22-00927-2/2022	EPI_ISL_19751467	EPI_ISL_19751467	EPI_ISL_19751467	EPI_ISL_19751467	EPI_ISL_19751467	EPI_ISL_19751467	EPI_ISL_19751467	EPI_ISL_19751467
A/swine/Denmark/21-25294-4/2021	EPI_ISL_19751466	EPI_ISL_19751466	EPI_ISL_19751466	EPI_ISL_19751466	EPI_ISL_19751466	EPI_ISL_19751466	EPI_ISL_19751466	EPI_ISL_19751466
A/swine/France/22-200232/2020	EPI_ISL_9591701	EPI_ISL_9591701	EPI_ISL_9591701	EPI_ISL_9591701	EPI_ISL_9591701	EPI_ISL_9591701	EPI_ISL_9591701	EPI_ISL_9591701
A/swine/Denmark/LF22-11023-2/2022	EPI_ISL_19751461	EPI_ISL_19751461	EPI_ISL_19751461	EPI_ISL_19751461	EPI_ISL_19751461	EPI_ISL_19751461	EPI_ISL_19751461	EPI_ISL_19751461
A/swine/Denmark/LF22-10957-2/2022	EPI_ISL_19751460	EPI_ISL_19751460	EPI_ISL_19751460	EPI_ISL_19751460	EPI_ISL_19751460	EPI_ISL_19751460	EPI_ISL_19751460	EPI_ISL_19751460
A/swine/Denmark/LF22-11033-5/2022	EPI_ISL_19751463	EPI_ISL_19751463	EPI_ISL_19751463	EPI_ISL_19751463	EPI_ISL_19751463	EPI_ISL_19751463	EPI_ISL_19751463	EPI_ISL_19751463
A/swine/Denmark/LF22-11024-4/2022	EPI_ISL_19751462	EPI_ISL_19751462	EPI_ISL_19751462	EPI_ISL_19751462	EPI_ISL_19751462	EPI_ISL_19751462	EPI_ISL_19751462	EPI_ISL_19751462
A/swine/Denmark/21_22749_2/2021	EPI_ISL_19751457	EPI_ISL_19751457	EPI_ISL_19751457	EPI_ISL_19751457	EPI_ISL_19751457	EPI_ISL_19751457	EPI_ISL_19751457	EPI_ISL_19751457
A/swine/Denmark/21_22282_1/2021	EPI_ISL_19751456	EPI_ISL_19751456	EPI_ISL_19751456	EPI_ISL_19751456	EPI_ISL_19751456	EPI_ISL_19751456	EPI_ISL_19751456	EPI_ISL_19751456
A/swine/Denmark/LF22-10921-2/2022	EPI_ISL_19751459	EPI_ISL_19751459	EPI_ISL_19751459	EPI_ISL_19751459	EPI_ISL_19751459	EPI_ISL_19751459	EPI_ISL_19751459	EPI_ISL_19751459
A/swine/Denmark/LF22-11042-1/2022	EPI_ISL_19751464	EPI_ISL_19751464	EPI_ISL_19751464	EPI_ISL_19751464	EPI_ISL_19751464	EPI_ISL_19751464	EPI_ISL_19751464	EPI_ISL_19751464
A/swine/Denmark/21_22753_2/2021	EPI_ISL_19751458	EPI_ISL_19751458	EPI_ISL_19751458	EPI_ISL_19751458	EPI_ISL_19751458	EPI_ISL_19751458	EPI_ISL_19751458	EPI_ISL_19751458
A/swine/Nordrhein-Westfalen/21/2023	EPI_ISL_18873317	EPI_ISL_18873317	EPI_ISL_18873317	EPI_ISL_18873317	EPI_ISL_18873317	EPI_ISL_18873317	EPI_ISL_18873317	EPI_ISL_18873317
A/swine/Nordrhein-Westfalen/22/2023	EPI_ISL_18873318	EPI_ISL_18873318	EPI_ISL_18873318	EPI_ISL_18873318	EPI_ISL_18873318	EPI_ISL_18873318	EPI_ISL_18873318	EPI_ISL_18873318
A/swine/Italy/347423/2020	EPI_ISL_14766636	EPI_ISL_14766636	EPI_ISL_14766636	EPI_ISL_14766636	EPI_ISL_14766636	EPI_ISL_14766636	EPI_ISL_14766636	EPI_ISL_14766636
A/swine/Italy/22-28311-3/2022	EPI_ISL_19698685	EPI_ISL_19698685	EPI_ISL_19698685	EPI_ISL_19698685	EPI_ISL_19698685	EPI_ISL_19698685	EPI_ISL_19698685	EPI_ISL_19698685
A/swine/Italy/22-4474-11/2022	EPI_ISL_19698686	EPI_ISL_19698686	EPI_ISL_19698686	EPI_ISL_19698686	EPI_ISL_19698686	EPI_ISL_19698686	EPI_ISL_19698686	EPI_ISL_19698686
A/swine/Italy/22-4474-12/2022	EPI_ISL_19698687	EPI_ISL_19698687	EPI_ISL_19698687	EPI_ISL_19698687	EPI_ISL_19698687	EPI_ISL_19698687	EPI_ISL_19698687	EPI_ISL_19698687
A/swine/Austria/24152534-001/2024	EPI_ISL_19751929	EPI_ISL_19751929	EPI_ISL_19751929	EPI_ISL_19751929	EPI_ISL_19751929	EPI_ISL_19751929	EPI_ISL_19751929	EPI_ISL_19751929
A/swine/Austria/24152534-002/2024	EPI_ISL_19751930	EPI_ISL_19751930	EPI_ISL_19751930	EPI_ISL_19751930	EPI_ISL_19751930	EPI_ISL_19751930	EPI_ISL_19751930	EPI_ISL_19751930
A/swine/Italy/103331/2022	EPI_ISL_20222956	EPI_ISL_20222956	EPI_ISL_20222956	EPI_ISL_20222956	EPI_ISL_20222956	EPI_ISL_20222956	EPI_ISL_20222956	EPI_ISL_20222956
A/swine/Germany/2023AI00852/2023	EPI_ISL_18977785	EPI_ISL_18977785	EPI_ISL_18977785	EPI_ISL_18977785	EPI_ISL_18977785	EPI_ISL_18977785	EPI_ISL_18977785	EPI_ISL_18977785
A/swine/Italy/147098-3/2022	EPI_ISL_20222957	EPI_ISL_20222957	EPI_ISL_20222957	EPI_ISL_20222957	EPI_ISL_20222957	EPI_ISL_20222957	EPI_ISL_20222957	EPI_ISL_20222957
A/Swine/Netherlands/GD25-032/2025	EPI_ISL_20175817	EPI_ISL_20175817	EPI_ISL_20175817	EPI_ISL_20175817	EPI_ISL_20175817	EPI_ISL_20175817	EPI_ISL_20175817	EPI_ISL_20175817
A/swine/Italy/157797/2022	EPI_ISL_20222958	EPI_ISL_20222958	EPI_ISL_20222958	EPI_ISL_20222958	EPI_ISL_20222958	EPI_ISL_20222958	EPI_ISL_20222958	EPI_ISL_20222958
A/swine/Germany/2023AI00878/2023	EPI_ISL_18977786	EPI_ISL_18977786	EPI_ISL_18977786	EPI_ISL_18977786	EPI_ISL_18977786	EPI_ISL_18977786	EPI_ISL_18977786	EPI_ISL_18977786
A/swine/France/22-200113/2020	EPI_ISL_707286	EPI_ISL_707286	EPI_ISL_707286	EPI_ISL_707286	EPI_ISL_707286	EPI_ISL_707286	EPI_ISL_707286	EPI_ISL_707286
A/swine/Germany/2023AI02495/2023	EPI_ISL_18977734	EPI_ISL_18977734	EPI_ISL_18977734	EPI_ISL_18977734	EPI_ISL_18977734	EPI_ISL_18977734	EPI_ISL_18977734	EPI_ISL_18977734
A/Swine/Netherlands/GD567/2022	EPI_ISL_19454939	EPI_ISL_19454939	EPI_ISL_19454939	EPI_ISL_19454939	EPI_ISL_19454939	EPI_ISL_19454939	EPI_ISL_19454939	EPI_ISL_19454939
A/Swine/Netherlands/GD25-026/2025	EPI_ISL_20175815	EPI_ISL_20175815	EPI_ISL_20175815	EPI_ISL_20175815	EPI_ISL_20175815	EPI_ISL_20175815	EPI_ISL_20175815	EPI_ISL_20175815
A/Swine/Netherlands/GD25-020/2025	EPI_ISL_20175814	EPI_ISL_20175814	EPI_ISL_20175814	EPI_ISL_20175814	EPI_ISL_20175814	EPI_ISL_20175814	EPI_ISL_20175814	EPI_ISL_20175814
A/Swine/Netherlands/GD25-019/2025	EPI_ISL_20175813	EPI_ISL_20175813	EPI_ISL_20175813	EPI_ISL_20175813	EPI_ISL_20175813	EPI_ISL_20175813	EPI_ISL_20175813	EPI_ISL_20175813
A/Swine/Netherlands/GD25-039/2025	EPI_ISL_20175819	EPI_ISL_20175819	EPI_ISL_20175819	EPI_ISL_20175819	EPI_ISL_20175819	EPI_ISL_20175819	EPI_ISL_20175819	EPI_ISL_20175819
A/Swine/Netherlands/GD25-034/2025	EPI_ISL_20175818	EPI_ISL_20175818	EPI_ISL_20175818	EPI_ISL_20175818	EPI_ISL_20175818	EPI_ISL_20175818	EPI_ISL_20175818	EPI_ISL_20175818
A/swine/Italy/212158-7/2020	EPI_ISL_20222959	EPI_ISL_20222959	EPI_ISL_20222959	EPI_ISL_20222959	EPI_ISL_20222959	EPI_ISL_20222959	EPI_ISL_20222959	EPI_ISL_20222959
A/swine/Denmark/SI22-09799-2/2022	EPI_ISL_19751485	EPI_ISL_19751485	EPI_ISL_19751485	EPI_ISL_19751485	EPI_ISL_19751485	EPI_ISL_19751485	EPI_ISL_19751485	EPI_ISL_19751485
A/swine/Denmark/SI22-09796-5/2022	EPI_ISL_19751484	EPI_ISL_19751484	EPI_ISL_19751484	EPI_ISL_19751484	EPI_ISL_19751484	EPI_ISL_19751484	EPI_ISL_19751484	EPI_ISL_19751484
A/swine/Denmark/SI22-09839-3/2022	EPI_ISL_19751487	EPI_ISL_19751487	EPI_ISL_19751487	EPI_ISL_19751487	EPI_ISL_19751487	EPI_ISL_19751487	EPI_ISL_19751487	EPI_ISL_19751487
A/swine/Denmark/SI-22-03122-2/2022	EPI_ISL_19751431	EPI_ISL_19751431	EPI_ISL_19751431	EPI_ISL_19751431	EPI_ISL_19751431	EPI_ISL_19751431	EPI_ISL_19751431	EPI_ISL_19751431
A/swine/France/22-200235/2020	EPI_ISL_9591736	EPI_ISL_9591736	EPI_ISL_9591736	EPI_ISL_9591736	EPI_ISL_9591736	EPI_ISL_9591736	EPI_ISL_9591736	EPI_ISL_9591736
A/swine/Denmark/SI-22-03122-1/2022	EPI_ISL_19751430	EPI_ISL_19751430	EPI_ISL_19751430	EPI_ISL_19751430	EPI_ISL_19751430	EPI_ISL_19751430	EPI_ISL_19751430	EPI_ISL_19751430
A/swine/Denmark/LF22-9807-4/2022	EPI_ISL_19751425	EPI_ISL_19751425	EPI_ISL_19751425	EPI_ISL_19751425	EPI_ISL_19751425	EPI_ISL_19751425	EPI_ISL_19751425	EPI_ISL_19751425
A/swine/Denmark/LF22-7714-2/2022	EPI_ISL_19751424	EPI_ISL_19751424	EPI_ISL_19751424	EPI_ISL_19751424	EPI_ISL_19751424	EPI_ISL_19751424	EPI_ISL_19751424	EPI_ISL_19751424
A/swine/Denmark/SI-22-01163-5/2022	EPI_ISL_19751427	EPI_ISL_19751427	EPI_ISL_19751427	EPI_ISL_19751427	EPI_ISL_19751427	EPI_ISL_19751427	EPI_ISL_19751427	EPI_ISL_19751427
A/swine/Denmark/21_19380_4/2021	EPI_ISL_19751453	EPI_ISL_19751453	EPI_ISL_19751453	EPI_ISL_19751453	EPI_ISL_19751453	EPI_ISL_19751453	EPI_ISL_19751453	EPI_ISL_19751453
A/swine/Denmark/21_20022_3/2021	EPI_ISL_19751454	EPI_ISL_19751454	EPI_ISL_19751454	EPI_ISL_19751454	EPI_ISL_19751454	EPI_ISL_19751454	EPI_ISL_19751454	EPI_ISL_19751454
A/swine/Denmark/21_19085_4/2021	EPI_ISL_19751451	EPI_ISL_19751451	EPI_ISL_19751451	EPI_ISL_19751451	EPI_ISL_19751451	EPI_ISL_19751451	EPI_ISL_19751451	EPI_ISL_19751451
A/swine/Denmark/21-SV16926-2/2021	EPI_ISL_19751444	EPI_ISL_19751444	EPI_ISL_19751444	EPI_ISL_19751444	EPI_ISL_19751444	EPI_ISL_19751444	EPI_ISL_19751444	EPI_ISL_19751444
A/swine/Denmark/SI-22-01186-2/2022	EPI_ISL_19751428	EPI_ISL_19751428	EPI_ISL_19751428	EPI_ISL_19751428	EPI_ISL_19751428	EPI_ISL_19751428	EPI_ISL_19751428	EPI_ISL_19751428
A/swine/Denmark/21_16958_2/2021	EPI_ISL_19751447	EPI_ISL_19751447	EPI_ISL_19751447	EPI_ISL_19751447	EPI_ISL_19751447	EPI_ISL_19751447	EPI_ISL_19751447	EPI_ISL_19751447
A/swine/Denmark/LF22-6282-13/2022	EPI_ISL_19751440	EPI_ISL_19751440	EPI_ISL_19751440	EPI_ISL_19751440	EPI_ISL_19751440	EPI_ISL_19751440	EPI_ISL_19751440	EPI_ISL_19751440
A/swine/Denmark/21-SV16775-5/2021	EPI_ISL_19751443	EPI_ISL_19751443	EPI_ISL_19751443	EPI_ISL_19751443	EPI_ISL_19751443	EPI_ISL_19751443	EPI_ISL_19751443	EPI_ISL_19751443
A/swine/Denmark/21-35-1/2021	EPI_ISL_19751442	EPI_ISL_19751442	EPI_ISL_19751442	EPI_ISL_19751442	EPI_ISL_19751442	EPI_ISL_19751442	EPI_ISL_19751442	EPI_ISL_19751442
A/swine/France/15-220077-2/2022	EPI_ISL_19677804	EPI_ISL_19677804	EPI_ISL_19677804	EPI_ISL_19677804	EPI_ISL_19677804	EPI_ISL_19677804	EPI_ISL_19677804	EPI_ISL_19677804
A/swine/France/22-200382-2/2020	EPI_ISL_19677806	EPI_ISL_19677806	EPI_ISL_19677806	EPI_ISL_19677806	EPI_ISL_19677806	EPI_ISL_19677806	EPI_ISL_19677806	EPI_ISL_19677806
A/swine/France/22-200435-1/2020	EPI_ISL_19677807	EPI_ISL_19677807	EPI_ISL_19677807	EPI_ISL_19677807	EPI_ISL_19677807	EPI_ISL_19677807	EPI_ISL_19677807	EPI_ISL_19677807
A/swine/France/01-220413-3/2022	EPI_ISL_19677802	EPI_ISL_19677802	EPI_ISL_19677802	EPI_ISL_19677802	EPI_ISL_19677802	EPI_ISL_19677802	EPI_ISL_19677802	EPI_ISL_19677802
A/swine/France/05-220082-3/2022	EPI_ISL_19677803	EPI_ISL_19677803	EPI_ISL_19677803	EPI_ISL_19677803	EPI_ISL_19677803	EPI_ISL_19677803	EPI_ISL_19677803	EPI_ISL_19677803
A/swine/Denmark/21-25161-4/2021	EPI_ISL_19751521	EPI_ISL_19751521	EPI_ISL_19751521	EPI_ISL_19751521	EPI_ISL_19751521	EPI_ISL_19751521	EPI_ISL_19751521	EPI_ISL_19751521
A/swine/Denmark/SI22_00076_2/2022	EPI_ISL_19751520	EPI_ISL_19751520	EPI_ISL_19751520	EPI_ISL_19751520	EPI_ISL_19751520	EPI_ISL_19751520	EPI_ISL_19751520	EPI_ISL_19751520
A/swine/Denmark/LF22-11132-3/2022	EPI_ISL_19751441	EPI_ISL_19751441	EPI_ISL_19751441	EPI_ISL_19751441	EPI_ISL_19751441	EPI_ISL_19751441	EPI_ISL_19751441	EPI_ISL_19751441
A/swine/Denmark/SI-22-02974-1/2022	EPI_ISL_19751429	EPI_ISL_19751429	EPI_ISL_19751429	EPI_ISL_19751429	EPI_ISL_19751429	EPI_ISL_19751429	EPI_ISL_19751429	EPI_ISL_19751429
A/swine/Nordrhein-Westfalen/50/2024	EPI_ISL_18952710	EPI_ISL_18952710	EPI_ISL_18952710	EPI_ISL_18952710	EPI_ISL_18952710	EPI_ISL_18952710	EPI_ISL_18952710	EPI_ISL_18952710
A/swine/Denmark/SI22-00557-1-93/2022	EPI_ISL_19751434	EPI_ISL_19751434	EPI_ISL_19751434	EPI_ISL_19751434	EPI_ISL_19751434	EPI_ISL_19751434	EPI_ISL_19751434	EPI_ISL_19751434
A/swine/Denmark/SI22-09838-1/2022	EPI_ISL_19751486	EPI_ISL_19751486	EPI_ISL_19751486	EPI_ISL_19751486	EPI_ISL_19751486	EPI_ISL_19751486	EPI_ISL_19751486	EPI_ISL_19751486
A/swine/Denmark/SI22-08781-4/2022	EPI_ISL_19751481	EPI_ISL_19751481	EPI_ISL_19751481	EPI_ISL_19751481	EPI_ISL_19751481	EPI_ISL_19751481	EPI_ISL_19751481	EPI_ISL_19751481
A/swine/Denmark/SI22-08780-5/2022	EPI_ISL_19751480	EPI_ISL_19751480	EPI_ISL_19751480	EPI_ISL_19751480	EPI_ISL_19751480	EPI_ISL_19751480	EPI_ISL_19751480	EPI_ISL_19751480
A/swine/Denmark/SI22-09740-1/2022	EPI_ISL_19751483	EPI_ISL_19751483	EPI_ISL_19751483	EPI_ISL_19751483	EPI_ISL_19751483	EPI_ISL_19751483	EPI_ISL_19751483	EPI_ISL_19751483
A/swine/Denmark/SI22-09513-3/2022	EPI_ISL_19751482	EPI_ISL_19751482	EPI_ISL_19751482	EPI_ISL_19751482	EPI_ISL_19751482	EPI_ISL_19751482	EPI_ISL_19751482	EPI_ISL_19751482
A/swine/Denmark/SI22-08035-4/2022	EPI_ISL_19751477	EPI_ISL_19751477	EPI_ISL_19751477	EPI_ISL_19751477	EPI_ISL_19751477	EPI_ISL_19751477	EPI_ISL_19751477	EPI_ISL_19751477
A/swine/Denmark/SI22-07823-1/2022	EPI_ISL_19751476	EPI_ISL_19751476	EPI_ISL_19751476	EPI_ISL_19751476	EPI_ISL_19751476	EPI_ISL_19751476	EPI_ISL_19751476	EPI_ISL_19751476
A/swine/Denmark/SI22-08141-1/2022	EPI_ISL_19751479	EPI_ISL_19751479	EPI_ISL_19751479	EPI_ISL_19751479	EPI_ISL_19751479	EPI_ISL_19751479	EPI_ISL_19751479	EPI_ISL_19751479
A/swine/Denmark/SI22-07232-4/2022	EPI_ISL_19751473	EPI_ISL_19751473	EPI_ISL_19751473	EPI_ISL_19751473	EPI_ISL_19751473	EPI_ISL_19751473	EPI_ISL_19751473	EPI_ISL_19751473
A/swine/Italy/21-91168-5/2021	EPI_ISL_19698224	EPI_ISL_19698224	EPI_ISL_19698224	EPI_ISL_19698224	EPI_ISL_19698224	EPI_ISL_19698224	EPI_ISL_19698224	EPI_ISL_19698224
A/swine/Denmark/SI22-07154-4/2022	EPI_ISL_19751472	EPI_ISL_19751472	EPI_ISL_19751472	EPI_ISL_19751472	EPI_ISL_19751472	EPI_ISL_19751472	EPI_ISL_19751472	EPI_ISL_19751472
A/swine/Italy22-35872-1/2022	EPI_ISL_19698225	EPI_ISL_19698225	EPI_ISL_19698225	EPI_ISL_19698225	EPI_ISL_19698225	EPI_ISL_19698225	EPI_ISL_19698225	EPI_ISL_19698225
A/swine/Denmark/SI22-07616-2/2022	EPI_ISL_19751475	EPI_ISL_19751475	EPI_ISL_19751475	EPI_ISL_19751475	EPI_ISL_19751475	EPI_ISL_19751475	EPI_ISL_19751475	EPI_ISL_19751475
A/swine/Italy/22-35872-2/2022	EPI_ISL_19698226	EPI_ISL_19698226	EPI_ISL_19698226	EPI_ISL_19698226	EPI_ISL_19698226	EPI_ISL_19698226	EPI_ISL_19698226	EPI_ISL_19698226
A/swine/Denmark/SI22-07327-5/2022	EPI_ISL_19751474	EPI_ISL_19751474	EPI_ISL_19751474	EPI_ISL_19751474	EPI_ISL_19751474	EPI_ISL_19751474	EPI_ISL_19751474	EPI_ISL_19751474
A/swine/Italy/22-52972-1/2022	EPI_ISL_19698227	EPI_ISL_19698227	EPI_ISL_19698227	EPI_ISL_19698227	EPI_ISL_19698227	EPI_ISL_19698227	EPI_ISL_19698227	EPI_ISL_19698227
A/swine/Denmark/SI22-00616-4-93/2022	EPI_ISL_19751437	EPI_ISL_19751437	EPI_ISL_19751437	EPI_ISL_19751437	EPI_ISL_19751437	EPI_ISL_19751437	EPI_ISL_19751437	EPI_ISL_19751437
A/swine/Denmark/SI22-00587-4-93/2022	EPI_ISL_19751436	EPI_ISL_19751436	EPI_ISL_19751436	EPI_ISL_19751436	EPI_ISL_19751436	EPI_ISL_19751436	EPI_ISL_19751436	EPI_ISL_19751436
A/swine/Denmark/SI22-00632-2/2022	EPI_ISL_19751439	EPI_ISL_19751439	EPI_ISL_19751439	EPI_ISL_19751439	EPI_ISL_19751439	EPI_ISL_19751439	EPI_ISL_19751439	EPI_ISL_19751439
A/swine/Denmark/LF22-6581-2/2022	EPI_ISL_19751438	EPI_ISL_19751438	EPI_ISL_19751438	EPI_ISL_19751438	EPI_ISL_19751438	EPI_ISL_19751438	EPI_ISL_19751438	EPI_ISL_19751438
A/swine/Denmark/SI22-00427-5/2022	EPI_ISL_19751433	EPI_ISL_19751433	EPI_ISL_19751433	EPI_ISL_19751433	EPI_ISL_19751433	EPI_ISL_19751433	EPI_ISL_19751433	EPI_ISL_19751433
A/swine/Denmark/SI22-00407-1/2022	EPI_ISL_19751432	EPI_ISL_19751432	EPI_ISL_19751432	EPI_ISL_19751432	EPI_ISL_19751432	EPI_ISL_19751432	EPI_ISL_19751432	EPI_ISL_19751432
A/swine/Denmark/SI22-00565-2/2022	EPI_ISL_19751435	EPI_ISL_19751435	EPI_ISL_19751435	EPI_ISL_19751435	EPI_ISL_19751435	EPI_ISL_19751435	EPI_ISL_19751435	EPI_ISL_19751435
A/swine/Italy/340406/2020	EPI_ISL_14766635	EPI_ISL_14766635	EPI_ISL_14766635	EPI_ISL_14766635	EPI_ISL_14766635	EPI_ISL_14766635	EPI_ISL_14766635	EPI_ISL_14766635
A/swine/France/59-220437-3/2022	EPI_ISL_19677820	EPI_ISL_19677820	EPI_ISL_19677820	EPI_ISL_19677820	EPI_ISL_19677820	EPI_ISL_19677820	EPI_ISL_19677820	EPI_ISL_19677820
A/swine/Italy/327872-86/2020	EPI_ISL_14766632	EPI_ISL_14766632	EPI_ISL_14766632	EPI_ISL_14766632	EPI_ISL_14766632	EPI_ISL_14766632	EPI_ISL_14766632	EPI_ISL_14766632
A/swine/Italy/326443/2020	EPI_ISL_14766630	EPI_ISL_14766630	EPI_ISL_14766630	EPI_ISL_14766630	EPI_ISL_14766630	EPI_ISL_14766630	EPI_ISL_14766630	EPI_ISL_14766630
A/Swine/AT_Kirchdorf/1220/2022	EPI_ISL_19143503	EPI_ISL_19143503	EPI_ISL_19143503	EPI_ISL_19143503	EPI_ISL_19143503	EPI_ISL_19143503	EPI_ISL_19143503	EPI_ISL_19143503
A/Swine/AT_Kirchdorf/660/2021	EPI_ISL_19143498	EPI_ISL_19143498	EPI_ISL_19143498	EPI_ISL_19143498	EPI_ISL_19143498	EPI_ISL_19143498	EPI_ISL_19143498	EPI_ISL_19143498
A/Swine/Netherlands/11787/2023	EPI_ISL_19131219	EPI_ISL_19131219	EPI_ISL_19131219	EPI_ISL_19131219	EPI_ISL_19131219	EPI_ISL_19131219	EPI_ISL_19131219	EPI_ISL_19131219
A/Swine/Netherlands/20081/2023	EPI_ISL_19131218	EPI_ISL_19131218	EPI_ISL_19131218	EPI_ISL_19131218	EPI_ISL_19131218	EPI_ISL_19131218	EPI_ISL_19131218	EPI_ISL_19131218
A/Swine/Netherlands/18450/2023	EPI_ISL_19131217	EPI_ISL_19131217	EPI_ISL_19131217	EPI_ISL_19131217	EPI_ISL_19131217	EPI_ISL_19131217	EPI_ISL_19131217	EPI_ISL_19131217
A/Swine/Netherlands/14352/2023	EPI_ISL_19131223	EPI_ISL_19131223	EPI_ISL_19131223	EPI_ISL_19131223	EPI_ISL_19131223	EPI_ISL_19131223	EPI_ISL_19131223	EPI_ISL_19131223
A/Swine/Netherlands/20156/2023	EPI_ISL_19131222	EPI_ISL_19131222	EPI_ISL_19131222	EPI_ISL_19131222	EPI_ISL_19131222	EPI_ISL_19131222	EPI_ISL_19131222	EPI_ISL_19131222
A/Swine/Netherlands/19148/2023	EPI_ISL_19131221	EPI_ISL_19131221	EPI_ISL_19131221	EPI_ISL_19131221	EPI_ISL_19131221	EPI_ISL_19131221	EPI_ISL_19131221	EPI_ISL_19131221
A/Swine/Netherlands/14602/2023	EPI_ISL_19131220	EPI_ISL_19131220	EPI_ISL_19131220	EPI_ISL_19131220	EPI_ISL_19131220	EPI_ISL_19131220	EPI_ISL_19131220	EPI_ISL_19131220
A/Swine/AT_Amstetten/2745/2021	EPI_ISL_19143501	EPI_ISL_19143501	EPI_ISL_19143501	EPI_ISL_19143501	EPI_ISL_19143501	EPI_ISL_19143501	EPI_ISL_19143501	EPI_ISL_19143501
A/swine/Italy/75997/2020	EPI_ISL_14764694	EPI_ISL_14764694	EPI_ISL_14764694	EPI_ISL_14764694	EPI_ISL_14764694	EPI_ISL_14764694	EPI_ISL_14764694	EPI_ISL_14764694
A/Swine/Netherlands/21286/2023	EPI_ISL_19131226	EPI_ISL_19131226	EPI_ISL_19131226	EPI_ISL_19131226	EPI_ISL_19131226	EPI_ISL_19131226	EPI_ISL_19131226	EPI_ISL_19131226
A/Swine/AT_Amstetten/160703_2/2023	EPI_ISL_19143519	EPI_ISL_19143519	EPI_ISL_19143519	EPI_ISL_19143519	EPI_ISL_19143519	EPI_ISL_19143519	EPI_ISL_19143519	EPI_ISL_19143519
A/Swine/Netherlands/12569/2023	EPI_ISL_19131224	EPI_ISL_19131224	EPI_ISL_19131224	EPI_ISL_19131224	EPI_ISL_19131224	EPI_ISL_19131224	EPI_ISL_19131224	EPI_ISL_19131224
A/Swine/AT_Leibnitz/2299/2022	EPI_ISL_19143513	EPI_ISL_19143513	EPI_ISL_19143513	EPI_ISL_19143513	EPI_ISL_19143513	EPI_ISL_19143513	EPI_ISL_19143513	EPI_ISL_19143513
A/Swine/AT_Leibnitz/779/2023	EPI_ISL_19143514	EPI_ISL_19143514	EPI_ISL_19143514	EPI_ISL_19143514	EPI_ISL_19143514	EPI_ISL_19143514	EPI_ISL_19143514	EPI_ISL_19143514
A/Swine/Netherlands/4138/2023	EPI_ISL_19131228	EPI_ISL_19131228	EPI_ISL_19131228	EPI_ISL_19131228	EPI_ISL_19131228	EPI_ISL_19131228	EPI_ISL_19131228	EPI_ISL_19131228
A/swine/Northern_Ireland/3059-32-2/2025	EPI_ISL_19905447	EPI_ISL_19905447	EPI_ISL_19905447	EPI_ISL_19905447	EPI_ISL_19905447	EPI_ISL_19905447	EPI_ISL_19905447	EPI_ISL_19905447
A/swine/Northern_Ireland/3059-32-1/2025	EPI_ISL_19905446	EPI_ISL_19905446	EPI_ISL_19905446	EPI_ISL_19905446	EPI_ISL_19905446	EPI_ISL_19905446	EPI_ISL_19905446	EPI_ISL_19905446
A/swine/Austria/24118591/2024	EPI_ISL_19751847	EPI_ISL_19751847	EPI_ISL_19751847	EPI_ISL_19751847	EPI_ISL_19751847	EPI_ISL_19751847	EPI_ISL_19751847	EPI_ISL_19751847
A/Swine/Netherlands/1209/2023	EPI_ISL_19131227	EPI_ISL_19131227	EPI_ISL_19131227	EPI_ISL_19131227	EPI_ISL_19131227	EPI_ISL_19131227	EPI_ISL_19131227	EPI_ISL_19131227
A/swine/Northern_Ireland/3059-31/2025	EPI_ISL_19905445	EPI_ISL_19905445	EPI_ISL_19905445	EPI_ISL_19905445	EPI_ISL_19905445	EPI_ISL_19905445	EPI_ISL_19905445	EPI_ISL_19905445
A/Swine/AT_Kirchdorf/662/2021	EPI_ISL_19143500	EPI_ISL_19143500	EPI_ISL_19143500	EPI_ISL_19143500	EPI_ISL_19143500	EPI_ISL_19143500	EPI_ISL_19143500	EPI_ISL_19143500
A/swine/Italy/356019/2020	EPI_ISL_14766720	EPI_ISL_14766720	EPI_ISL_14766720	EPI_ISL_14766720	EPI_ISL_14766720	EPI_ISL_14766720	EPI_ISL_14766720	EPI_ISL_14766720
A/swine/France/22-210119-1/2020	EPI_ISL_19677970	EPI_ISL_19677970	EPI_ISL_19677970	EPI_ISL_19677970	EPI_ISL_19677970	EPI_ISL_19677970	EPI_ISL_19677970	EPI_ISL_19677970
A/swine/France/22-210267-4/2021	EPI_ISL_19677971	EPI_ISL_19677971	EPI_ISL_19677971	EPI_ISL_19677971	EPI_ISL_19677971	EPI_ISL_19677971	EPI_ISL_19677971	EPI_ISL_19677971
A/Swine/Netherlands/GDE007/2022	EPI_ISL_19131235	EPI_ISL_19131235	EPI_ISL_19131235	EPI_ISL_19131235	EPI_ISL_19131235	EPI_ISL_19131235	EPI_ISL_19131235	EPI_ISL_19131235
A/swine/Italy/376085/2020	EPI_ISL_14766753	EPI_ISL_14766753	EPI_ISL_14766753	EPI_ISL_14766753	EPI_ISL_14766753	EPI_ISL_14766753	EPI_ISL_14766753	EPI_ISL_14766753
A/swine/Italy/381442/2020	EPI_ISL_14766755	EPI_ISL_14766755	EPI_ISL_14766755	EPI_ISL_14766755	EPI_ISL_14766755	EPI_ISL_14766755	EPI_ISL_14766755	EPI_ISL_14766755
A/swine/Italy/78247/2020	EPI_ISL_14764707	EPI_ISL_14764707	EPI_ISL_14764707	EPI_ISL_14764707	EPI_ISL_14764707	EPI_ISL_14764707	EPI_ISL_14764707	EPI_ISL_14764707
A/swine/Italy/377432/2020	EPI_ISL_14766754	EPI_ISL_14766754	EPI_ISL_14766754	EPI_ISL_14766754	EPI_ISL_14766754	EPI_ISL_14766754	EPI_ISL_14766754	EPI_ISL_14766754
A/swine/Italy/384788/2020	EPI_ISL_14766757	EPI_ISL_14766757	EPI_ISL_14766757	EPI_ISL_14766757	EPI_ISL_14766757	EPI_ISL_14766757	EPI_ISL_14766757	EPI_ISL_14766757
A/swine/Italy/384787/2020	EPI_ISL_14766756	EPI_ISL_14766756	EPI_ISL_14766756	EPI_ISL_14766756	EPI_ISL_14766756	EPI_ISL_14766756	EPI_ISL_14766756	EPI_ISL_14766756
A/Swine/Netherlands/GDE016/2023	EPI_ISL_19131243	EPI_ISL_19131243	EPI_ISL_19131243	EPI_ISL_19131243	EPI_ISL_19131243	EPI_ISL_19131243	EPI_ISL_19131243	EPI_ISL_19131243
A/swine/Italy/373297/2020	EPI_ISL_14766723	EPI_ISL_14766723	EPI_ISL_14766723	EPI_ISL_14766723	EPI_ISL_14766723	EPI_ISL_14766723	EPI_ISL_14766723	EPI_ISL_14766723
A/Swine/Netherlands/GDE019/2023	EPI_ISL_19131246	EPI_ISL_19131246	EPI_ISL_19131246	EPI_ISL_19131246	EPI_ISL_19131246	EPI_ISL_19131246	EPI_ISL_19131246	EPI_ISL_19131246
A/swine/France/44-200460-3/2020	EPI_ISL_19678077	EPI_ISL_19678077	EPI_ISL_19678077	EPI_ISL_19678077	EPI_ISL_19678077	EPI_ISL_19678077	EPI_ISL_19678077	EPI_ISL_19678077
A/swine/Italy/78383/2020	EPI_ISL_14764720	EPI_ISL_14764720	EPI_ISL_14764720	EPI_ISL_14764720	EPI_ISL_14764720	EPI_ISL_14764720	EPI_ISL_14764720	EPI_ISL_14764720
A/swine/France/35-220448-3/2022	EPI_ISL_19678073	EPI_ISL_19678073	EPI_ISL_19678073	EPI_ISL_19678073	EPI_ISL_19678073	EPI_ISL_19678073	EPI_ISL_19678073	EPI_ISL_19678073
A/swine/France/37-220188-1/2022	EPI_ISL_19678074	EPI_ISL_19678074	EPI_ISL_19678074	EPI_ISL_19678074	EPI_ISL_19678074	EPI_ISL_19678074	EPI_ISL_19678074	EPI_ISL_19678074
A/swine/France/44-200384-2/2020	EPI_ISL_19678075	EPI_ISL_19678075	EPI_ISL_19678075	EPI_ISL_19678075	EPI_ISL_19678075	EPI_ISL_19678075	EPI_ISL_19678075	EPI_ISL_19678075
A/swine/Italy/85074/2020	EPI_ISL_14764730	EPI_ISL_14764730	EPI_ISL_14764730	EPI_ISL_14764730	EPI_ISL_14764730	EPI_ISL_14764730	EPI_ISL_14764730	EPI_ISL_14764730
A/swine/Pskov_Region/RII-SK15.1.12S/2024	EPI_ISL_19331962	EPI_ISL_19331962	EPI_ISL_19331962	EPI_ISL_19331962	EPI_ISL_19331962	EPI_ISL_19331962	EPI_ISL_19331962	EPI_ISL_19331962
A/sw/Nordrhein-Westfalen/12/2023	EPI_ISL_18651970	EPI_ISL_18651970	EPI_ISL_18651970	EPI_ISL_18651970	EPI_ISL_18651970		EPI_ISL_18651970	EPI_ISL_18651970
A/swine/Pskov_Region/RII-SK10PP9S/2024	EPI_ISL_19331961	EPI_ISL_19331961	EPI_ISL_19331961	EPI_ISL_19331961	EPI_ISL_19331961	EPI_ISL_19331961	EPI_ISL_19331961	EPI_ISL_19331961
A/swine/Italy/365672/2020	EPI_ISL_14766721	EPI_ISL_14766721	EPI_ISL_14766721	EPI_ISL_14766721	EPI_ISL_14766721	EPI_ISL_14766721	EPI_ISL_14766721	EPI_ISL_14766721
A/Swine/Netherlands/GDE018/2023	EPI_ISL_19131245	EPI_ISL_19131245	EPI_ISL_19131245	EPI_ISL_19131245	EPI_ISL_19131245	EPI_ISL_19131245	EPI_ISL_19131245	EPI_ISL_19131245
A/swine/Austria/24106472/2024	EPI_ISL_19751846	EPI_ISL_19751846	EPI_ISL_19751846	EPI_ISL_19751846	EPI_ISL_19751846	EPI_ISL_19751846	EPI_ISL_19751846	EPI_ISL_19751846
A/swine/Northern_Ireland/3051-31/2024	EPI_ISL_19905443	EPI_ISL_19905443	EPI_ISL_19905443	EPI_ISL_19905443	EPI_ISL_19905443	EPI_ISL_19905443	EPI_ISL_19905443	EPI_ISL_19905443
A/swine/Northern_Ireland/3049-33/2024	EPI_ISL_19905442	EPI_ISL_19905442	EPI_ISL_19905442	EPI_ISL_19905442	EPI_ISL_19905442	EPI_ISL_19905442	EPI_ISL_19905442	EPI_ISL_19905442
A/swine/Northern_Ireland/3045-32-1/2024	EPI_ISL_19905439	EPI_ISL_19905439	EPI_ISL_19905439	EPI_ISL_19905439	EPI_ISL_19905439	EPI_ISL_19905439	EPI_ISL_19905439	EPI_ISL_19905439
A/swine/Northern_Ireland/3045-31-2/2024	EPI_ISL_19905438	EPI_ISL_19905438	EPI_ISL_19905438	EPI_ISL_19905438	EPI_ISL_19905438	EPI_ISL_19905438	EPI_ISL_19905438	EPI_ISL_19905438
A/swine/Northern_Ireland/3045-31-1/2024	EPI_ISL_19905437	EPI_ISL_19905437	EPI_ISL_19905437	EPI_ISL_19905437	EPI_ISL_19905437	EPI_ISL_19905437	EPI_ISL_19905437	EPI_ISL_19905437
A/swine/Northern_Ireland/3041-32/2024	EPI_ISL_19905436	EPI_ISL_19905436	EPI_ISL_19905436	EPI_ISL_19905436	EPI_ISL_19905436	EPI_ISL_19905436	EPI_ISL_19905436	EPI_ISL_19905436
A/swine/Northern_Ireland/3040-33/2024	EPI_ISL_19905435	EPI_ISL_19905435	EPI_ISL_19905435	EPI_ISL_19905435	EPI_ISL_19905435	EPI_ISL_19905435	EPI_ISL_19905435	EPI_ISL_19905435
A/swine/Northern_Ireland/3040-32/2024	EPI_ISL_19905434	EPI_ISL_19905434	EPI_ISL_19905434	EPI_ISL_19905434	EPI_ISL_19905434	EPI_ISL_19905434	EPI_ISL_19905434	EPI_ISL_19905434
A/swine/Northern_Ireland/3040-31/2024	EPI_ISL_19905433	EPI_ISL_19905433	EPI_ISL_19905433	EPI_ISL_19905433	EPI_ISL_19905433	EPI_ISL_19905433	EPI_ISL_19905433	EPI_ISL_19905433
A/Swine/Netherlands/8376/2022	EPI_ISL_18885532	EPI_ISL_18885532	EPI_ISL_18885532	EPI_ISL_18885532	EPI_ISL_18885532	EPI_ISL_18885532	EPI_ISL_18885532	EPI_ISL_18885532
A/Swine/Netherlands/9529/2022	EPI_ISL_18885534	EPI_ISL_18885534	EPI_ISL_18885534	EPI_ISL_18885534	EPI_ISL_18885534	EPI_ISL_18885534	EPI_ISL_18885534	EPI_ISL_18885534
A/swine/Italy/IZSLER-316087/2023	EPI_ISL_20222964	EPI_ISL_20222964	EPI_ISL_20222964	EPI_ISL_20222964	EPI_ISL_20222964	EPI_ISL_20222964	EPI_ISL_20222964	EPI_ISL_20222964
A/swine/Italy/303027/2020	EPI_ISL_14766624	EPI_ISL_14766624	EPI_ISL_14766624	EPI_ISL_14766624	EPI_ISL_14766624	EPI_ISL_14766624	EPI_ISL_14766624	EPI_ISL_14766624
A/swine/Italy/311691/2020	EPI_ISL_14766626	EPI_ISL_14766626	EPI_ISL_14766626	EPI_ISL_14766626	EPI_ISL_14766626	EPI_ISL_14766626	EPI_ISL_14766626	EPI_ISL_14766626
A/swine/Italy/371999-6/2022	EPI_ISL_20222960	EPI_ISL_20222960	EPI_ISL_20222960	EPI_ISL_20222960	EPI_ISL_20222960	EPI_ISL_20222960	EPI_ISL_20222960	EPI_ISL_20222960
A/swine/Italy/326417/2020	EPI_ISL_14766629	EPI_ISL_14766629	EPI_ISL_14766629	EPI_ISL_14766629	EPI_ISL_14766629	EPI_ISL_14766629	EPI_ISL_14766629	EPI_ISL_14766629
A/swine/Italy/397245-01/2022	EPI_ISL_20222961	EPI_ISL_20222961	EPI_ISL_20222961	EPI_ISL_20222961	EPI_ISL_20222961	EPI_ISL_20222961	EPI_ISL_20222961	EPI_ISL_20222961
A/swine/Italy/319759/2020	EPI_ISL_14766628	EPI_ISL_14766628	EPI_ISL_14766628	EPI_ISL_14766628	EPI_ISL_14766628	EPI_ISL_14766628	EPI_ISL_14766628	EPI_ISL_14766628
A/swine/Italy/IZSLER-15152/2024	EPI_ISL_20222962	EPI_ISL_20222962	EPI_ISL_20222962	EPI_ISL_20222962	EPI_ISL_20222962	EPI_ISL_20222962	EPI_ISL_20222962	EPI_ISL_20222962
A/swine/Italy/327872-36/2020	EPI_ISL_14766631	EPI_ISL_14766631	EPI_ISL_14766631	EPI_ISL_14766631	EPI_ISL_14766631	EPI_ISL_14766631	EPI_ISL_14766631	EPI_ISL_14766631
A/swine/Italy/IZSLER-238966/2023	EPI_ISL_20222963	EPI_ISL_20222963	EPI_ISL_20222963	EPI_ISL_20222963	EPI_ISL_20222963	EPI_ISL_20222963	EPI_ISL_20222963	EPI_ISL_20222963
A/swine/Italy/308263/2020	EPI_ISL_14766625	EPI_ISL_14766625	EPI_ISL_14766625	EPI_ISL_14766625	EPI_ISL_14766625	EPI_ISL_14766625	EPI_ISL_14766625	EPI_ISL_14766625
A/swine/France/49-200490-3/2020	EPI_ISL_19678082	EPI_ISL_19678082	EPI_ISL_19678082	EPI_ISL_19678082	EPI_ISL_19678082	EPI_ISL_19678082	EPI_ISL_19678082	EPI_ISL_19678082
A/swine/France/49-200353-3/2020	EPI_ISL_19678081	EPI_ISL_19678081	EPI_ISL_19678081	EPI_ISL_19678081	EPI_ISL_19678081	EPI_ISL_19678081	EPI_ISL_19678081	EPI_ISL_19678081
A/swine/France/44-220189-1/2022	EPI_ISL_19678080	EPI_ISL_19678080	EPI_ISL_19678080	EPI_ISL_19678080	EPI_ISL_19678080	EPI_ISL_19678080	EPI_ISL_19678080	EPI_ISL_19678080
A/swine/Germany/2023AI04934/2023	EPI_ISL_18979756	EPI_ISL_18979756	EPI_ISL_18979756	EPI_ISL_18979756	EPI_ISL_18979756	EPI_ISL_18979756	EPI_ISL_18979756	EPI_ISL_18979756
A/Swine/Sweden/SVA230112SZ0310/FB007614/T-2023	EPI_ISL_16614000	EPI_ISL_16614000	EPI_ISL_16614000	EPI_ISL_16614000	EPI_ISL_16614000	EPI_ISL_16614000	EPI_ISL_16614000	EPI_ISL_16614000
A/swine/Northern_Ireland/3049-31/2024	EPI_ISL_19905441	EPI_ISL_19905441	EPI_ISL_19905441	EPI_ISL_19905441	EPI_ISL_19905441	EPI_ISL_19905441	EPI_ISL_19905441	EPI_ISL_19905441
A/swine/Germany/2023AI02871/2023	EPI_ISL_18979759	EPI_ISL_18979759	EPI_ISL_18979759	EPI_ISL_18979759	EPI_ISL_18979759	EPI_ISL_18979759	EPI_ISL_18979759	EPI_ISL_18979759
A/swine/Northern_Ireland/3045-32-2/2024	EPI_ISL_19905440	EPI_ISL_19905440	EPI_ISL_19905440	EPI_ISL_19905440	EPI_ISL_19905440	EPI_ISL_19905440	EPI_ISL_19905440	EPI_ISL_19905440
A/swine/Germany/2023AI00760/2023	EPI_ISL_18979758	EPI_ISL_18979758	EPI_ISL_18979758	EPI_ISL_18979758	EPI_ISL_18979758	EPI_ISL_18979758	EPI_ISL_18979758	EPI_ISL_18979758
A/swine/Italy/69273/2020	EPI_ISL_14764657	EPI_ISL_14764657	EPI_ISL_14764657	EPI_ISL_14764657	EPI_ISL_14764657	EPI_ISL_14764657	EPI_ISL_14764657	EPI_ISL_14764657
A/swine/France/72-200305/2020	EPI_ISL_9593346	EPI_ISL_9593346	EPI_ISL_9593346	EPI_ISL_9593346	EPI_ISL_9593346	EPI_ISL_9593346	EPI_ISL_9593346	EPI_ISL_9593346
A/swine/France/72-200318/2020	EPI_ISL_9593347	EPI_ISL_9593347	EPI_ISL_9593347	EPI_ISL_9593347	EPI_ISL_9593347	EPI_ISL_9593347	EPI_ISL_9593347	EPI_ISL_9593347
A/swine/France/72-200277/2020	EPI_ISL_9593344	EPI_ISL_9593344	EPI_ISL_9593344	EPI_ISL_9593344	EPI_ISL_9593344	EPI_ISL_9593344	EPI_ISL_9593344	EPI_ISL_9593344
A/Swine/Netherlands/18903/2023	EPI_ISL_18885556	EPI_ISL_18885556	EPI_ISL_18885556	EPI_ISL_18885556	EPI_ISL_18885556	EPI_ISL_18885556	EPI_ISL_18885556	EPI_ISL_18885556
A/swine/France/80-200094/2020	EPI_ISL_9593350	EPI_ISL_9593350	EPI_ISL_9593350	EPI_ISL_9593350	EPI_ISL_9593350	EPI_ISL_9593350	EPI_ISL_9593350	EPI_ISL_9593350
A/Swine/Netherlands/5652/2023	EPI_ISL_18885557	EPI_ISL_18885557	EPI_ISL_18885557	EPI_ISL_18885557	EPI_ISL_18885557	EPI_ISL_18885557	EPI_ISL_18885557	EPI_ISL_18885557
A/swine/France/74-200117/2020	EPI_ISL_9593349	EPI_ISL_9593349	EPI_ISL_9593349	EPI_ISL_9593349	EPI_ISL_9593349	EPI_ISL_9593349	EPI_ISL_9593349	EPI_ISL_9593349
A/Swine/Netherlands/11135/2023	EPI_ISL_18885560	EPI_ISL_18885560	EPI_ISL_18885560	EPI_ISL_18885560	EPI_ISL_18885560	EPI_ISL_18885560	EPI_ISL_18885560	EPI_ISL_18885560
A/swine/France/85-200222/2020	EPI_ISL_9593354	EPI_ISL_9593354	EPI_ISL_9593354	EPI_ISL_9593354	EPI_ISL_9593354	EPI_ISL_9593354	EPI_ISL_9593354	EPI_ISL_9593354
A/swine/France/81-200304/2020	EPI_ISL_9593352	EPI_ISL_9593352	EPI_ISL_9593352	EPI_ISL_9593352	EPI_ISL_9593352	EPI_ISL_9593352	EPI_ISL_9593352	EPI_ISL_9593352
A/swine/France/82-200069/2020	EPI_ISL_9593353	EPI_ISL_9593353	EPI_ISL_9593353	EPI_ISL_9593353	EPI_ISL_9593353	EPI_ISL_9593353	EPI_ISL_9593353	EPI_ISL_9593353
A/swine/Italy/351300/2020	EPI_ISL_14766717	EPI_ISL_14766717	EPI_ISL_14766717	EPI_ISL_14766717	EPI_ISL_14766717	EPI_ISL_14766717	EPI_ISL_14766717	EPI_ISL_14766717
A/swine/Italy/352075/2020	EPI_ISL_14766719	EPI_ISL_14766719	EPI_ISL_14766719	EPI_ISL_14766719	EPI_ISL_14766719	EPI_ISL_14766719	EPI_ISL_14766719	EPI_ISL_14766719
A/swine/Italy/351722/2020	EPI_ISL_14766718	EPI_ISL_14766718	EPI_ISL_14766718	EPI_ISL_14766718	EPI_ISL_14766718	EPI_ISL_14766718	EPI_ISL_14766718	EPI_ISL_14766718
A/swine/Italy/74920/2020	EPI_ISL_14764670	EPI_ISL_14764670	EPI_ISL_14764670	EPI_ISL_14764670	EPI_ISL_14764670	EPI_ISL_14764670	EPI_ISL_14764670	EPI_ISL_14764670
A/Swine/AT_Wels_Land/5427/2024	EPI_ISL_19143558	EPI_ISL_19143558	EPI_ISL_19143558	EPI_ISL_19143558	EPI_ISL_19143558	EPI_ISL_19143558	EPI_ISL_19143558	EPI_ISL_19143558
A/swine/Italy/332220/2020	EPI_ISL_14766633	EPI_ISL_14766633	EPI_ISL_14766633	EPI_ISL_14766633	EPI_ISL_14766633	EPI_ISL_14766633	EPI_ISL_14766633	EPI_ISL_14766633
A/Netherlands/10534/2023	EPI_ISL_18168180	EPI_ISL_18168180	EPI_ISL_18168180	EPI_ISL_18168180	EPI_ISL_18168180	EPI_ISL_18168180	EPI_ISL_18168180	EPI_ISL_18168180
A/swine/Netherlands/Groelnlo-186/2011	EPI_ISL_195021	EPI_ISL_195021	EPI_ISL_195021	EPI_ISL_195021	EPI_ISL_195021	EPI_ISL_195021	EPI_ISL_195021	EPI_ISL_195021
A/swine/England/063414/2011	EPI_ISL_195020	EPI_ISL_195020	EPI_ISL_195020	EPI_ISL_195020	EPI_ISL_195020	EPI_ISL_195020	EPI_ISL_195020	EPI_ISL_195020
A/swine/Wadersloh/5761/2006	EPI_ISL_504611	EPI_ISL_504611	EPI_ISL_504611	EPI_ISL_504611	EPI_ISL_504611	EPI_ISL_504611	EPI_ISL_504611	EPI_ISL_504611
A/swine/Borgholzhausen/5751/2006	EPI_ISL_504610	EPI_ISL_504610	EPI_ISL_504610	EPI_ISL_504610	EPI_ISL_504610	EPI_ISL_504610	EPI_ISL_504610	EPI_ISL_504610
A/swine/Gottfrieding/5732/2006	EPI_ISL_504609	EPI_ISL_504609	EPI_ISL_504609	EPI_ISL_504609	EPI_ISL_504609	EPI_ISL_504609	EPI_ISL_504609	EPI_ISL_504609
A/swine/Nordhorn/5657/2006	EPI_ISL_504608	EPI_ISL_504608	EPI_ISL_504608	EPI_ISL_504608	EPI_ISL_504608	EPI_ISL_504608	EPI_ISL_504608	EPI_ISL_504608
A/swine/Borgholzhausen/6371/2007	EPI_ISL_504623	EPI_ISL_504623	EPI_ISL_504623	EPI_ISL_504623	EPI_ISL_504623	EPI_ISL_504623	EPI_ISL_504623	EPI_ISL_504623
A/swine/Schapen/6332/2007	EPI_ISL_504622	EPI_ISL_504622	EPI_ISL_504622	EPI_ISL_504622	EPI_ISL_504622	EPI_ISL_504622	EPI_ISL_504622	EPI_ISL_504622
A/swine/Marsberg/6307/2007	EPI_ISL_504621	EPI_ISL_504621	EPI_ISL_504621	EPI_ISL_504621	EPI_ISL_504621	EPI_ISL_504621	EPI_ISL_504621	EPI_ISL_504621
A/swine/Lippetal/6292/2007	EPI_ISL_504620	EPI_ISL_504620	EPI_ISL_504620	EPI_ISL_504620	EPI_ISL_504620	EPI_ISL_504620	EPI_ISL_504620	EPI_ISL_504620
A/swine/Nordkirchen/6167/2007	EPI_ISL_504619	EPI_ISL_504619	EPI_ISL_504619	EPI_ISL_504619	EPI_ISL_504619	EPI_ISL_504619	EPI_ISL_504619	EPI_ISL_504619
A/swine/Wuelknitz/6141/2007	EPI_ISL_504618	EPI_ISL_504618	EPI_ISL_504618	EPI_ISL_504618	EPI_ISL_504618	EPI_ISL_504618	EPI_ISL_504618	EPI_ISL_504618
A/swine/Geseke/6004/2007	EPI_ISL_504612	EPI_ISL_504612	EPI_ISL_504612	EPI_ISL_504612	EPI_ISL_504612	EPI_ISL_504612	EPI_ISL_504612	EPI_ISL_504612
A/swine/Feldbach/6072/2007	EPI_ISL_504617	EPI_ISL_504617	EPI_ISL_504617	EPI_ISL_504617	EPI_ISL_504617	EPI_ISL_504617	EPI_ISL_504617	EPI_ISL_504617
A/swine/Everswinkel/6774/2008	EPI_ISL_504631	EPI_ISL_504631	EPI_ISL_504631	EPI_ISL_504631	EPI_ISL_504631	EPI_ISL_504631	EPI_ISL_504631	EPI_ISL_504631
A/swine/Alsfeld/6673/2007	EPI_ISL_504630	EPI_ISL_504630	EPI_ISL_504630	EPI_ISL_504630	EPI_ISL_504630	EPI_ISL_504630	EPI_ISL_504630	EPI_ISL_504630
A/swine/Brakel/6672/2007	EPI_ISL_504629	EPI_ISL_504629	EPI_ISL_504629	EPI_ISL_504629	EPI_ISL_504629	EPI_ISL_504629	EPI_ISL_504629	EPI_ISL_504629
A/swine/Sundern/6655a/2007	EPI_ISL_504628	EPI_ISL_504628	EPI_ISL_504628	EPI_ISL_504628	EPI_ISL_504628	EPI_ISL_504628	EPI_ISL_504628	EPI_ISL_504628
A/swine/Bad_Rothenfelde/6622/2007	EPI_ISL_504627	EPI_ISL_504627	EPI_ISL_504627	EPI_ISL_504627	EPI_ISL_504627	EPI_ISL_504627	EPI_ISL_504627	EPI_ISL_504627
A/swine/Boesel/6543/2007	EPI_ISL_504626	EPI_ISL_504626	EPI_ISL_504626	EPI_ISL_504626	EPI_ISL_504626	EPI_ISL_504626	EPI_ISL_504626	EPI_ISL_504626
A/swine/Daseburg/6531/2007	EPI_ISL_504625	EPI_ISL_504625	EPI_ISL_504625	EPI_ISL_504625	EPI_ISL_504625	EPI_ISL_504625	EPI_ISL_504625	EPI_ISL_504625
A/swine/Paderborn/6373/2007	EPI_ISL_504624	EPI_ISL_504624	EPI_ISL_504624	EPI_ISL_504624	EPI_ISL_504624	EPI_ISL_504624	EPI_ISL_504624	EPI_ISL_504624
A/swine/Denmark/21S_05266_2/2020	EPI_ISL_19751445	EPI_ISL_19751445	EPI_ISL_19751445	EPI_ISL_19751445	EPI_ISL_19751445	EPI_ISL_19751445	EPI_ISL_19751445	EPI_ISL_19751445
A/swine/Fronhausen/6059/2007	EPI_ISL_504616	EPI_ISL_504616	EPI_ISL_504616	EPI_ISL_504616	EPI_ISL_504616	EPI_ISL_504616	EPI_ISL_504616	EPI_ISL_504616
A/swine/Twistringen/7029/2008	EPI_ISL_504639	EPI_ISL_504639	EPI_ISL_504639	EPI_ISL_504639	EPI_ISL_504639	EPI_ISL_504639	EPI_ISL_504639	EPI_ISL_504639
A/swine/Bad_Wuennenberg/6005/2007	EPI_ISL_504613	EPI_ISL_504613	EPI_ISL_504613	EPI_ISL_504613	EPI_ISL_504613	EPI_ISL_504613	EPI_ISL_504613	EPI_ISL_504613
A/swine/Schmallenberg/6049/2007	EPI_ISL_504615	EPI_ISL_504615	EPI_ISL_504615	EPI_ISL_504615	EPI_ISL_504615	EPI_ISL_504615	EPI_ISL_504615	EPI_ISL_504615
A/swine/Italy/13-166853-62/2013	EPI_ISL_19698215	EPI_ISL_19698215	EPI_ISL_19698215	EPI_ISL_19698215	EPI_ISL_19698215	EPI_ISL_19698215	EPI_ISL_19698215	EPI_ISL_19698215
A/swine/Melle/5003/2006	EPI_ISL_504588	EPI_ISL_504588	EPI_ISL_504588	EPI_ISL_504588	EPI_ISL_504588	EPI_ISL_504588	EPI_ISL_504588	EPI_ISL_504588
A/swine/Meppen/4919/2006	EPI_ISL_504587	EPI_ISL_504587	EPI_ISL_504587	EPI_ISL_504587	EPI_ISL_504587	EPI_ISL_504587	EPI_ISL_504587	EPI_ISL_504587
A/swine/Ense/4848/2006	EPI_ISL_504586	EPI_ISL_504586	EPI_ISL_504586	EPI_ISL_504586	EPI_ISL_504586	EPI_ISL_504586	EPI_ISL_504586	EPI_ISL_504586
A/swine/Guenne/4847/2006	EPI_ISL_504585	EPI_ISL_504585	EPI_ISL_504585	EPI_ISL_504585	EPI_ISL_504585	EPI_ISL_504585	EPI_ISL_504585	EPI_ISL_504585
A/swine/Brakel/4806/2005	EPI_ISL_504584	EPI_ISL_504584	EPI_ISL_504584	EPI_ISL_504584	EPI_ISL_504584	EPI_ISL_504584	EPI_ISL_504584	EPI_ISL_504584
A/swine/Kassel/5550/2006	EPI_ISL_504599	EPI_ISL_504599	EPI_ISL_504599	EPI_ISL_504599	EPI_ISL_504599	EPI_ISL_504599	EPI_ISL_504599	EPI_ISL_504599
A/swine/Friesoythe/5549/2006	EPI_ISL_504598	EPI_ISL_504598	EPI_ISL_504598	EPI_ISL_504598	EPI_ISL_504598	EPI_ISL_504598	EPI_ISL_504598	EPI_ISL_504598
A/swine/Friesoythe/5548/2006	EPI_ISL_504597	EPI_ISL_504597	EPI_ISL_504597	EPI_ISL_504597	EPI_ISL_504597	EPI_ISL_504597	EPI_ISL_504597	EPI_ISL_504597
A/swine/Ramsberg/5544/2006	EPI_ISL_504596	EPI_ISL_504596	EPI_ISL_504596	EPI_ISL_504596	EPI_ISL_504596	EPI_ISL_504596	EPI_ISL_504596	EPI_ISL_504596
A/swine/Bielefeld/6033/2007	EPI_ISL_504614	EPI_ISL_504614	EPI_ISL_504614	EPI_ISL_504614	EPI_ISL_504614	EPI_ISL_504614	EPI_ISL_504614	EPI_ISL_504614
A/swine/Bocholt/5533/2006	EPI_ISL_504595	EPI_ISL_504595	EPI_ISL_504595	EPI_ISL_504595	EPI_ISL_504595	EPI_ISL_504595	EPI_ISL_504595	EPI_ISL_504595
A/swine/Suedlohn/5508/2006	EPI_ISL_504594	EPI_ISL_504594	EPI_ISL_504594	EPI_ISL_504594	EPI_ISL_504594	EPI_ISL_504594	EPI_ISL_504594	EPI_ISL_504594
A/swine/Ortensburg/5144/2006	EPI_ISL_504593	EPI_ISL_504593	EPI_ISL_504593	EPI_ISL_504593	EPI_ISL_504593	EPI_ISL_504593	EPI_ISL_504593	EPI_ISL_504593
A/swine/Steinhorst/5129/2006	EPI_ISL_504592	EPI_ISL_504592	EPI_ISL_504592	EPI_ISL_504592	EPI_ISL_504592	EPI_ISL_504592	EPI_ISL_504592	EPI_ISL_504592
A/swine/Schloss_Holte/5647/2006	EPI_ISL_504607	EPI_ISL_504607	EPI_ISL_504607	EPI_ISL_504607	EPI_ISL_504607	EPI_ISL_504607	EPI_ISL_504607	EPI_ISL_504607
A/swine/Feldbach/5625/2006	EPI_ISL_504606	EPI_ISL_504606	EPI_ISL_504606	EPI_ISL_504606	EPI_ISL_504606	EPI_ISL_504606	EPI_ISL_504606	EPI_ISL_504606
A/swine/Rotthalmuenster/5616/2006	EPI_ISL_504605	EPI_ISL_504605	EPI_ISL_504605	EPI_ISL_504605	EPI_ISL_504605	EPI_ISL_504605	EPI_ISL_504605	EPI_ISL_504605
A/swine/Gueterlsoh/5610/2006	EPI_ISL_504604	EPI_ISL_504604	EPI_ISL_504604	EPI_ISL_504604	EPI_ISL_504604	EPI_ISL_504604	EPI_ISL_504604	EPI_ISL_504604
A/swine/Balve/5603/2006	EPI_ISL_504602	EPI_ISL_504602	EPI_ISL_504602	EPI_ISL_504602	EPI_ISL_504602	EPI_ISL_504602	EPI_ISL_504602	EPI_ISL_504602
A/swine/Ostercappeln/5553/2006	EPI_ISL_504601	EPI_ISL_504601	EPI_ISL_504601	EPI_ISL_504601	EPI_ISL_504601	EPI_ISL_504601	EPI_ISL_504601	EPI_ISL_504601
A/swine/Altenaffeln/5551/2006	EPI_ISL_504600	EPI_ISL_504600	EPI_ISL_504600	EPI_ISL_504600	EPI_ISL_504600	EPI_ISL_504600	EPI_ISL_504600	EPI_ISL_504600
A/swine/Lichtenau/5045/2006	EPI_ISL_504589	EPI_ISL_504589	EPI_ISL_504589	EPI_ISL_504589	EPI_ISL_504589	EPI_ISL_504589	EPI_ISL_504589	EPI_ISL_504589
A/swine/Twistringen/6991/2008	EPI_ISL_504638	EPI_ISL_504638	EPI_ISL_504638	EPI_ISL_504638	EPI_ISL_504638	EPI_ISL_504638	EPI_ISL_504638	EPI_ISL_504638
A/swine/Soest/6948/2008	EPI_ISL_504636	EPI_ISL_504636	EPI_ISL_504636	EPI_ISL_504636	EPI_ISL_504636	EPI_ISL_504636	EPI_ISL_504636	EPI_ISL_504636
A/swine/Spenge/7616/2008	EPI_ISL_504653	EPI_ISL_504653	EPI_ISL_504653	EPI_ISL_504653	EPI_ISL_504653	EPI_ISL_504653	EPI_ISL_504653	EPI_ISL_504653
A/swine/Denmark/20-03199-3/2020	EPI_ISL_19751526	EPI_ISL_19751526	EPI_ISL_19751526	EPI_ISL_19751526	EPI_ISL_19751526	EPI_ISL_19751526	EPI_ISL_19751526	EPI_ISL_19751526
A/swine/Melle/7590/2008	EPI_ISL_504652	EPI_ISL_504652	EPI_ISL_504652	EPI_ISL_504652	EPI_ISL_504652	EPI_ISL_504652	EPI_ISL_504652	EPI_ISL_504652
A/swine/Meppen/7555/2008	EPI_ISL_504651	EPI_ISL_504651	EPI_ISL_504651	EPI_ISL_504651	EPI_ISL_504651	EPI_ISL_504651	EPI_ISL_504651	EPI_ISL_504651
A/swine/Pocking/7498/2008	EPI_ISL_504650	EPI_ISL_504650	EPI_ISL_504650	EPI_ISL_504650	EPI_ISL_504650	EPI_ISL_504650	EPI_ISL_504650	EPI_ISL_504650
A/swine/Denmark/20-02921-1/2020	EPI_ISL_19751523	EPI_ISL_19751523	EPI_ISL_19751523	EPI_ISL_19751523	EPI_ISL_19751523	EPI_ISL_19751523	EPI_ISL_19751523	EPI_ISL_19751523
A/swine/Malching/7497/2008	EPI_ISL_504649	EPI_ISL_504649	EPI_ISL_504649	EPI_ISL_504649	EPI_ISL_504649	EPI_ISL_504649	EPI_ISL_504649	EPI_ISL_504649
A/swine/Harsefeld/7490/2008	EPI_ISL_504648	EPI_ISL_504648	EPI_ISL_504648	EPI_ISL_504648	EPI_ISL_504648	EPI_ISL_504648	EPI_ISL_504648	EPI_ISL_504648
A/swine/Denmark/19-S1573-2/2019	EPI_ISL_19751549	EPI_ISL_19751549	EPI_ISL_19751549	EPI_ISL_19751549	EPI_ISL_19751549	EPI_ISL_19751549	EPI_ISL_19751549	EPI_ISL_19751549
A/swine/Berge/8685/2009	EPI_ISL_504663	EPI_ISL_504663	EPI_ISL_504663	EPI_ISL_504663	EPI_ISL_504663	EPI_ISL_504663	EPI_ISL_504663	EPI_ISL_504663
A/swine/Denmark/20-03271-5/2020	EPI_ISL_19751527	EPI_ISL_19751527	EPI_ISL_19751527	EPI_ISL_19751527	EPI_ISL_19751527	EPI_ISL_19751527	EPI_ISL_19751527	EPI_ISL_19751527
A/swine/Denmark/20-02695-2/2020	EPI_ISL_19751548	EPI_ISL_19751548	EPI_ISL_19751548	EPI_ISL_19751548	EPI_ISL_19751548	EPI_ISL_19751548	EPI_ISL_19751548	EPI_ISL_19751548
A/swine/Denmark/19-1556-4/2019	EPI_ISL_19751551	EPI_ISL_19751551	EPI_ISL_19751551	EPI_ISL_19751551	EPI_ISL_19751551	EPI_ISL_19751551	EPI_ISL_19751551	EPI_ISL_19751551
A/swine/Wittmund/8498/2009	EPI_ISL_504661	EPI_ISL_504661	EPI_ISL_504661	EPI_ISL_504661	EPI_ISL_504661	EPI_ISL_504661	EPI_ISL_504661	EPI_ISL_504661
A/swine/Denmark/19-02142-2/2019	EPI_ISL_19751550	EPI_ISL_19751550	EPI_ISL_19751550	EPI_ISL_19751550	EPI_ISL_19751550	EPI_ISL_19751550	EPI_ISL_19751550	EPI_ISL_19751550
A/swine/Poland/Y1/2008	EPI_ISL_504660	EPI_ISL_504660	EPI_ISL_504660	EPI_ISL_504660	EPI_ISL_504660	EPI_ISL_504660	EPI_ISL_504660	EPI_ISL_504660
A/swine/Denmark/20-S04187-3/2020	EPI_ISL_19751545	EPI_ISL_19751545	EPI_ISL_19751545	EPI_ISL_19751545	EPI_ISL_19751545	EPI_ISL_19751545	EPI_ISL_19751545	EPI_ISL_19751545
A/swine/France/22-190491/2019	EPI_ISL_9589702	EPI_ISL_9589702	EPI_ISL_9589702	EPI_ISL_9589702	EPI_ISL_9589702	EPI_ISL_9589702	EPI_ISL_9589702	EPI_ISL_9589702
A/swine/Freren/8297a/2008	EPI_ISL_504659	EPI_ISL_504659	EPI_ISL_504659	EPI_ISL_504659	EPI_ISL_504659	EPI_ISL_504659	EPI_ISL_504659	EPI_ISL_504659
A/swine/Emstek/8155/2008	EPI_ISL_504658	EPI_ISL_504658	EPI_ISL_504658	EPI_ISL_504658	EPI_ISL_504658	EPI_ISL_504658	EPI_ISL_504658	EPI_ISL_504658
A/swine/Denmark/20-S04292-4/2020	EPI_ISL_19751547	EPI_ISL_19751547	EPI_ISL_19751547	EPI_ISL_19751547	EPI_ISL_19751547	EPI_ISL_19751547	EPI_ISL_19751547	EPI_ISL_19751547
A/swine/Wetschen/7847/2008	EPI_ISL_504657	EPI_ISL_504657	EPI_ISL_504657	EPI_ISL_504657	EPI_ISL_504657	EPI_ISL_504657	EPI_ISL_504657	EPI_ISL_504657
A/swine/Feldbach/8647/2009	EPI_ISL_504662	EPI_ISL_504662	EPI_ISL_504662	EPI_ISL_504662	EPI_ISL_504662	EPI_ISL_504662	EPI_ISL_504662	EPI_ISL_504662
A/swine/Vreden/6986/2008	EPI_ISL_504637	EPI_ISL_504637	EPI_ISL_504637	EPI_ISL_504637	EPI_ISL_504637	EPI_ISL_504637	EPI_ISL_504637	EPI_ISL_504637
A/swine/Doetlingen/7655/2008	EPI_ISL_504654	EPI_ISL_504654	EPI_ISL_504654	EPI_ISL_504654	EPI_ISL_504654	EPI_ISL_504654	EPI_ISL_504654	EPI_ISL_504654
A/swine/Diemelstadt/7814/2008	EPI_ISL_504655	EPI_ISL_504655	EPI_ISL_504655	EPI_ISL_504655	EPI_ISL_504655	EPI_ISL_504655	EPI_ISL_504655	EPI_ISL_504655
A/swine/Denmark/21S_09031_3/2020	EPI_ISL_19751446	EPI_ISL_19751446	EPI_ISL_19751446	EPI_ISL_19751446	EPI_ISL_19751446	EPI_ISL_19751446	EPI_ISL_19751446	EPI_ISL_19751446
A/swine/Hornstorf/6849/2008	EPI_ISL_504635	EPI_ISL_504635	EPI_ISL_504635	EPI_ISL_504635	EPI_ISL_504635	EPI_ISL_504635	EPI_ISL_504635	EPI_ISL_504635
A/swine/Emtinghausen/6821/2008	EPI_ISL_504634	EPI_ISL_504634	EPI_ISL_504634	EPI_ISL_504634	EPI_ISL_504634	EPI_ISL_504634	EPI_ISL_504634	EPI_ISL_504634
A/swine/Steinau/6818/2008	EPI_ISL_504633	EPI_ISL_504633	EPI_ISL_504633	EPI_ISL_504633	EPI_ISL_504633	EPI_ISL_504633	EPI_ISL_504633	EPI_ISL_504633
A/swine/Minden-Luebbecke/6810/2008	EPI_ISL_504632	EPI_ISL_504632	EPI_ISL_504632	EPI_ISL_504632	EPI_ISL_504632	EPI_ISL_504632	EPI_ISL_504632	EPI_ISL_504632
A/swine/Denmark/20-4071-5/2020	EPI_ISL_19751533	EPI_ISL_19751533	EPI_ISL_19751533	EPI_ISL_19751533	EPI_ISL_19751533	EPI_ISL_19751533	EPI_ISL_19751533	EPI_ISL_19751533
A/swine/Horneburg/7489/2008	EPI_ISL_504647	EPI_ISL_504647	EPI_ISL_504647	EPI_ISL_504647	EPI_ISL_504647	EPI_ISL_504647	EPI_ISL_504647	EPI_ISL_504647
A/swine/Denmark/20-3955-1/2020	EPI_ISL_19751532	EPI_ISL_19751532	EPI_ISL_19751532	EPI_ISL_19751532	EPI_ISL_19751532	EPI_ISL_19751532	EPI_ISL_19751532	EPI_ISL_19751532
A/swine/France/22-200009-2/2019	EPI_ISL_19677805	EPI_ISL_19677805	EPI_ISL_19677805	EPI_ISL_19677805	EPI_ISL_19677805	EPI_ISL_19677805	EPI_ISL_19677805	EPI_ISL_19677805
A/swine/Brakel/7488a/2008	EPI_ISL_504646	EPI_ISL_504646	EPI_ISL_504646	EPI_ISL_504646	EPI_ISL_504646	EPI_ISL_504646	EPI_ISL_504646	EPI_ISL_504646
A/swine/Denmark/20-02980-4/2020	EPI_ISL_19751524	EPI_ISL_19751524	EPI_ISL_19751524	EPI_ISL_19751524	EPI_ISL_19751524	EPI_ISL_19751524	EPI_ISL_19751524	EPI_ISL_19751524
A/swine/Denmark/20-4761-5/2020	EPI_ISL_19751535	EPI_ISL_19751535	EPI_ISL_19751535	EPI_ISL_19751535	EPI_ISL_19751535	EPI_ISL_19751535	EPI_ISL_19751535	EPI_ISL_19751535
A/swine/Denmark/20-4127-2/2020	EPI_ISL_19751534	EPI_ISL_19751534	EPI_ISL_19751534	EPI_ISL_19751534	EPI_ISL_19751534	EPI_ISL_19751534	EPI_ISL_19751534	EPI_ISL_19751534
A/swine/Klosterseelte/7129/2008	EPI_ISL_504644	EPI_ISL_504644	EPI_ISL_504644	EPI_ISL_504644	EPI_ISL_504644	EPI_ISL_504644	EPI_ISL_504644	EPI_ISL_504644
A/swine/Denmark/20-3343-3/2020	EPI_ISL_19751529	EPI_ISL_19751529	EPI_ISL_19751529	EPI_ISL_19751529	EPI_ISL_19751529	EPI_ISL_19751529	EPI_ISL_19751529	EPI_ISL_19751529
A/swine/Uelzen/7066/2008	EPI_ISL_504643	EPI_ISL_504643	EPI_ISL_504643	EPI_ISL_504643	EPI_ISL_504643	EPI_ISL_504643	EPI_ISL_504643	EPI_ISL_504643
A/swine/Denmark/20-04349-3/2020	EPI_ISL_19751528	EPI_ISL_19751528	EPI_ISL_19751528	EPI_ISL_19751528	EPI_ISL_19751528	EPI_ISL_19751528	EPI_ISL_19751528	EPI_ISL_19751528
A/swine/Heiden/7064/2008	EPI_ISL_504642	EPI_ISL_504642	EPI_ISL_504642	EPI_ISL_504642	EPI_ISL_504642	EPI_ISL_504642	EPI_ISL_504642	EPI_ISL_504642
A/swine/Denmark/20-3711-1/2020	EPI_ISL_19751531	EPI_ISL_19751531	EPI_ISL_19751531	EPI_ISL_19751531	EPI_ISL_19751531	EPI_ISL_19751531	EPI_ISL_19751531	EPI_ISL_19751531
A/swine/Twistringen/7044/2008	EPI_ISL_504641	EPI_ISL_504641	EPI_ISL_504641	EPI_ISL_504641	EPI_ISL_504641	EPI_ISL_504641	EPI_ISL_504641	EPI_ISL_504641
A/swine/Denmark/20-3710-1/2020	EPI_ISL_19751530	EPI_ISL_19751530	EPI_ISL_19751530	EPI_ISL_19751530	EPI_ISL_19751530	EPI_ISL_19751530	EPI_ISL_19751530	EPI_ISL_19751530
A/swine/Homberg/7039/2008	EPI_ISL_504640	EPI_ISL_504640	EPI_ISL_504640	EPI_ISL_504640	EPI_ISL_504640	EPI_ISL_504640	EPI_ISL_504640	EPI_ISL_504640
A/swine/Dinklage/7240/2008	EPI_ISL_504645	EPI_ISL_504645	EPI_ISL_504645	EPI_ISL_504645	EPI_ISL_504645	EPI_ISL_504645	EPI_ISL_504645	EPI_ISL_504645
A/swine/Nordkirchen/5062/2006	EPI_ISL_504590	EPI_ISL_504590	EPI_ISL_504590	EPI_ISL_504590	EPI_ISL_504590	EPI_ISL_504590	EPI_ISL_504590	EPI_ISL_504590
A/swine/Holzheim/5102/2006	EPI_ISL_504591	EPI_ISL_504591	EPI_ISL_504591	EPI_ISL_504591	EPI_ISL_504591	EPI_ISL_504591	EPI_ISL_504591	EPI_ISL_504591
A/swine/Rotthalmuenster/4564/2005	EPI_ISL_504576	EPI_ISL_504576	EPI_ISL_504576	EPI_ISL_504576	EPI_ISL_504576	EPI_ISL_504576	EPI_ISL_504576	EPI_ISL_504576
A/swine/Norway/02_11342/2009	EPI_ISL_103101	EPI_ISL_103101	EPI_ISL_103101	EPI_ISL_103101	EPI_ISL_103101	EPI_ISL_103101	EPI_ISL_103101	EPI_ISL_103101
A/swine/Doetlingen/IDT4735/2005	EPI_ISL_12995	EPI_ISL_12995	EPI_ISL_12995	EPI_ISL_12995	EPI_ISL_12995	EPI_ISL_12995	EPI_ISL_12995	EPI_ISL_12995
A/swine/Cloppenburg/IDT4777/2005	EPI_ISL_12996	EPI_ISL_12996	EPI_ISL_12996	EPI_ISL_12996	EPI_ISL_12996	EPI_ISL_12996	EPI_ISL_12996	EPI_ISL_12996
A/swine/Spain/50267/2019	EPI_ISL_9593378	EPI_ISL_9593378	EPI_ISL_9593378	EPI_ISL_9593378	EPI_ISL_9593378	EPI_ISL_9593378	EPI_ISL_9593378	EPI_ISL_9593378
A/swine/Spain/45700/2019	EPI_ISL_9593379	EPI_ISL_9593379	EPI_ISL_9593379	EPI_ISL_9593379	EPI_ISL_9593379	EPI_ISL_9593379	EPI_ISL_9593379	EPI_ISL_9593379
A/swine/Spain/06001/2019	EPI_ISL_9593377	EPI_ISL_9593377	EPI_ISL_9593377	EPI_ISL_9593377	EPI_ISL_9593377	EPI_ISL_9593377	EPI_ISL_9593377	EPI_ISL_9593377
A/swine/Spain/40240/2019	EPI_ISL_9593381	EPI_ISL_9593381	EPI_ISL_9593381	EPI_ISL_9593381	EPI_ISL_9593381	EPI_ISL_9593381	EPI_ISL_9593381	EPI_ISL_9593381
A/swine/Osnabrueck/4440/2005	EPI_ISL_504574	EPI_ISL_504574	EPI_ISL_504574	EPI_ISL_504574	EPI_ISL_504574	EPI_ISL_504574	EPI_ISL_504574	EPI_ISL_504574
A/swine/Bocholt/4414/2005	EPI_ISL_504573	EPI_ISL_504573	EPI_ISL_504573	EPI_ISL_504573	EPI_ISL_504573	EPI_ISL_504573	EPI_ISL_504573	EPI_ISL_504573
A/swine/Grossharie/4372/2005	EPI_ISL_504572	EPI_ISL_504572	EPI_ISL_504572	EPI_ISL_504572	EPI_ISL_504572	EPI_ISL_504572	EPI_ISL_504572	EPI_ISL_504572
A/swine/Wenzendorf/4353/2005	EPI_ISL_504571	EPI_ISL_504571	EPI_ISL_504571	EPI_ISL_504571	EPI_ISL_504571	EPI_ISL_504571	EPI_ISL_504571	EPI_ISL_504571
A/swine/Zeitlarn/4287/2005	EPI_ISL_504570	EPI_ISL_504570	EPI_ISL_504570	EPI_ISL_504570	EPI_ISL_504570	EPI_ISL_504570	EPI_ISL_504570	EPI_ISL_504570
A/swine/Nordhorn/4277/2005	EPI_ISL_504569	EPI_ISL_504569	EPI_ISL_504569	EPI_ISL_504569	EPI_ISL_504569	EPI_ISL_504569	EPI_ISL_504569	EPI_ISL_504569
A/swine/Oldinghausen/4256/2005	EPI_ISL_504568	EPI_ISL_504568	EPI_ISL_504568	EPI_ISL_504568	EPI_ISL_504568	EPI_ISL_504568	EPI_ISL_504568	EPI_ISL_504568
A/swine/Italy/14-3499-28/2014	EPI_ISL_19698220	EPI_ISL_19698220	EPI_ISL_19698220	EPI_ISL_19698220	EPI_ISL_19698220	EPI_ISL_19698220	EPI_ISL_19698220	EPI_ISL_19698220
A/swine/Laar/4772/2005	EPI_ISL_504583	EPI_ISL_504583	EPI_ISL_504583	EPI_ISL_504583	EPI_ISL_504583	EPI_ISL_504583	EPI_ISL_504583	EPI_ISL_504583
A/swine/Engelsberg/4721/2005	EPI_ISL_504582	EPI_ISL_504582	EPI_ISL_504582	EPI_ISL_504582	EPI_ISL_504582	EPI_ISL_504582	EPI_ISL_504582	EPI_ISL_504582
A/swine/Haren/4509/2005	EPI_ISL_504575	EPI_ISL_504575	EPI_ISL_504575	EPI_ISL_504575	EPI_ISL_504575	EPI_ISL_504575	EPI_ISL_504575	EPI_ISL_504575
A/swine/Italy/19-59120-13/2019	EPI_ISL_19698223	EPI_ISL_19698223	EPI_ISL_19698223	EPI_ISL_19698223	EPI_ISL_19698223	EPI_ISL_19698223	EPI_ISL_19698223	EPI_ISL_19698223
A/swine/Hemmoor/4674/2005	EPI_ISL_504580	EPI_ISL_504580	EPI_ISL_504580	EPI_ISL_504580	EPI_ISL_504580	EPI_ISL_504580	EPI_ISL_504580	EPI_ISL_504580
A/swine/Germany/AR1670/2014	EPI_ISL_303879	EPI_ISL_303879	EPI_ISL_303879	EPI_ISL_303879	EPI_ISL_303879	EPI_ISL_303879	EPI_ISL_303879	EPI_ISL_303879
A/swine/Italy/13-166853-65/2013	EPI_ISL_19698216	EPI_ISL_19698216	EPI_ISL_19698216	EPI_ISL_19698216	EPI_ISL_19698216	EPI_ISL_19698216	EPI_ISL_19698216	EPI_ISL_19698216
A/swine/Krerensen/4662/2005	EPI_ISL_504579	EPI_ISL_504579	EPI_ISL_504579	EPI_ISL_504579	EPI_ISL_504579	EPI_ISL_504579	EPI_ISL_504579	EPI_ISL_504579
A/swine/Italy/14-3494-2/2014	EPI_ISL_19698217	EPI_ISL_19698217	EPI_ISL_19698217	EPI_ISL_19698217	EPI_ISL_19698217	EPI_ISL_19698217	EPI_ISL_19698217	EPI_ISL_19698217
A/swine/Visbek/4656/2005	EPI_ISL_504578	EPI_ISL_504578	EPI_ISL_504578	EPI_ISL_504578	EPI_ISL_504578	EPI_ISL_504578	EPI_ISL_504578	EPI_ISL_504578
A/swine/Italy/14-3494-3/2014	EPI_ISL_19698218	EPI_ISL_19698218	EPI_ISL_19698218	EPI_ISL_19698218	EPI_ISL_19698218	EPI_ISL_19698218	EPI_ISL_19698218	EPI_ISL_19698218
A/swine/Wenzendorf/4584/2005	EPI_ISL_504577	EPI_ISL_504577	EPI_ISL_504577	EPI_ISL_504577	EPI_ISL_504577	EPI_ISL_504577	EPI_ISL_504577	EPI_ISL_504577
A/swine/Italy/14-3499-21/2014	EPI_ISL_19698219	EPI_ISL_19698219	EPI_ISL_19698219	EPI_ISL_19698219	EPI_ISL_19698219	EPI_ISL_19698219	EPI_ISL_19698219	EPI_ISL_19698219
A/swine/Haseluenne/4709/2005	EPI_ISL_504581	EPI_ISL_504581	EPI_ISL_504581	EPI_ISL_504581	EPI_ISL_504581	EPI_ISL_504581	EPI_ISL_504581	EPI_ISL_504581
A/swine/Kneheim/3066/2004	EPI_ISL_504560	EPI_ISL_504560	EPI_ISL_504560	EPI_ISL_504560	EPI_ISL_504560	EPI_ISL_504560	EPI_ISL_504560	EPI_ISL_504560
A/swine/Rheda-Wiedenbrueck/4205/2005	EPI_ISL_504565	EPI_ISL_504565	EPI_ISL_504565	EPI_ISL_504565	EPI_ISL_504565	EPI_ISL_504565	EPI_ISL_504565	EPI_ISL_504565
A/swine/Passau/4207/2005	EPI_ISL_504566	EPI_ISL_504566	EPI_ISL_504566	EPI_ISL_504566	EPI_ISL_504566	EPI_ISL_504566	EPI_ISL_504566	EPI_ISL_504566
A/swine/Beienrode/3053/2004	EPI_ISL_504559	EPI_ISL_504559	EPI_ISL_504559	EPI_ISL_504559	EPI_ISL_504559	EPI_ISL_504559	EPI_ISL_504559	EPI_ISL_504559
A/swine/Gablingen/2998/2004	EPI_ISL_504558	EPI_ISL_504558	EPI_ISL_504558	EPI_ISL_504558	EPI_ISL_504558	EPI_ISL_504558	EPI_ISL_504558	EPI_ISL_504558
A/swine/Bad_Rothenfelde/4255/2005	EPI_ISL_504567	EPI_ISL_504567	EPI_ISL_504567	EPI_ISL_504567	EPI_ISL_504567	EPI_ISL_504567	EPI_ISL_504567	EPI_ISL_504567
A/swine/Denmark/20-02698-3/2020	EPI_ISL_19751546	EPI_ISL_19751546	EPI_ISL_19751546	EPI_ISL_19751546	EPI_ISL_19751546	EPI_ISL_19751546	EPI_ISL_19751546	EPI_ISL_19751546
A/swine/Melle/7831/2008	EPI_ISL_504656	EPI_ISL_504656	EPI_ISL_504656	EPI_ISL_504656	EPI_ISL_504656	EPI_ISL_504656	EPI_ISL_504656	EPI_ISL_504656
A/swine/Denmark/20-8654-4/2020	EPI_ISL_19751541	EPI_ISL_19751541	EPI_ISL_19751541	EPI_ISL_19751541	EPI_ISL_19751541	EPI_ISL_19751541	EPI_ISL_19751541	EPI_ISL_19751541
A/swine/Niebuell/9201-1/2009	EPI_ISL_504671	EPI_ISL_504671	EPI_ISL_504671	EPI_ISL_504671	EPI_ISL_504671	EPI_ISL_504671	EPI_ISL_504671	EPI_ISL_504671
A/swine/Lohne/13624/2011	EPI_ISL_504745	EPI_ISL_504745	EPI_ISL_504745	EPI_ISL_504745	EPI_ISL_504745	EPI_ISL_504745	EPI_ISL_504745	EPI_ISL_504745
A/swine/Denmark/19-50060-3/2019	EPI_ISL_19751554	EPI_ISL_19751554	EPI_ISL_19751554	EPI_ISL_19751554	EPI_ISL_19751554	EPI_ISL_19751554	EPI_ISL_19751554	EPI_ISL_19751554
A/swine/Erwitte/13614/2011	EPI_ISL_504744	EPI_ISL_504744	EPI_ISL_504744	EPI_ISL_504744	EPI_ISL_504744	EPI_ISL_504744	EPI_ISL_504744	EPI_ISL_504744
A/swine/Denmark/20_08948_2/2020	EPI_ISL_19751581	EPI_ISL_19751581	EPI_ISL_19751581	EPI_ISL_19751581	EPI_ISL_19751581	EPI_ISL_19751581	EPI_ISL_19751581	EPI_ISL_19751581
A/swine/Gossau/14060-1/2011	EPI_ISL_504759	EPI_ISL_504759	EPI_ISL_504759	EPI_ISL_504759	EPI_ISL_504759	EPI_ISL_504759	EPI_ISL_504759	EPI_ISL_504759
A/swine/Denmark/20_08797_4/2020	EPI_ISL_19751580	EPI_ISL_19751580	EPI_ISL_19751580	EPI_ISL_19751580	EPI_ISL_19751580	EPI_ISL_19751580	EPI_ISL_19751580	EPI_ISL_19751580
A/swine/Lohne/13895/2011	EPI_ISL_504758	EPI_ISL_504758	EPI_ISL_504758	EPI_ISL_504758	EPI_ISL_504758	EPI_ISL_504758	EPI_ISL_504758	EPI_ISL_504758
A/swine/Denmark/20_09904_3/2020	EPI_ISL_19751583	EPI_ISL_19751583	EPI_ISL_19751583	EPI_ISL_19751583	EPI_ISL_19751583	EPI_ISL_19751583	EPI_ISL_19751583	EPI_ISL_19751583
A/swine/Ankum/13894/2011	EPI_ISL_504757	EPI_ISL_504757	EPI_ISL_504757	EPI_ISL_504757	EPI_ISL_504757	EPI_ISL_504757	EPI_ISL_504757	EPI_ISL_504757
A/swine/Germany/R1738/2010	EPI_ISL_222129	EPI_ISL_222129	EPI_ISL_222129	EPI_ISL_222129	EPI_ISL_222129	EPI_ISL_222129	EPI_ISL_222129	EPI_ISL_222129
A/swine/Denmark/19-50110-1/2019	EPI_ISL_19751555	EPI_ISL_19751555	EPI_ISL_19751555	EPI_ISL_19751555	EPI_ISL_19751555	EPI_ISL_19751555	EPI_ISL_19751555	EPI_ISL_19751555
A/swine/Denmark/20_09902_5/2020	EPI_ISL_19751582	EPI_ISL_19751582	EPI_ISL_19751582	EPI_ISL_19751582	EPI_ISL_19751582	EPI_ISL_19751582	EPI_ISL_19751582	EPI_ISL_19751582
A/swine/Denmark/20_07567_3/2020	EPI_ISL_19751577	EPI_ISL_19751577	EPI_ISL_19751577	EPI_ISL_19751577	EPI_ISL_19751577	EPI_ISL_19751577	EPI_ISL_19751577	EPI_ISL_19751577
A/swine/Viersen/13836/2011	EPI_ISL_504755	EPI_ISL_504755	EPI_ISL_504755	EPI_ISL_504755	EPI_ISL_504755	EPI_ISL_504755	EPI_ISL_504755	EPI_ISL_504755
A/swine/Denmark/20-S05108-1/2020	EPI_ISL_19751576	EPI_ISL_19751576	EPI_ISL_19751576	EPI_ISL_19751576	EPI_ISL_19751576	EPI_ISL_19751576	EPI_ISL_19751576	EPI_ISL_19751576
A/swine/Georgsmarienhuette/13824-2/2011	EPI_ISL_504754	EPI_ISL_504754	EPI_ISL_504754	EPI_ISL_504754	EPI_ISL_504754	EPI_ISL_504754	EPI_ISL_504754	EPI_ISL_504754
A/swine/Denmark/20_08172_3/2020	EPI_ISL_19751579	EPI_ISL_19751579	EPI_ISL_19751579	EPI_ISL_19751579	EPI_ISL_19751579	EPI_ISL_19751579	EPI_ISL_19751579	EPI_ISL_19751579
A/swine/Heiden/13820/2011	EPI_ISL_504753	EPI_ISL_504753	EPI_ISL_504753	EPI_ISL_504753	EPI_ISL_504753	EPI_ISL_504753	EPI_ISL_504753	EPI_ISL_504753
A/swine/Denmark/20_07900_1/2020	EPI_ISL_19751578	EPI_ISL_19751578	EPI_ISL_19751578	EPI_ISL_19751578	EPI_ISL_19751578	EPI_ISL_19751578	EPI_ISL_19751578	EPI_ISL_19751578
A/swine/Vechta/13789/2011	EPI_ISL_504752	EPI_ISL_504752	EPI_ISL_504752	EPI_ISL_504752	EPI_ISL_504752	EPI_ISL_504752	EPI_ISL_504752	EPI_ISL_504752
A/swine/Denmark/20-02522-2/2020	EPI_ISL_19751573	EPI_ISL_19751573	EPI_ISL_19751573	EPI_ISL_19751573	EPI_ISL_19751573	EPI_ISL_19751573	EPI_ISL_19751573	EPI_ISL_19751573
A/swine/Celle/14169/2011	EPI_ISL_504767	EPI_ISL_504767	EPI_ISL_504767	EPI_ISL_504767	EPI_ISL_504767	EPI_ISL_504767	EPI_ISL_504767	EPI_ISL_504767
A/swine/Sittensen/13857-3/2011	EPI_ISL_504756	EPI_ISL_504756	EPI_ISL_504756	EPI_ISL_504756	EPI_ISL_504756	EPI_ISL_504756	EPI_ISL_504756	EPI_ISL_504756
A/swine/Denmark/19-S02229-3/2019	EPI_ISL_19751572	EPI_ISL_19751572	EPI_ISL_19751572	EPI_ISL_19751572	EPI_ISL_19751572	EPI_ISL_19751572	EPI_ISL_19751572	EPI_ISL_19751572
A/swine/Norden/13638/2011	EPI_ISL_504746	EPI_ISL_504746	EPI_ISL_504746	EPI_ISL_504746	EPI_ISL_504746	EPI_ISL_504746	EPI_ISL_504746	EPI_ISL_504746
A/swine/Garrel/13676/2011	EPI_ISL_504747	EPI_ISL_504747	EPI_ISL_504747	EPI_ISL_504747	EPI_ISL_504747	EPI_ISL_504747	EPI_ISL_504747	EPI_ISL_504747
A/swine/Denmark/19-S01971-4/2019	EPI_ISL_19751567	EPI_ISL_19751567	EPI_ISL_19751567	EPI_ISL_19751567	EPI_ISL_19751567	EPI_ISL_19751567	EPI_ISL_19751567	EPI_ISL_19751567
A/swine/Lohne/13474/2011	EPI_ISL_504741	EPI_ISL_504741	EPI_ISL_504741	EPI_ISL_504741	EPI_ISL_504741	EPI_ISL_504741	EPI_ISL_504741	EPI_ISL_504741
A/swine/Denmark/19-S01969-3/2019	EPI_ISL_19751566	EPI_ISL_19751566	EPI_ISL_19751566	EPI_ISL_19751566	EPI_ISL_19751566	EPI_ISL_19751566	EPI_ISL_19751566	EPI_ISL_19751566
A/swine/Bakum/13456/2011	EPI_ISL_504740	EPI_ISL_504740	EPI_ISL_504740	EPI_ISL_504740	EPI_ISL_504740	EPI_ISL_504740	EPI_ISL_504740	EPI_ISL_504740
A/swine/Warstein/13455/2011	EPI_ISL_504739	EPI_ISL_504739	EPI_ISL_504739	EPI_ISL_504739	EPI_ISL_504739	EPI_ISL_504739	EPI_ISL_504739	EPI_ISL_504739
A/swine/Denmark/19-50450-1/2019	EPI_ISL_19751560	EPI_ISL_19751560	EPI_ISL_19751560	EPI_ISL_19751560	EPI_ISL_19751560	EPI_ISL_19751560	EPI_ISL_19751560	EPI_ISL_19751560
A/swine/Norden/13236-2/2011	EPI_ISL_504738	EPI_ISL_504738	EPI_ISL_504738	EPI_ISL_504738	EPI_ISL_504738	EPI_ISL_504738	EPI_ISL_504738	EPI_ISL_504738
A/swine/Denmark/19-50507-1/2019	EPI_ISL_19751563	EPI_ISL_19751563	EPI_ISL_19751563	EPI_ISL_19751563	EPI_ISL_19751563	EPI_ISL_19751563	EPI_ISL_19751563	EPI_ISL_19751563
A/swine/Norden/13225-1/2011	EPI_ISL_504737	EPI_ISL_504737	EPI_ISL_504737	EPI_ISL_504737	EPI_ISL_504737	EPI_ISL_504737	EPI_ISL_504737	EPI_ISL_504737
A/swine/Denmark/19-50498-2/2019	EPI_ISL_19751562	EPI_ISL_19751562	EPI_ISL_19751562	EPI_ISL_19751562	EPI_ISL_19751562	EPI_ISL_19751562	EPI_ISL_19751562	EPI_ISL_19751562
A/swine/Denmark/19-1695-4/2019	EPI_ISL_19751552	EPI_ISL_19751552	EPI_ISL_19751552	EPI_ISL_19751552	EPI_ISL_19751552	EPI_ISL_19751552	EPI_ISL_19751552	EPI_ISL_19751552
A/swine/Geseke/13216/2011	EPI_ISL_504736	EPI_ISL_504736	EPI_ISL_504736	EPI_ISL_504736	EPI_ISL_504736	EPI_ISL_504736	EPI_ISL_504736	EPI_ISL_504736
A/swine/Steinfeld/13785/2011	EPI_ISL_504751	EPI_ISL_504751	EPI_ISL_504751	EPI_ISL_504751	EPI_ISL_504751	EPI_ISL_504751	EPI_ISL_504751	EPI_ISL_504751
A/swine/Denmark/19-50241-1/2019	EPI_ISL_19751556	EPI_ISL_19751556	EPI_ISL_19751556	EPI_ISL_19751556	EPI_ISL_19751556	EPI_ISL_19751556	EPI_ISL_19751556	EPI_ISL_19751556
A/swine/Bothenheilingen/13765-3/2011	EPI_ISL_504750	EPI_ISL_504750	EPI_ISL_504750	EPI_ISL_504750	EPI_ISL_504750	EPI_ISL_504750	EPI_ISL_504750	EPI_ISL_504750
A/swine/Denmark/19-50449-4/2019	EPI_ISL_19751559	EPI_ISL_19751559	EPI_ISL_19751559	EPI_ISL_19751559	EPI_ISL_19751559	EPI_ISL_19751559	EPI_ISL_19751559	EPI_ISL_19751559
A/swine/Steinfurt/13758/2011	EPI_ISL_504749	EPI_ISL_504749	EPI_ISL_504749	EPI_ISL_504749	EPI_ISL_504749	EPI_ISL_504749	EPI_ISL_504749	EPI_ISL_504749
A/swine/Netherlands/AR647/2015	EPI_ISL_304046	EPI_ISL_304046	EPI_ISL_304046	EPI_ISL_304046	EPI_ISL_304046	EPI_ISL_304046	EPI_ISL_304046	EPI_ISL_304046
A/swine/Denmark/19-50299-5/2019	EPI_ISL_19751558	EPI_ISL_19751558	EPI_ISL_19751558	EPI_ISL_19751558	EPI_ISL_19751558	EPI_ISL_19751558	EPI_ISL_19751558	EPI_ISL_19751558
A/swine/Hemmoor/13756/2011	EPI_ISL_504748	EPI_ISL_504748	EPI_ISL_504748	EPI_ISL_504748	EPI_ISL_504748	EPI_ISL_504748	EPI_ISL_504748	EPI_ISL_504748
A/swine/Denmark/19-50017-2/2019	EPI_ISL_19751553	EPI_ISL_19751553	EPI_ISL_19751553	EPI_ISL_19751553	EPI_ISL_19751553	EPI_ISL_19751553	EPI_ISL_19751553	EPI_ISL_19751553
A/swine/Denmark/19-50292-1/2019	EPI_ISL_19751557	EPI_ISL_19751557	EPI_ISL_19751557	EPI_ISL_19751557	EPI_ISL_19751557	EPI_ISL_19751557	EPI_ISL_19751557	EPI_ISL_19751557
A/swine/Buch/14162/2011	EPI_ISL_504766	EPI_ISL_504766	EPI_ISL_504766	EPI_ISL_504766	EPI_ISL_504766	EPI_ISL_504766	EPI_ISL_504766	EPI_ISL_504766
A/swine/Lohne/14134/2011	EPI_ISL_504765	EPI_ISL_504765	EPI_ISL_504765	EPI_ISL_504765	EPI_ISL_504765	EPI_ISL_504765	EPI_ISL_504765	EPI_ISL_504765
A/swine/Ankum/14132/2011	EPI_ISL_504764	EPI_ISL_504764	EPI_ISL_504764	EPI_ISL_504764	EPI_ISL_504764	EPI_ISL_504764	EPI_ISL_504764	EPI_ISL_504764
A/swine/Italy/15-114019-6/2015	EPI_ISL_4449162	EPI_ISL_4449162	EPI_ISL_4449162	EPI_ISL_4449162	EPI_ISL_4449162	EPI_ISL_4449162	EPI_ISL_4449162	EPI_ISL_4449162
A/swine/Ochtrup/14485-1/2011	EPI_ISL_504782	EPI_ISL_504782	EPI_ISL_504782	EPI_ISL_504782	EPI_ISL_504782	EPI_ISL_504782	EPI_ISL_504782	EPI_ISL_504782
A/swine/Italy/16-28766-15/2016	EPI_ISL_4449161	EPI_ISL_4449161	EPI_ISL_4449161	EPI_ISL_4449161	EPI_ISL_4449161	EPI_ISL_4449161	EPI_ISL_4449161	EPI_ISL_4449161
A/swine/Straelen/14460-2/2011	EPI_ISL_504781	EPI_ISL_504781	EPI_ISL_504781	EPI_ISL_504781	EPI_ISL_504781	EPI_ISL_504781	EPI_ISL_504781	EPI_ISL_504781
A/swine/Rheinberg/14457-1/2011	EPI_ISL_504780	EPI_ISL_504780	EPI_ISL_504780	EPI_ISL_504780	EPI_ISL_504780	EPI_ISL_504780	EPI_ISL_504780	EPI_ISL_504780
A/swine/Lohne/14425/2011	EPI_ISL_504779	EPI_ISL_504779	EPI_ISL_504779	EPI_ISL_504779	EPI_ISL_504779	EPI_ISL_504779	EPI_ISL_504779	EPI_ISL_504779
A/swine/Metelen/14413-2/2011	EPI_ISL_504778	EPI_ISL_504778	EPI_ISL_504778	EPI_ISL_504778	EPI_ISL_504778	EPI_ISL_504778	EPI_ISL_504778	EPI_ISL_504778
A/swine/Bad_Wuennenberg/14402/2011	EPI_ISL_504777	EPI_ISL_504777	EPI_ISL_504777	EPI_ISL_504777	EPI_ISL_504777	EPI_ISL_504777	EPI_ISL_504777	EPI_ISL_504777
A/swine/Denmark/20-SV04295-3/2020	EPI_ISL_19751650	EPI_ISL_19751650	EPI_ISL_19751650	EPI_ISL_19751650	EPI_ISL_19751650	EPI_ISL_19751650	EPI_ISL_19751650	EPI_ISL_19751650
A/swine/Ochtrup/14606/2012	EPI_ISL_504783	EPI_ISL_504783	EPI_ISL_504783	EPI_ISL_504783	EPI_ISL_504783	EPI_ISL_504783	EPI_ISL_504783	EPI_ISL_504783
A/swine/Bueren/14396/2011	EPI_ISL_504776	EPI_ISL_504776	EPI_ISL_504776	EPI_ISL_504776	EPI_ISL_504776	EPI_ISL_504776	EPI_ISL_504776	EPI_ISL_504776
A/swine/Rosendahl/14669-3/2012	EPI_ISL_504790	EPI_ISL_504790	EPI_ISL_504790	EPI_ISL_504790	EPI_ISL_504790	EPI_ISL_504790	EPI_ISL_504790	EPI_ISL_504790
A/swine/Billerbeck/14666/2012	EPI_ISL_504789	EPI_ISL_504789	EPI_ISL_504789	EPI_ISL_504789	EPI_ISL_504789	EPI_ISL_504789	EPI_ISL_504789	EPI_ISL_504789
A/swine/Denmark/20-SV15063-1/2020	EPI_ISL_19751678	EPI_ISL_19751678	EPI_ISL_19751678	EPI_ISL_19751678	EPI_ISL_19751678	EPI_ISL_19751678	EPI_ISL_19751678	EPI_ISL_19751678
A/swine/Rheda/14657/2012	EPI_ISL_504788	EPI_ISL_504788	EPI_ISL_504788	EPI_ISL_504788	EPI_ISL_504788	EPI_ISL_504788	EPI_ISL_504788	EPI_ISL_504788
A/swine/Harsefeld/14637/2012	EPI_ISL_504787	EPI_ISL_504787	EPI_ISL_504787	EPI_ISL_504787	EPI_ISL_504787	EPI_ISL_504787	EPI_ISL_504787	EPI_ISL_504787
A/swine/Ahlen/14631/2012	EPI_ISL_504786	EPI_ISL_504786	EPI_ISL_504786	EPI_ISL_504786	EPI_ISL_504786	EPI_ISL_504786	EPI_ISL_504786	EPI_ISL_504786
A/swine/Neuharlingersiel/14624-3/2012	EPI_ISL_504785	EPI_ISL_504785	EPI_ISL_504785	EPI_ISL_504785	EPI_ISL_504785	EPI_ISL_504785	EPI_ISL_504785	EPI_ISL_504785
A/swine/Lohne/14611/2012	EPI_ISL_504784	EPI_ISL_504784	EPI_ISL_504784	EPI_ISL_504784	EPI_ISL_504784	EPI_ISL_504784	EPI_ISL_504784	EPI_ISL_504784
A/swine/Coesfeld/14811/2012	EPI_ISL_504799	EPI_ISL_504799	EPI_ISL_504799	EPI_ISL_504799	EPI_ISL_504799	EPI_ISL_504799	EPI_ISL_504799	EPI_ISL_504799
A/swine/Czech_Republic/25-18/2017	EPI_ISL_304092	EPI_ISL_304092	EPI_ISL_304092	EPI_ISL_304092	EPI_ISL_304092	EPI_ISL_304092	EPI_ISL_304092	EPI_ISL_304092
A/swine/Emsbueren/14689-2/2012	EPI_ISL_504791	EPI_ISL_504791	EPI_ISL_504791	EPI_ISL_504791	EPI_ISL_504791	EPI_ISL_504791	EPI_ISL_504791	EPI_ISL_504791
A/swine/Italy/16-53613-6/2016	EPI_ISL_4449163	EPI_ISL_4449163	EPI_ISL_4449163	EPI_ISL_4449163	EPI_ISL_4449163	EPI_ISL_4449163	EPI_ISL_4449163	EPI_ISL_4449163
A/swine/Lohne/14170/2011	EPI_ISL_504768	EPI_ISL_504768	EPI_ISL_504768	EPI_ISL_504768	EPI_ISL_504768	EPI_ISL_504768	EPI_ISL_504768	EPI_ISL_504768
A/swine/Italy/13-163032/2013	EPI_ISL_4449156	EPI_ISL_4449156	EPI_ISL_4449156	EPI_ISL_4449156	EPI_ISL_4449156	EPI_ISL_4449156	EPI_ISL_4449156	EPI_ISL_4449156
A/swine/Italy/7704/2001	EPI_ISL_70586	EPI_ISL_70586	EPI_ISL_70586	EPI_ISL_70586	EPI_ISL_70586	EPI_ISL_70586	EPI_ISL_70586	EPI_ISL_70586
A/swine/Denmark/19-S02060-1/2019	EPI_ISL_19751569	EPI_ISL_19751569	EPI_ISL_19751569	EPI_ISL_19751569	EPI_ISL_19751569	EPI_ISL_19751569	EPI_ISL_19751569	EPI_ISL_19751569
A/swine/Garrel/14103/2011	EPI_ISL_504763	EPI_ISL_504763	EPI_ISL_504763	EPI_ISL_504763	EPI_ISL_504763	EPI_ISL_504763	EPI_ISL_504763	EPI_ISL_504763
A/swine/Denmark/19-S02059-2/2019	EPI_ISL_19751568	EPI_ISL_19751568	EPI_ISL_19751568	EPI_ISL_19751568	EPI_ISL_19751568	EPI_ISL_19751568	EPI_ISL_19751568	EPI_ISL_19751568
A/swine/Straelen/14101/2011	EPI_ISL_504762	EPI_ISL_504762	EPI_ISL_504762	EPI_ISL_504762	EPI_ISL_504762	EPI_ISL_504762	EPI_ISL_504762	EPI_ISL_504762
A/swine/Denmark/19-S02111-1/2019	EPI_ISL_19751571	EPI_ISL_19751571	EPI_ISL_19751571	EPI_ISL_19751571	EPI_ISL_19751571	EPI_ISL_19751571	EPI_ISL_19751571	EPI_ISL_19751571
A/swine/Norden/14100-2/2011	EPI_ISL_504761	EPI_ISL_504761	EPI_ISL_504761	EPI_ISL_504761	EPI_ISL_504761	EPI_ISL_504761	EPI_ISL_504761	EPI_ISL_504761
A/swine/Lohne/14087/2011	EPI_ISL_504760	EPI_ISL_504760	EPI_ISL_504760	EPI_ISL_504760	EPI_ISL_504760	EPI_ISL_504760	EPI_ISL_504760	EPI_ISL_504760
A/swine/Italy/14-41186/2014	EPI_ISL_4449155	EPI_ISL_4449155	EPI_ISL_4449155	EPI_ISL_4449155	EPI_ISL_4449155	EPI_ISL_4449155	EPI_ISL_4449155	EPI_ISL_4449155
A/swine/Ahrenswolde/14395/2011	EPI_ISL_504775	EPI_ISL_504775	EPI_ISL_504775	EPI_ISL_504775	EPI_ISL_504775	EPI_ISL_504775	EPI_ISL_504775	EPI_ISL_504775
A/swine/Italy/15-88547-62/2015	EPI_ISL_4449154	EPI_ISL_4449154	EPI_ISL_4449154	EPI_ISL_4449154	EPI_ISL_4449154	EPI_ISL_4449154	EPI_ISL_4449154	EPI_ISL_4449154
A/swine/Pfeffenhausen/14351/2011	EPI_ISL_504774	EPI_ISL_504774	EPI_ISL_504774	EPI_ISL_504774	EPI_ISL_504774	EPI_ISL_504774	EPI_ISL_504774	EPI_ISL_504774
A/swine/Italy/14-76195/2014	EPI_ISL_4449153	EPI_ISL_4449153	EPI_ISL_4449153	EPI_ISL_4449153	EPI_ISL_4449153	EPI_ISL_4449153	EPI_ISL_4449153	EPI_ISL_4449153
A/swine/Wetedorf/14350/2011	EPI_ISL_504773	EPI_ISL_504773	EPI_ISL_504773	EPI_ISL_504773	EPI_ISL_504773	EPI_ISL_504773	EPI_ISL_504773	EPI_ISL_504773
A/swine/Italy/13-139329/2013	EPI_ISL_4449152	EPI_ISL_4449152	EPI_ISL_4449152	EPI_ISL_4449152	EPI_ISL_4449152	EPI_ISL_4449152	EPI_ISL_4449152	EPI_ISL_4449152
A/swine/Gronau/14349/2011	EPI_ISL_504772	EPI_ISL_504772	EPI_ISL_504772	EPI_ISL_504772	EPI_ISL_504772	EPI_ISL_504772	EPI_ISL_504772	EPI_ISL_504772
A/swine/Italy/15-133839-26/2015	EPI_ISL_4449159	EPI_ISL_4449159	EPI_ISL_4449159	EPI_ISL_4449159	EPI_ISL_4449159	EPI_ISL_4449159	EPI_ISL_4449159	EPI_ISL_4449159
A/swine/Denmark/20-SV10024-3/2020	EPI_ISL_19751657	EPI_ISL_19751657	EPI_ISL_19751657	EPI_ISL_19751657	EPI_ISL_19751657	EPI_ISL_19751657	EPI_ISL_19751657	EPI_ISL_19751657
A/swine/Hamersen/14228/2011	EPI_ISL_504771	EPI_ISL_504771	EPI_ISL_504771	EPI_ISL_504771	EPI_ISL_504771	EPI_ISL_504771	EPI_ISL_504771	EPI_ISL_504771
A/swine/Italy/14-30549-02/2014	EPI_ISL_4449158	EPI_ISL_4449158	EPI_ISL_4449158	EPI_ISL_4449158	EPI_ISL_4449158	EPI_ISL_4449158	EPI_ISL_4449158	EPI_ISL_4449158
A/swine/Buch/14226-1/2011	EPI_ISL_504770	EPI_ISL_504770	EPI_ISL_504770	EPI_ISL_504770	EPI_ISL_504770	EPI_ISL_504770	EPI_ISL_504770	EPI_ISL_504770
A/swine/Italy/14-123611-6/2014	EPI_ISL_4449157	EPI_ISL_4449157	EPI_ISL_4449157	EPI_ISL_4449157	EPI_ISL_4449157	EPI_ISL_4449157	EPI_ISL_4449157	EPI_ISL_4449157
A/swine/Friesoythe/14174/2011	EPI_ISL_504769	EPI_ISL_504769	EPI_ISL_504769	EPI_ISL_504769	EPI_ISL_504769	EPI_ISL_504769	EPI_ISL_504769	EPI_ISL_504769
A/swine/Wasserleben/13484/2011	EPI_ISL_504742	EPI_ISL_504742	EPI_ISL_504742	EPI_ISL_504742	EPI_ISL_504742	EPI_ISL_504742	EPI_ISL_504742	EPI_ISL_504742
A/swine/Denmark/19-5090-1/2019	EPI_ISL_19751564	EPI_ISL_19751564	EPI_ISL_19751564	EPI_ISL_19751564	EPI_ISL_19751564	EPI_ISL_19751564	EPI_ISL_19751564	EPI_ISL_19751564
A/swine/Denmark/19-S01822-2/2019	EPI_ISL_19751565	EPI_ISL_19751565	EPI_ISL_19751565	EPI_ISL_19751565	EPI_ISL_19751565	EPI_ISL_19751565	EPI_ISL_19751565	EPI_ISL_19751565
A/swine/Warendorf/10105/2009	EPI_ISL_504683	EPI_ISL_504683	EPI_ISL_504683	EPI_ISL_504683	EPI_ISL_504683	EPI_ISL_504683	EPI_ISL_504683	EPI_ISL_504683
A/swine/Dornburg/10061/2009	EPI_ISL_504682	EPI_ISL_504682	EPI_ISL_504682	EPI_ISL_504682	EPI_ISL_504682	EPI_ISL_504682	EPI_ISL_504682	EPI_ISL_504682
A/swine/Egglham/9790/2009	EPI_ISL_504681	EPI_ISL_504681	EPI_ISL_504681	EPI_ISL_504681	EPI_ISL_504681	EPI_ISL_504681	EPI_ISL_504681	EPI_ISL_504681
A/swine/Freren/9658/2009	EPI_ISL_504680	EPI_ISL_504680	EPI_ISL_504680	EPI_ISL_504680	EPI_ISL_504680	EPI_ISL_504680	EPI_ISL_504680	EPI_ISL_504680
A/swine/Iserlohn/11287/2010	EPI_ISL_504695	EPI_ISL_504695	EPI_ISL_504695	EPI_ISL_504695	EPI_ISL_504695	EPI_ISL_504695	EPI_ISL_504695	EPI_ISL_504695
A/swine/Norden/11211/2009	EPI_ISL_504694	EPI_ISL_504694	EPI_ISL_504694	EPI_ISL_504694	EPI_ISL_504694	EPI_ISL_504694	EPI_ISL_504694	EPI_ISL_504694
A/swine/Lohne/10840/2009	EPI_ISL_504693	EPI_ISL_504693	EPI_ISL_504693	EPI_ISL_504693	EPI_ISL_504693	EPI_ISL_504693	EPI_ISL_504693	EPI_ISL_504693
A/swine/Borken/10752a/2009	EPI_ISL_504692	EPI_ISL_504692	EPI_ISL_504692	EPI_ISL_504692	EPI_ISL_504692	EPI_ISL_504692	EPI_ISL_504692	EPI_ISL_504692
A/swine/Horneburg/10748/2009	EPI_ISL_504691	EPI_ISL_504691	EPI_ISL_504691	EPI_ISL_504691	EPI_ISL_504691	EPI_ISL_504691	EPI_ISL_504691	EPI_ISL_504691
A/swine/Brakel/10686/2009	EPI_ISL_504690	EPI_ISL_504690	EPI_ISL_504690	EPI_ISL_504690	EPI_ISL_504690	EPI_ISL_504690	EPI_ISL_504690	EPI_ISL_504690
A/swine/Meppen/10115/2009	EPI_ISL_504684	EPI_ISL_504684	EPI_ISL_504684	EPI_ISL_504684	EPI_ISL_504684	EPI_ISL_504684	EPI_ISL_504684	EPI_ISL_504684
A/swine/Harsefeld/10671/2009	EPI_ISL_504689	EPI_ISL_504689	EPI_ISL_504689	EPI_ISL_504689	EPI_ISL_504689	EPI_ISL_504689	EPI_ISL_504689	EPI_ISL_504689
A/swine/Raesefeld/12200-1/2010	EPI_ISL_504703	EPI_ISL_504703	EPI_ISL_504703	EPI_ISL_504703	EPI_ISL_504703	EPI_ISL_504703	EPI_ISL_504703	EPI_ISL_504703
A/swine/Molbergen/12127/2010	EPI_ISL_504702	EPI_ISL_504702	EPI_ISL_504702	EPI_ISL_504702	EPI_ISL_504702	EPI_ISL_504702	EPI_ISL_504702	EPI_ISL_504702
A/swine/Salzkotten/12021/2010	EPI_ISL_504701	EPI_ISL_504701	EPI_ISL_504701	EPI_ISL_504701	EPI_ISL_504701	EPI_ISL_504701	EPI_ISL_504701	EPI_ISL_504701
A/swine/Visbek/11951-1/2010	EPI_ISL_504700	EPI_ISL_504700	EPI_ISL_504700	EPI_ISL_504700	EPI_ISL_504700	EPI_ISL_504700	EPI_ISL_504700	EPI_ISL_504700
A/swine/Lohne/11867/2010	EPI_ISL_504699	EPI_ISL_504699	EPI_ISL_504699	EPI_ISL_504699	EPI_ISL_504699	EPI_ISL_504699	EPI_ISL_504699	EPI_ISL_504699
A/swine/Lohne/11843/2010	EPI_ISL_504698	EPI_ISL_504698	EPI_ISL_504698	EPI_ISL_504698	EPI_ISL_504698	EPI_ISL_504698	EPI_ISL_504698	EPI_ISL_504698
A/swine/Molbergen/11837a/2010	EPI_ISL_504697	EPI_ISL_504697	EPI_ISL_504697	EPI_ISL_504697	EPI_ISL_504697	EPI_ISL_504697	EPI_ISL_504697	EPI_ISL_504697
A/swine/Lohne/11566/2010	EPI_ISL_504696	EPI_ISL_504696	EPI_ISL_504696	EPI_ISL_504696	EPI_ISL_504696	EPI_ISL_504696	EPI_ISL_504696	EPI_ISL_504696
A/swine/Haren/12382-1/2010	EPI_ISL_504711	EPI_ISL_504711	EPI_ISL_504711	EPI_ISL_504711	EPI_ISL_504711	EPI_ISL_504711	EPI_ISL_504711	EPI_ISL_504711
A/swine/Vechta/12368/2010	EPI_ISL_504710	EPI_ISL_504710	EPI_ISL_504710	EPI_ISL_504710	EPI_ISL_504710	EPI_ISL_504710	EPI_ISL_504710	EPI_ISL_504710
A/swine/Soegel/10604/2009	EPI_ISL_504688	EPI_ISL_504688	EPI_ISL_504688	EPI_ISL_504688	EPI_ISL_504688	EPI_ISL_504688	EPI_ISL_504688	EPI_ISL_504688
A/swine/Lohne/12330/2010	EPI_ISL_504709	EPI_ISL_504709	EPI_ISL_504709	EPI_ISL_504709	EPI_ISL_504709	EPI_ISL_504709	EPI_ISL_504709	EPI_ISL_504709
A/swine/Ennigerloh/10277/2009	EPI_ISL_504685	EPI_ISL_504685	EPI_ISL_504685	EPI_ISL_504685	EPI_ISL_504685	EPI_ISL_504685	EPI_ISL_504685	EPI_ISL_504685
A/swine/Lohne/10525/2009	EPI_ISL_504687	EPI_ISL_504687	EPI_ISL_504687	EPI_ISL_504687	EPI_ISL_504687	EPI_ISL_504687	EPI_ISL_504687	EPI_ISL_504687
A/swine/Denmark/20-8396-1/2020	EPI_ISL_19751540	EPI_ISL_19751540	EPI_ISL_19751540	EPI_ISL_19751540	EPI_ISL_19751540	EPI_ISL_19751540	EPI_ISL_19751540	EPI_ISL_19751540
A/swine/Neudoerpen/9185/2009	EPI_ISL_504670	EPI_ISL_504670	EPI_ISL_504670	EPI_ISL_504670	EPI_ISL_504670	EPI_ISL_504670	EPI_ISL_504670	EPI_ISL_504670
A/swine/Denmark/20-S03246-1/2020	EPI_ISL_19751543	EPI_ISL_19751543	EPI_ISL_19751543	EPI_ISL_19751543	EPI_ISL_19751543	EPI_ISL_19751543	EPI_ISL_19751543	EPI_ISL_19751543
A/swine/Enger/9149/2009	EPI_ISL_504669	EPI_ISL_504669	EPI_ISL_504669	EPI_ISL_504669	EPI_ISL_504669	EPI_ISL_504669	EPI_ISL_504669	EPI_ISL_504669
A/swine/Denmark/20-S010445-1/2020	EPI_ISL_19751542	EPI_ISL_19751542	EPI_ISL_19751542	EPI_ISL_19751542	EPI_ISL_19751542	EPI_ISL_19751542	EPI_ISL_19751542	EPI_ISL_19751542
A/swine/Bartenshagen/9002/2009	EPI_ISL_504668	EPI_ISL_504668	EPI_ISL_504668	EPI_ISL_504668	EPI_ISL_504668	EPI_ISL_504668	EPI_ISL_504668	EPI_ISL_504668
A/swine/Denmark/20-4767-4/2020	EPI_ISL_19751537	EPI_ISL_19751537	EPI_ISL_19751537	EPI_ISL_19751537	EPI_ISL_19751537	EPI_ISL_19751537	EPI_ISL_19751537	EPI_ISL_19751537
A/swine/Cloppenburg/8967a/2009	EPI_ISL_504667	EPI_ISL_504667	EPI_ISL_504667	EPI_ISL_504667	EPI_ISL_504667	EPI_ISL_504667	EPI_ISL_504667	EPI_ISL_504667
A/swine/Denmark/20-4762-3/2020	EPI_ISL_19751536	EPI_ISL_19751536	EPI_ISL_19751536	EPI_ISL_19751536	EPI_ISL_19751536	EPI_ISL_19751536	EPI_ISL_19751536	EPI_ISL_19751536
A/swine/Heinsberg/8905/2009	EPI_ISL_504666	EPI_ISL_504666	EPI_ISL_504666	EPI_ISL_504666	EPI_ISL_504666	EPI_ISL_504666	EPI_ISL_504666	EPI_ISL_504666
A/swine/Egersheim/10464/2009	EPI_ISL_504686	EPI_ISL_504686	EPI_ISL_504686	EPI_ISL_504686	EPI_ISL_504686	EPI_ISL_504686	EPI_ISL_504686	EPI_ISL_504686
A/swine/Denmark/20-8233-2/2020	EPI_ISL_19751539	EPI_ISL_19751539	EPI_ISL_19751539	EPI_ISL_19751539	EPI_ISL_19751539	EPI_ISL_19751539	EPI_ISL_19751539	EPI_ISL_19751539
A/swine/Denmark/20-6872-2/2020	EPI_ISL_19751538	EPI_ISL_19751538	EPI_ISL_19751538	EPI_ISL_19751538	EPI_ISL_19751538	EPI_ISL_19751538	EPI_ISL_19751538	EPI_ISL_19751538
A/swine/Emtinghausen/8705/2009	EPI_ISL_504664	EPI_ISL_504664	EPI_ISL_504664	EPI_ISL_504664	EPI_ISL_504664	EPI_ISL_504664	EPI_ISL_504664	EPI_ISL_504664
A/swine/Frontenhausen/9388/2009	EPI_ISL_504679	EPI_ISL_504679	EPI_ISL_504679	EPI_ISL_504679	EPI_ISL_504679	EPI_ISL_504679	EPI_ISL_504679	EPI_ISL_504679
A/swine/Warendorf/9387/2009	EPI_ISL_504678	EPI_ISL_504678	EPI_ISL_504678	EPI_ISL_504678	EPI_ISL_504678	EPI_ISL_504678	EPI_ISL_504678	EPI_ISL_504678
A/swine/Goch/9369/2009	EPI_ISL_504677	EPI_ISL_504677	EPI_ISL_504677	EPI_ISL_504677	EPI_ISL_504677	EPI_ISL_504677	EPI_ISL_504677	EPI_ISL_504677
A/swine/Osnabrueck/9368/2009	EPI_ISL_504676	EPI_ISL_504676	EPI_ISL_504676	EPI_ISL_504676	EPI_ISL_504676	EPI_ISL_504676	EPI_ISL_504676	EPI_ISL_504676
A/swine/Herford/9359/2009	EPI_ISL_504675	EPI_ISL_504675	EPI_ISL_504675	EPI_ISL_504675	EPI_ISL_504675	EPI_ISL_504675	EPI_ISL_504675	EPI_ISL_504675
A/swine/Engelsberg/9321/2009	EPI_ISL_504674	EPI_ISL_504674	EPI_ISL_504674	EPI_ISL_504674	EPI_ISL_504674	EPI_ISL_504674	EPI_ISL_504674	EPI_ISL_504674
A/swine/Rheine/9278/2009	EPI_ISL_504673	EPI_ISL_504673	EPI_ISL_504673	EPI_ISL_504673	EPI_ISL_504673	EPI_ISL_504673	EPI_ISL_504673	EPI_ISL_504673
A/swine/Stadtlohn/9247/2009	EPI_ISL_504672	EPI_ISL_504672	EPI_ISL_504672	EPI_ISL_504672	EPI_ISL_504672	EPI_ISL_504672	EPI_ISL_504672	EPI_ISL_504672
A/swine/Guetersloh/8724a/2009	EPI_ISL_504665	EPI_ISL_504665	EPI_ISL_504665	EPI_ISL_504665	EPI_ISL_504665	EPI_ISL_504665	EPI_ISL_504665	EPI_ISL_504665
A/swine/Elsten/12291/2010	EPI_ISL_504708	EPI_ISL_504708	EPI_ISL_504708	EPI_ISL_504708	EPI_ISL_504708	EPI_ISL_504708	EPI_ISL_504708	EPI_ISL_504708
A/swine/Gnas/12273/2010	EPI_ISL_504707	EPI_ISL_504707	EPI_ISL_504707	EPI_ISL_504707	EPI_ISL_504707	EPI_ISL_504707	EPI_ISL_504707	EPI_ISL_504707
A/swine/Brilon/12263-2/2010	EPI_ISL_504706	EPI_ISL_504706	EPI_ISL_504706	EPI_ISL_504706	EPI_ISL_504706	EPI_ISL_504706	EPI_ISL_504706	EPI_ISL_504706
A/swine/Oselki/RII-17/2014	EPI_ISL_906137	EPI_ISL_906137	EPI_ISL_906137	EPI_ISL_906137	EPI_ISL_906137	EPI_ISL_906137	EPI_ISL_906137	EPI_ISL_906137
A/swine/Balge/12670/2010	EPI_ISL_504723	EPI_ISL_504723	EPI_ISL_504723	EPI_ISL_504723	EPI_ISL_504723	EPI_ISL_504723	EPI_ISL_504723	EPI_ISL_504723
A/swine/Pskov_region/RII-41-2/2019	EPI_ISL_906136	EPI_ISL_906136	EPI_ISL_906136	EPI_ISL_906136	EPI_ISL_906136	EPI_ISL_906136	EPI_ISL_906136	EPI_ISL_906136
A/swine/Borken/12666-2/2010	EPI_ISL_504722	EPI_ISL_504722	EPI_ISL_504722	EPI_ISL_504722	EPI_ISL_504722	EPI_ISL_504722	EPI_ISL_504722	EPI_ISL_504722
A/swine/Oselki/RII-56/2014	EPI_ISL_906139	EPI_ISL_906139	EPI_ISL_906139	EPI_ISL_906139	EPI_ISL_906139	EPI_ISL_906139	EPI_ISL_906139	EPI_ISL_906139
A/swine/Borken/12666-1/2010	EPI_ISL_504721	EPI_ISL_504721	EPI_ISL_504721	EPI_ISL_504721	EPI_ISL_504721	EPI_ISL_504721	EPI_ISL_504721	EPI_ISL_504721
A/swine/Oselki/RII-25/2014	EPI_ISL_906138	EPI_ISL_906138	EPI_ISL_906138	EPI_ISL_906138	EPI_ISL_906138	EPI_ISL_906138	EPI_ISL_906138	EPI_ISL_906138
A/swine/Borchen/12595a/2010	EPI_ISL_504720	EPI_ISL_504720	EPI_ISL_504720	EPI_ISL_504720	EPI_ISL_504720	EPI_ISL_504720	EPI_ISL_504720	EPI_ISL_504720
A/swine/Pskov_region/RII-PR8/2019	EPI_ISL_906133	EPI_ISL_906133	EPI_ISL_906133	EPI_ISL_906133	EPI_ISL_906133	EPI_ISL_906133	EPI_ISL_906133	EPI_ISL_906133
A/swine/Barnstorf/13130/2011	EPI_ISL_504735	EPI_ISL_504735	EPI_ISL_504735	EPI_ISL_504735	EPI_ISL_504735	EPI_ISL_504735	EPI_ISL_504735	EPI_ISL_504735
A/swine/Rahden/12686/2010	EPI_ISL_504724	EPI_ISL_504724	EPI_ISL_504724	EPI_ISL_504724	EPI_ISL_504724	EPI_ISL_504724	EPI_ISL_504724	EPI_ISL_504724
A/swine/Pskov_region/RII-PR1/2019	EPI_ISL_906132	EPI_ISL_906132	EPI_ISL_906132	EPI_ISL_906132	EPI_ISL_906132	EPI_ISL_906132	EPI_ISL_906132	EPI_ISL_906132
A/swine/Pskov_region/RII-8-100/2019	EPI_ISL_906135	EPI_ISL_906135	EPI_ISL_906135	EPI_ISL_906135	EPI_ISL_906135	EPI_ISL_906135	EPI_ISL_906135	EPI_ISL_906135
A/swine/Nordhorn/13095-1/2011	EPI_ISL_504733	EPI_ISL_504733	EPI_ISL_504733	EPI_ISL_504733	EPI_ISL_504733	EPI_ISL_504733	EPI_ISL_504733	EPI_ISL_504733
A/swine/Pskov_region/RII-6-100/2019	EPI_ISL_906134	EPI_ISL_906134	EPI_ISL_906134	EPI_ISL_906134	EPI_ISL_906134	EPI_ISL_906134	EPI_ISL_906134	EPI_ISL_906134
A/swine/Goldenstedt/13046/2011	EPI_ISL_504732	EPI_ISL_504732	EPI_ISL_504732	EPI_ISL_504732	EPI_ISL_504732	EPI_ISL_504732	EPI_ISL_504732	EPI_ISL_504732
A/swine/Denmark/20_11660_2/2020	EPI_ISL_19751601	EPI_ISL_19751601	EPI_ISL_19751601	EPI_ISL_19751601	EPI_ISL_19751601	EPI_ISL_19751601	EPI_ISL_19751601	EPI_ISL_19751601
A/swine/Boesel/12937/2011	EPI_ISL_504731	EPI_ISL_504731	EPI_ISL_504731	EPI_ISL_504731	EPI_ISL_504731	EPI_ISL_504731	EPI_ISL_504731	EPI_ISL_504731
A/swine/Ostbevern/12867-2/2011	EPI_ISL_504730	EPI_ISL_504730	EPI_ISL_504730	EPI_ISL_504730	EPI_ISL_504730	EPI_ISL_504730	EPI_ISL_504730	EPI_ISL_504730
A/swine/Ostbevern/12867-1/2011	EPI_ISL_504729	EPI_ISL_504729	EPI_ISL_504729	EPI_ISL_504729	EPI_ISL_504729	EPI_ISL_504729	EPI_ISL_504729	EPI_ISL_504729
A/swine/Denmark/20_15981_5/2020	EPI_ISL_19751602	EPI_ISL_19751602	EPI_ISL_19751602	EPI_ISL_19751602	EPI_ISL_19751602	EPI_ISL_19751602	EPI_ISL_19751602	EPI_ISL_19751602
A/swine/Herzlake/12861/2011	EPI_ISL_504728	EPI_ISL_504728	EPI_ISL_504728	EPI_ISL_504728	EPI_ISL_504728	EPI_ISL_504728	EPI_ISL_504728	EPI_ISL_504728
A/swine/Geseke/13124/2011	EPI_ISL_504734	EPI_ISL_504734	EPI_ISL_504734	EPI_ISL_504734	EPI_ISL_504734	EPI_ISL_504734	EPI_ISL_504734	EPI_ISL_504734
A/swine/Denmark/20-S05032-3/2020	EPI_ISL_19751614	EPI_ISL_19751614	EPI_ISL_19751614	EPI_ISL_19751614	EPI_ISL_19751614	EPI_ISL_19751614	EPI_ISL_19751614	EPI_ISL_19751614
A/swine/Haren/12687/2010	EPI_ISL_504725	EPI_ISL_504725	EPI_ISL_504725	EPI_ISL_504725	EPI_ISL_504725	EPI_ISL_504725	EPI_ISL_504725	EPI_ISL_504725
A/swine/Brilon/12263-1/2010	EPI_ISL_504705	EPI_ISL_504705	EPI_ISL_504705	EPI_ISL_504705	EPI_ISL_504705	EPI_ISL_504705	EPI_ISL_504705	EPI_ISL_504705
A/swine/Raesefeld/12200-2/2010	EPI_ISL_504704	EPI_ISL_504704	EPI_ISL_504704	EPI_ISL_504704	EPI_ISL_504704	EPI_ISL_504704	EPI_ISL_504704	EPI_ISL_504704
A/swine/Raddestorf/12564/2010	EPI_ISL_504719	EPI_ISL_504719	EPI_ISL_504719	EPI_ISL_504719	EPI_ISL_504719	EPI_ISL_504719	EPI_ISL_504719	EPI_ISL_504719
A/swine/Warendorf/12524/2010	EPI_ISL_504718	EPI_ISL_504718	EPI_ISL_504718	EPI_ISL_504718	EPI_ISL_504718	EPI_ISL_504718	EPI_ISL_504718	EPI_ISL_504718
A/swine/Aulendorf/12502/2010	EPI_ISL_504717	EPI_ISL_504717	EPI_ISL_504717	EPI_ISL_504717	EPI_ISL_504717	EPI_ISL_504717	EPI_ISL_504717	EPI_ISL_504717
A/swine/Hoexter/12469/2010	EPI_ISL_504716	EPI_ISL_504716	EPI_ISL_504716	EPI_ISL_504716	EPI_ISL_504716	EPI_ISL_504716	EPI_ISL_504716	EPI_ISL_504716
A/swine/Denmark/20_10638_3/2020	EPI_ISL_19751585	EPI_ISL_19751585	EPI_ISL_19751585	EPI_ISL_19751585	EPI_ISL_19751585	EPI_ISL_19751585	EPI_ISL_19751585	EPI_ISL_19751585
A/swine/Altenberge/12445-2/2010	EPI_ISL_504715	EPI_ISL_504715	EPI_ISL_504715	EPI_ISL_504715	EPI_ISL_504715	EPI_ISL_504715	EPI_ISL_504715	EPI_ISL_504715
A/swine/Denmark/20_10193_1/2020	EPI_ISL_19751584	EPI_ISL_19751584	EPI_ISL_19751584	EPI_ISL_19751584	EPI_ISL_19751584	EPI_ISL_19751584	EPI_ISL_19751584	EPI_ISL_19751584
A/swine/Altenberge/12445-1/2010	EPI_ISL_504714	EPI_ISL_504714	EPI_ISL_504714	EPI_ISL_504714	EPI_ISL_504714	EPI_ISL_504714	EPI_ISL_504714	EPI_ISL_504714
A/swine/Denmark/20_11135_2/2020	EPI_ISL_19751587	EPI_ISL_19751587	EPI_ISL_19751587	EPI_ISL_19751587	EPI_ISL_19751587	EPI_ISL_19751587	EPI_ISL_19751587	EPI_ISL_19751587
A/swine/Friesoythe/12416/2010	EPI_ISL_504713	EPI_ISL_504713	EPI_ISL_504713	EPI_ISL_504713	EPI_ISL_504713	EPI_ISL_504713	EPI_ISL_504713	EPI_ISL_504713
A/swine/Denmark/20_10705_1/2020	EPI_ISL_19751586	EPI_ISL_19751586	EPI_ISL_19751586	EPI_ISL_19751586	EPI_ISL_19751586	EPI_ISL_19751586	EPI_ISL_19751586	EPI_ISL_19751586
A/swine/Italy/302597/2017	EPI_ISL_14762862	EPI_ISL_14762862	EPI_ISL_14762862	EPI_ISL_14762862	EPI_ISL_14762862	EPI_ISL_14762862	EPI_ISL_14762862	EPI_ISL_14762862
A/swine/Haren/12382-2/2010	EPI_ISL_504712	EPI_ISL_504712	EPI_ISL_504712	EPI_ISL_504712	EPI_ISL_504712	EPI_ISL_504712	EPI_ISL_504712	EPI_ISL_504712
A/swine/Denmark/20_06869_3/2020	EPI_ISL_19751613	EPI_ISL_19751613	EPI_ISL_19751613	EPI_ISL_19751613	EPI_ISL_19751613	EPI_ISL_19751613	EPI_ISL_19751613	EPI_ISL_19751613
A/swine/Geeste/12729/2010	EPI_ISL_504727	EPI_ISL_504727	EPI_ISL_504727	EPI_ISL_504727	EPI_ISL_504727	EPI_ISL_504727	EPI_ISL_504727	EPI_ISL_504727
A/swine/Altenberge/12724/2010	EPI_ISL_504726	EPI_ISL_504726	EPI_ISL_504726	EPI_ISL_504726	EPI_ISL_504726	EPI_ISL_504726	EPI_ISL_504726	EPI_ISL_504726
A/swine/Denmark/20_06029_5/2020	EPI_ISL_19751615	EPI_ISL_19751615	EPI_ISL_19751615	EPI_ISL_19751615	EPI_ISL_19751615	EPI_ISL_19751615	EPI_ISL_19751615	EPI_ISL_19751615
A/swine/Ascheberg/13532/2011	EPI_ISL_504743	EPI_ISL_504743	EPI_ISL_504743	EPI_ISL_504743	EPI_ISL_504743	EPI_ISL_504743	EPI_ISL_504743	EPI_ISL_504743
A/swine/Italy/225349-1/2012	EPI_ISL_164826	EPI_ISL_164826	EPI_ISL_164826	EPI_ISL_164826	EPI_ISL_164826	EPI_ISL_164826	EPI_ISL_164826	EPI_ISL_164826
A/swine/Italy/133457-3/2014	EPI_ISL_278868	EPI_ISL_278868	EPI_ISL_278868	EPI_ISL_278868	EPI_ISL_278868	EPI_ISL_278868	EPI_ISL_278868	EPI_ISL_278868
A/swine/Italy/24568/2017	EPI_ISL_14762416	EPI_ISL_14762416	EPI_ISL_14762416	EPI_ISL_14762416	EPI_ISL_14762416	EPI_ISL_14762416	EPI_ISL_14762416	EPI_ISL_14762416
A/swine/France/35-190213/2019	EPI_ISL_9593283	EPI_ISL_9593283	EPI_ISL_9593283	EPI_ISL_9593283	EPI_ISL_9593283	EPI_ISL_9593283	EPI_ISL_9593283	EPI_ISL_9593283
A/swine/Italy/138746/2014	EPI_ISL_278870	EPI_ISL_278870	EPI_ISL_278870	EPI_ISL_278870	EPI_ISL_278870	EPI_ISL_278870	EPI_ISL_278870	EPI_ISL_278870
A/swine/France/35-190107/2019	EPI_ISL_9593281	EPI_ISL_9593281	EPI_ISL_9593281	EPI_ISL_9593281	EPI_ISL_9593281	EPI_ISL_9593281	EPI_ISL_9593281	EPI_ISL_9593281
A/swine/Italy/150383-1/2014	EPI_ISL_278871	EPI_ISL_278871	EPI_ISL_278871	EPI_ISL_278871	EPI_ISL_278871	EPI_ISL_278871	EPI_ISL_278871	EPI_ISL_278871
A/swine/Italy/281230-1/2014	EPI_ISL_278864	EPI_ISL_278864	EPI_ISL_278864	EPI_ISL_278864	EPI_ISL_278864	EPI_ISL_278864	EPI_ISL_278864	EPI_ISL_278864
A/swine/Italy/302073/2014	EPI_ISL_278865	EPI_ISL_278865	EPI_ISL_278865	EPI_ISL_278865	EPI_ISL_278865	EPI_ISL_278865	EPI_ISL_278865	EPI_ISL_278865
A/swine/France/35-200008/2019	EPI_ISL_9593284	EPI_ISL_9593284	EPI_ISL_9593284	EPI_ISL_9593284	EPI_ISL_9593284	EPI_ISL_9593284	EPI_ISL_9593284	EPI_ISL_9593284
A/swine/France/35-190212/2019	EPI_ISL_9593282	EPI_ISL_9593282	EPI_ISL_9593282	EPI_ISL_9593282	EPI_ISL_9593282	EPI_ISL_9593282	EPI_ISL_9593282	EPI_ISL_9593282
A/swine/Italy/302661/2014	EPI_ISL_278866	EPI_ISL_278866	EPI_ISL_278866	EPI_ISL_278866	EPI_ISL_278866	EPI_ISL_278866	EPI_ISL_278866	EPI_ISL_278866
A/swine/Italy/96500/2014	EPI_ISL_278876	EPI_ISL_278876	EPI_ISL_278876	EPI_ISL_278876	EPI_ISL_278876	EPI_ISL_278876	EPI_ISL_278876	EPI_ISL_278876
A/swine/Italy/105389/2014	EPI_ISL_278877	EPI_ISL_278877	EPI_ISL_278877	EPI_ISL_278877	EPI_ISL_278877	EPI_ISL_278877	EPI_ISL_278877	EPI_ISL_278877
A/swine/Italy/114922/2014	EPI_ISL_278878	EPI_ISL_278878	EPI_ISL_278878	EPI_ISL_278878	EPI_ISL_278878	EPI_ISL_278878	EPI_ISL_278878	EPI_ISL_278878
A/swine/Italy/124953/2014	EPI_ISL_278879	EPI_ISL_278879	EPI_ISL_278879	EPI_ISL_278879	EPI_ISL_278879	EPI_ISL_278879	EPI_ISL_278879	EPI_ISL_278879
A/swine/Italy/165246/2014	EPI_ISL_278872	EPI_ISL_278872	EPI_ISL_278872	EPI_ISL_278872	EPI_ISL_278872	EPI_ISL_278872	EPI_ISL_278872	EPI_ISL_278872
A/swine/Italy/166277-2/2014	EPI_ISL_278873	EPI_ISL_278873	EPI_ISL_278873	EPI_ISL_278873	EPI_ISL_278873	EPI_ISL_278873	EPI_ISL_278873	EPI_ISL_278873
A/swine/Italy/179794/2014	EPI_ISL_278874	EPI_ISL_278874	EPI_ISL_278874	EPI_ISL_278874	EPI_ISL_278874	EPI_ISL_278874	EPI_ISL_278874	EPI_ISL_278874
A/swine/Italy/91602/2014	EPI_ISL_278875	EPI_ISL_278875	EPI_ISL_278875	EPI_ISL_278875	EPI_ISL_278875	EPI_ISL_278875	EPI_ISL_278875	EPI_ISL_278875
A/swine/France/59-190057/2019	EPI_ISL_9593328	EPI_ISL_9593328	EPI_ISL_9593328	EPI_ISL_9593328	EPI_ISL_9593328	EPI_ISL_9593328	EPI_ISL_9593328	EPI_ISL_9593328
A/swine/France/59-190174/2019	EPI_ISL_9593329	EPI_ISL_9593329	EPI_ISL_9593329	EPI_ISL_9593329	EPI_ISL_9593329	EPI_ISL_9593329	EPI_ISL_9593329	EPI_ISL_9593329
A/swine/Italy/304621/2014	EPI_ISL_278867	EPI_ISL_278867	EPI_ISL_278867	EPI_ISL_278867	EPI_ISL_278867	EPI_ISL_278867	EPI_ISL_278867	EPI_ISL_278867
A/swine/Italy/238098/2014	EPI_ISL_278859	EPI_ISL_278859	EPI_ISL_278859	EPI_ISL_278859	EPI_ISL_278859	EPI_ISL_278859	EPI_ISL_278859	EPI_ISL_278859
A/swine/England/51216/2017	EPI_ISL_20050046	EPI_ISL_20050046	EPI_ISL_20050046	EPI_ISL_20050046	EPI_ISL_20050046	EPI_ISL_20050046	EPI_ISL_20050046	EPI_ISL_20050046
A/swine/France/40-190086/2019	EPI_ISL_9593300	EPI_ISL_9593300	EPI_ISL_9593300	EPI_ISL_9593300	EPI_ISL_9593300	EPI_ISL_9593300	EPI_ISL_9593300	EPI_ISL_9593300
A/swine/Italy/321118-6/2014	EPI_ISL_278850	EPI_ISL_278850	EPI_ISL_278850	EPI_ISL_278850	EPI_ISL_278850	EPI_ISL_278850	EPI_ISL_278850	EPI_ISL_278850
A/swine/England/40574/2015	EPI_ISL_20050041	EPI_ISL_20050041	EPI_ISL_20050041	EPI_ISL_20050041	EPI_ISL_20050041	EPI_ISL_20050041	EPI_ISL_20050041	EPI_ISL_20050041
A/swine/France/50-190161/2019	EPI_ISL_9593306	EPI_ISL_9593306	EPI_ISL_9593306	EPI_ISL_9593306	EPI_ISL_9593306	EPI_ISL_9593306	EPI_ISL_9593306	EPI_ISL_9593306
A/swine/Italy/244784/2014	EPI_ISL_278860	EPI_ISL_278860	EPI_ISL_278860	EPI_ISL_278860	EPI_ISL_278860	EPI_ISL_278860	EPI_ISL_278860	EPI_ISL_278860
A/swine/England/3180/2019	EPI_ISL_20050040	EPI_ISL_20050040	EPI_ISL_20050040	EPI_ISL_20050040	EPI_ISL_20050040	EPI_ISL_20050040	EPI_ISL_20050040	EPI_ISL_20050040
A/swine/France/50-190453/2019	EPI_ISL_9593307	EPI_ISL_9593307	EPI_ISL_9593307	EPI_ISL_9593307	EPI_ISL_9593307	EPI_ISL_9593307	EPI_ISL_9593307	EPI_ISL_9593307
A/swine/Italy/246087/2014	EPI_ISL_278861	EPI_ISL_278861	EPI_ISL_278861	EPI_ISL_278861	EPI_ISL_278861	EPI_ISL_278861	EPI_ISL_278861	EPI_ISL_278861
A/swine/England/43261/2016	EPI_ISL_20050043	EPI_ISL_20050043	EPI_ISL_20050043	EPI_ISL_20050043	EPI_ISL_20050043	EPI_ISL_20050043	EPI_ISL_20050043	EPI_ISL_20050043
A/swine/Italy/263752/2014	EPI_ISL_278862	EPI_ISL_278862	EPI_ISL_278862	EPI_ISL_278862	EPI_ISL_278862	EPI_ISL_278862	EPI_ISL_278862	EPI_ISL_278862
A/swine/France/50-190476/2019	EPI_ISL_9593309	EPI_ISL_9593309	EPI_ISL_9593309	EPI_ISL_9593309	EPI_ISL_9593309	EPI_ISL_9593309	EPI_ISL_9593309	EPI_ISL_9593309
A/swine/England/42792/2016	EPI_ISL_20050042	EPI_ISL_20050042	EPI_ISL_20050042	EPI_ISL_20050042	EPI_ISL_20050042	EPI_ISL_20050042	EPI_ISL_20050042	EPI_ISL_20050042
A/swine/Italy/271152/2014	EPI_ISL_278863	EPI_ISL_278863	EPI_ISL_278863	EPI_ISL_278863	EPI_ISL_278863	EPI_ISL_278863	EPI_ISL_278863	EPI_ISL_278863
A/swine/England/45983/2016	EPI_ISL_20050045	EPI_ISL_20050045	EPI_ISL_20050045	EPI_ISL_20050045	EPI_ISL_20050045	EPI_ISL_20050045	EPI_ISL_20050045	EPI_ISL_20050045
A/swine/France/50-190548/2019	EPI_ISL_9593310	EPI_ISL_9593310	EPI_ISL_9593310	EPI_ISL_9593310	EPI_ISL_9593310	EPI_ISL_9593310	EPI_ISL_9593310	EPI_ISL_9593310
A/swine/England/44988/2016	EPI_ISL_20050044	EPI_ISL_20050044	EPI_ISL_20050044	EPI_ISL_20050044	EPI_ISL_20050044	EPI_ISL_20050044	EPI_ISL_20050044	EPI_ISL_20050044
A/swine/France/53-190488/2019	EPI_ISL_9593311	EPI_ISL_9593311	EPI_ISL_9593311	EPI_ISL_9593311	EPI_ISL_9593311	EPI_ISL_9593311	EPI_ISL_9593311	EPI_ISL_9593311
A/swine/England/53048/2017	EPI_ISL_20050047	EPI_ISL_20050047	EPI_ISL_20050047	EPI_ISL_20050047	EPI_ISL_20050047	EPI_ISL_20050047	EPI_ISL_20050047	EPI_ISL_20050047
A/swine/France/50-190466/2019	EPI_ISL_9593308	EPI_ISL_9593308	EPI_ISL_9593308	EPI_ISL_9593308	EPI_ISL_9593308	EPI_ISL_9593308	EPI_ISL_9593308	EPI_ISL_9593308
A/swine/Italy/352331/2014	EPI_ISL_278858	EPI_ISL_278858	EPI_ISL_278858	EPI_ISL_278858	EPI_ISL_278858	EPI_ISL_278858	EPI_ISL_278858	EPI_ISL_278858
A/swine/France/50-190058/2019	EPI_ISL_9593305	EPI_ISL_9593305	EPI_ISL_9593305	EPI_ISL_9593305	EPI_ISL_9593305	EPI_ISL_9593305	EPI_ISL_9593305	EPI_ISL_9593305
A/swine/Italy/23721/2015	EPI_ISL_278849	EPI_ISL_278849	EPI_ISL_278849	EPI_ISL_278849	EPI_ISL_278849	EPI_ISL_278849	EPI_ISL_278849	EPI_ISL_278849
A/swine/France/64-190081/2019	EPI_ISL_9593334	EPI_ISL_9593334	EPI_ISL_9593334	EPI_ISL_9593334	EPI_ISL_9593334	EPI_ISL_9593334	EPI_ISL_9593334	EPI_ISL_9593334
A/swine/Italy/132401-2/2014	EPI_ISL_278882	EPI_ISL_278882	EPI_ISL_278882	EPI_ISL_278882	EPI_ISL_278882	EPI_ISL_278882	EPI_ISL_278882	EPI_ISL_278882
A/swine/Italy/282866/2013	EPI_ISL_278910	EPI_ISL_278910	EPI_ISL_278910	EPI_ISL_278910	EPI_ISL_278910	EPI_ISL_278910	EPI_ISL_278910	EPI_ISL_278910
A/swine/Italy/282881/2013	EPI_ISL_278911	EPI_ISL_278911	EPI_ISL_278911	EPI_ISL_278911	EPI_ISL_278911	EPI_ISL_278911	EPI_ISL_278911	EPI_ISL_278911
A/swine/Italy/198930-1/2013	EPI_ISL_278904	EPI_ISL_278904	EPI_ISL_278904	EPI_ISL_278904	EPI_ISL_278904	EPI_ISL_278904	EPI_ISL_278904	EPI_ISL_278904
A/swine/Italy/198930-3/2013	EPI_ISL_278905	EPI_ISL_278905	EPI_ISL_278905	EPI_ISL_278905	EPI_ISL_278905	EPI_ISL_278905	EPI_ISL_278905	EPI_ISL_278905
A/swine/Italy/269814/2013	EPI_ISL_278907	EPI_ISL_278907	EPI_ISL_278907	EPI_ISL_278907	EPI_ISL_278907	EPI_ISL_278907	EPI_ISL_278907	EPI_ISL_278907
A/swine/England/97085/2014	EPI_ISL_20050097	EPI_ISL_20050097	EPI_ISL_20050097	EPI_ISL_20050097	EPI_ISL_20050097	EPI_ISL_20050097	EPI_ISL_20050097	EPI_ISL_20050097
A/swine/England/96724/2014	EPI_ISL_20050096	EPI_ISL_20050096	EPI_ISL_20050096	EPI_ISL_20050096	EPI_ISL_20050096	EPI_ISL_20050096	EPI_ISL_20050096	EPI_ISL_20050096
A/swine/Italy/130452/2013	EPI_ISL_278918	EPI_ISL_278918	EPI_ISL_278918	EPI_ISL_278918	EPI_ISL_278918	EPI_ISL_278918	EPI_ISL_278918	EPI_ISL_278918
A/swine/Italy/280201/2013	EPI_ISL_278908	EPI_ISL_278908	EPI_ISL_278908	EPI_ISL_278908	EPI_ISL_278908	EPI_ISL_278908	EPI_ISL_278908	EPI_ISL_278908
A/swine/Italy/149878/2013	EPI_ISL_278919	EPI_ISL_278919	EPI_ISL_278919	EPI_ISL_278919	EPI_ISL_278919	EPI_ISL_278919	EPI_ISL_278919	EPI_ISL_278919
A/swine/Italy/101797/2012	EPI_ISL_278924	EPI_ISL_278924	EPI_ISL_278924	EPI_ISL_278924	EPI_ISL_278924	EPI_ISL_278924	EPI_ISL_278924	EPI_ISL_278924
A/swine/Italy/122567/2012	EPI_ISL_278925	EPI_ISL_278925	EPI_ISL_278925	EPI_ISL_278925	EPI_ISL_278925	EPI_ISL_278925	EPI_ISL_278925	EPI_ISL_278925
A/swine/Italy/122595/2012	EPI_ISL_278926	EPI_ISL_278926	EPI_ISL_278926	EPI_ISL_278926	EPI_ISL_278926	EPI_ISL_278926	EPI_ISL_278926	EPI_ISL_278926
A/swine/Italy/224721/2012	EPI_ISL_278927	EPI_ISL_278927	EPI_ISL_278927	EPI_ISL_278927	EPI_ISL_278927	EPI_ISL_278927	EPI_ISL_278927	EPI_ISL_278927
A/swine/Italy/229537/2011	EPI_ISL_278923	EPI_ISL_278923	EPI_ISL_278923	EPI_ISL_278923	EPI_ISL_278923	EPI_ISL_278923	EPI_ISL_278923	EPI_ISL_278923
A/swine/England/15824/2019	EPI_ISL_20050081	EPI_ISL_20050081	EPI_ISL_20050081	EPI_ISL_20050081	EPI_ISL_20050081	EPI_ISL_20050081	EPI_ISL_20050081	EPI_ISL_20050081
A/swine/Italy/337085/2012	EPI_ISL_278912	EPI_ISL_278912	EPI_ISL_278912	EPI_ISL_278912	EPI_ISL_278912	EPI_ISL_278912	EPI_ISL_278912	EPI_ISL_278912
A/swine/Italy/125010-1/2014	EPI_ISL_278880	EPI_ISL_278880	EPI_ISL_278880	EPI_ISL_278880	EPI_ISL_278880	EPI_ISL_278880	EPI_ISL_278880	EPI_ISL_278880
A/swine/Italy/327669/2013	EPI_ISL_278899	EPI_ISL_278899	EPI_ISL_278899	EPI_ISL_278899	EPI_ISL_278899	EPI_ISL_278899	EPI_ISL_278899	EPI_ISL_278899
A/swine/Italy/327666/2013	EPI_ISL_278898	EPI_ISL_278898	EPI_ISL_278898	EPI_ISL_278898	EPI_ISL_278898	EPI_ISL_278898	EPI_ISL_278898	EPI_ISL_278898
A/swine/France/72-190455/2019	EPI_ISL_9593338	EPI_ISL_9593338	EPI_ISL_9593338	EPI_ISL_9593338	EPI_ISL_9593338	EPI_ISL_9593338	EPI_ISL_9593338	EPI_ISL_9593338
A/swine/Italy/51411/2014	EPI_ISL_278892	EPI_ISL_278892	EPI_ISL_278892	EPI_ISL_278892	EPI_ISL_278892	EPI_ISL_278892	EPI_ISL_278892	EPI_ISL_278892
A/swine/France/72-190574/2019	EPI_ISL_9593339	EPI_ISL_9593339	EPI_ISL_9593339	EPI_ISL_9593339	EPI_ISL_9593339	EPI_ISL_9593339	EPI_ISL_9593339	EPI_ISL_9593339
A/swine/Italy/60011-3/2014	EPI_ISL_278893	EPI_ISL_278893	EPI_ISL_278893	EPI_ISL_278893	EPI_ISL_278893	EPI_ISL_278893	EPI_ISL_278893	EPI_ISL_278893
A/swine/France/72-190071/2019	EPI_ISL_9593336	EPI_ISL_9593336	EPI_ISL_9593336	EPI_ISL_9593336	EPI_ISL_9593336	EPI_ISL_9593336	EPI_ISL_9593336	EPI_ISL_9593336
A/swine/France/72-190321/2019	EPI_ISL_9593337	EPI_ISL_9593337	EPI_ISL_9593337	EPI_ISL_9593337	EPI_ISL_9593337	EPI_ISL_9593337	EPI_ISL_9593337	EPI_ISL_9593337
A/swine/Italy/87434/2014	EPI_ISL_278895	EPI_ISL_278895	EPI_ISL_278895	EPI_ISL_278895	EPI_ISL_278895	EPI_ISL_278895	EPI_ISL_278895	EPI_ISL_278895
A/swine/Italy/359202/2013	EPI_ISL_278888	EPI_ISL_278888	EPI_ISL_278888	EPI_ISL_278888	EPI_ISL_278888	EPI_ISL_278888	EPI_ISL_278888	EPI_ISL_278888
A/swine/France/56-190444/2019	EPI_ISL_9593317	EPI_ISL_9593317	EPI_ISL_9593317	EPI_ISL_9593317	EPI_ISL_9593317	EPI_ISL_9593317	EPI_ISL_9593317	EPI_ISL_9593317
A/swine/Italy/36662-2/2014	EPI_ISL_278891	EPI_ISL_278891	EPI_ISL_278891	EPI_ISL_278891	EPI_ISL_278891	EPI_ISL_278891	EPI_ISL_278891	EPI_ISL_278891
A/swine/Italy/346150/2013	EPI_ISL_278901	EPI_ISL_278901	EPI_ISL_278901	EPI_ISL_278901	EPI_ISL_278901	EPI_ISL_278901	EPI_ISL_278901	EPI_ISL_278901
A/swine/France/53-190540/2019	EPI_ISL_9593312	EPI_ISL_9593312	EPI_ISL_9593312	EPI_ISL_9593312	EPI_ISL_9593312	EPI_ISL_9593312	EPI_ISL_9593312	EPI_ISL_9593312
A/swine/Italy/349492/2013	EPI_ISL_278902	EPI_ISL_278902	EPI_ISL_278902	EPI_ISL_278902	EPI_ISL_278902	EPI_ISL_278902	EPI_ISL_278902	EPI_ISL_278902
A/swine/Italy/191002/2013	EPI_ISL_278903	EPI_ISL_278903	EPI_ISL_278903	EPI_ISL_278903	EPI_ISL_278903	EPI_ISL_278903	EPI_ISL_278903	EPI_ISL_278903
A/swine/France/56-190592/2019	EPI_ISL_9593318	EPI_ISL_9593318	EPI_ISL_9593318	EPI_ISL_9593318	EPI_ISL_9593318	EPI_ISL_9593318	EPI_ISL_9593318	EPI_ISL_9593318
A/swine/Italy/293841/2013	EPI_ISL_278896	EPI_ISL_278896	EPI_ISL_278896	EPI_ISL_278896	EPI_ISL_278896	EPI_ISL_278896	EPI_ISL_278896	EPI_ISL_278896
A/swine/Italy/311368/2013	EPI_ISL_278897	EPI_ISL_278897	EPI_ISL_278897	EPI_ISL_278897	EPI_ISL_278897	EPI_ISL_278897	EPI_ISL_278897	EPI_ISL_278897
A/swine/France/56-190288/2019	EPI_ISL_9593316	EPI_ISL_9593316	EPI_ISL_9593316	EPI_ISL_9593316	EPI_ISL_9593316	EPI_ISL_9593316	EPI_ISL_9593316	EPI_ISL_9593316
A/swine/Italy/34333/2014	EPI_ISL_278890	EPI_ISL_278890	EPI_ISL_278890	EPI_ISL_278890	EPI_ISL_278890	EPI_ISL_278890	EPI_ISL_278890	EPI_ISL_278890
A/swine/England/28256/2014	EPI_ISL_20050036	EPI_ISL_20050036	EPI_ISL_20050036	EPI_ISL_20050036	EPI_ISL_20050036	EPI_ISL_20050036	EPI_ISL_20050036	EPI_ISL_20050036
A/swine/England/28258/2014	EPI_ISL_20050037	EPI_ISL_20050037	EPI_ISL_20050037	EPI_ISL_20050037	EPI_ISL_20050037	EPI_ISL_20050037	EPI_ISL_20050037	EPI_ISL_20050037
A/swine/France/40-160098/2016	EPI_ISL_381047	EPI_ISL_381047	EPI_ISL_381047	EPI_ISL_381047	EPI_ISL_381047	EPI_ISL_381047	EPI_ISL_381047	EPI_ISL_381047
A/swine/France/65-160089/2016	EPI_ISL_381046	EPI_ISL_381046	EPI_ISL_381046	EPI_ISL_381046	EPI_ISL_381046	EPI_ISL_381046	EPI_ISL_381046	EPI_ISL_381046
A/swine/Italy/19-162921-14/2019	EPI_ISL_4083783	EPI_ISL_4083783	EPI_ISL_4083783	EPI_ISL_4083783	EPI_ISL_4083783	EPI_ISL_4083783	EPI_ISL_4083783	EPI_ISL_4083783
A/swine/France/72-160174/2016	EPI_ISL_381049	EPI_ISL_381049	EPI_ISL_381049	EPI_ISL_381049	EPI_ISL_381049	EPI_ISL_381049	EPI_ISL_381049	EPI_ISL_381049
A/swine/France/12-160129/2016	EPI_ISL_381048	EPI_ISL_381048	EPI_ISL_381048	EPI_ISL_381048	EPI_ISL_381048	EPI_ISL_381048	EPI_ISL_381048	EPI_ISL_381048
A/swine/France/64-150052/2015	EPI_ISL_381069	EPI_ISL_381069	EPI_ISL_381069	EPI_ISL_381069	EPI_ISL_381069	EPI_ISL_381069	EPI_ISL_381069	EPI_ISL_381069
A/swine/France/57-140136/2014	EPI_ISL_381068	EPI_ISL_381068	EPI_ISL_381068	EPI_ISL_381068	EPI_ISL_381068	EPI_ISL_381068	EPI_ISL_381068	EPI_ISL_381068
A/swine/France/35-160233/2016	EPI_ISL_381070	EPI_ISL_381070	EPI_ISL_381070	EPI_ISL_381070	EPI_ISL_381070	EPI_ISL_381070	EPI_ISL_381070	EPI_ISL_381070
A/swine/France/01-150203/2015	EPI_ISL_381065	EPI_ISL_381065	EPI_ISL_381065	EPI_ISL_381065	EPI_ISL_381065	EPI_ISL_381065	EPI_ISL_381065	EPI_ISL_381065
A/swine/France/40-160120/2016	EPI_ISL_381067	EPI_ISL_381067	EPI_ISL_381067	EPI_ISL_381067	EPI_ISL_381067	EPI_ISL_381067	EPI_ISL_381067	EPI_ISL_381067
A/swine/Italy/19-163539-16/2019	EPI_ISL_4083804	EPI_ISL_4083804	EPI_ISL_4083804	EPI_ISL_4083804	EPI_ISL_4083804	EPI_ISL_4083804	EPI_ISL_4083804	EPI_ISL_4083804
A/swine/France/35-140382/2014	EPI_ISL_381066	EPI_ISL_381066	EPI_ISL_381066	EPI_ISL_381066	EPI_ISL_381066	EPI_ISL_381066	EPI_ISL_381066	EPI_ISL_381066
A/Swine/AT_StPoelten/2294/2019	EPI_ISL_19141048	EPI_ISL_19141048	EPI_ISL_19141048	EPI_ISL_19141048	EPI_ISL_19141048	EPI_ISL_19141048	EPI_ISL_19141048	EPI_ISL_19141048
A/swine/Italy/IZSLER-1767497/2015	EPI_ISL_18756020	EPI_ISL_18756020	EPI_ISL_18756020	EPI_ISL_18756020	EPI_ISL_18756020	EPI_ISL_18756020	EPI_ISL_18756020	EPI_ISL_18756020
A/Swine/AT_Styria/18340/2018	EPI_ISL_19141020	EPI_ISL_19141020	EPI_ISL_19141020	EPI_ISL_19141020	EPI_ISL_19141020	EPI_ISL_19141020	EPI_ISL_19141020	EPI_ISL_19141020
A/Swine/AT_Leibnitz/8719/2018	EPI_ISL_19141021	EPI_ISL_19141021	EPI_ISL_19141021	EPI_ISL_19141021	EPI_ISL_19141021	EPI_ISL_19141021	EPI_ISL_19141021	EPI_ISL_19141021
A/Swine/AT_NOE/129181/2019	EPI_ISL_19141022	EPI_ISL_19141022	EPI_ISL_19141022	EPI_ISL_19141022	EPI_ISL_19141022	EPI_ISL_19141022	EPI_ISL_19141022	EPI_ISL_19141022
A/swine/Italy/19-176305_7/2019	EPI_ISL_4083842	EPI_ISL_4083842	EPI_ISL_4083842	EPI_ISL_4083842	EPI_ISL_4083842	EPI_ISL_4083842	EPI_ISL_4083842	EPI_ISL_4083842
A/swine/Austria/263-05/2005	EPI_ISL_18592208	EPI_ISL_18592208	EPI_ISL_18592208	EPI_ISL_18592208	EPI_ISL_18592208	EPI_ISL_18592208	EPI_ISL_18592208	EPI_ISL_18592208
A/swine/Denmark/19-02109-3/2019	EPI_ISL_19751414	EPI_ISL_19751414	EPI_ISL_19751414	EPI_ISL_19751414	EPI_ISL_19751414	EPI_ISL_19751414	EPI_ISL_19751414	EPI_ISL_19751414
A/swine/Italy/24047/2019	EPI_ISL_14749696	EPI_ISL_14749696	EPI_ISL_14749696	EPI_ISL_14749696	EPI_ISL_14749696	EPI_ISL_14749696	EPI_ISL_14749696	EPI_ISL_14749696
A/Swine/AT_StPoelten/2293/2019	EPI_ISL_19141047	EPI_ISL_19141047	EPI_ISL_19141047	EPI_ISL_19141047	EPI_ISL_19141047	EPI_ISL_19141047	EPI_ISL_19141047	EPI_ISL_19141047
A/swine/Italy/17-165437/2017	EPI_ISL_4083823	EPI_ISL_4083823	EPI_ISL_4083823	EPI_ISL_4083823	EPI_ISL_4083823	EPI_ISL_4083823	EPI_ISL_4083823	EPI_ISL_4083823
A/swine/Italy/17-147155-17/2017	EPI_ISL_4083715	EPI_ISL_4083715	EPI_ISL_4083715	EPI_ISL_4083715	EPI_ISL_4083715	EPI_ISL_4083715	EPI_ISL_4083715	EPI_ISL_4083715
A/Greece/SRIHER-001/2022				EPI_ISL_18017780				
A/swine/Germany/R313/2015	EPI_ISL_245764	EPI_ISL_245764	EPI_ISL_245764	EPI_ISL_245764	EPI_ISL_245764	EPI_ISL_245764	EPI_ISL_245764	EPI_ISL_245764
A/swine/Germany/R318/2015	EPI_ISL_245771	EPI_ISL_245771	EPI_ISL_245771	EPI_ISL_245771	EPI_ISL_245771	EPI_ISL_245771	EPI_ISL_245771	EPI_ISL_245771
A/swine/Italy/17-66778-1/2017	EPI_ISL_4083736	EPI_ISL_4083736	EPI_ISL_4083736	EPI_ISL_4083736	EPI_ISL_4083736	EPI_ISL_4083736	EPI_ISL_4083736	EPI_ISL_4083736
A/swine/Italy/17-137733-46/2017	EPI_ISL_4083737	EPI_ISL_4083737	EPI_ISL_4083737	EPI_ISL_4083737	EPI_ISL_4083737	EPI_ISL_4083737	EPI_ISL_4083737	EPI_ISL_4083737
A/swine/Italy/17-55088-15/2017	EPI_ISL_4083734	EPI_ISL_4083734	EPI_ISL_4083734	EPI_ISL_4083734	EPI_ISL_4083734	EPI_ISL_4083734	EPI_ISL_4083734	EPI_ISL_4083734
A/swine/Italy/17-2895/2017	EPI_ISL_4083735	EPI_ISL_4083735	EPI_ISL_4083735	EPI_ISL_4083735	EPI_ISL_4083735	EPI_ISL_4083735	EPI_ISL_4083735	EPI_ISL_4083735
A/swine/Italy/17-34594-3/2017	EPI_ISL_4083732	EPI_ISL_4083732	EPI_ISL_4083732	EPI_ISL_4083732	EPI_ISL_4083732	EPI_ISL_4083732	EPI_ISL_4083732	EPI_ISL_4083732
A/swine/Italy/17-55088-13/2017	EPI_ISL_4083733	EPI_ISL_4083733	EPI_ISL_4083733	EPI_ISL_4083733	EPI_ISL_4083733	EPI_ISL_4083733	EPI_ISL_4083733	EPI_ISL_4083733
A/swine/Italy/18-82770-28/2018	EPI_ISL_4083731	EPI_ISL_4083731	EPI_ISL_4083731	EPI_ISL_4083731	EPI_ISL_4083731	EPI_ISL_4083731	EPI_ISL_4083731	EPI_ISL_4083731
A/swine/Italy/19-61749-11/2019	EPI_ISL_4083712	EPI_ISL_4083712	EPI_ISL_4083712	EPI_ISL_4083712	EPI_ISL_4083712	EPI_ISL_4083712	EPI_ISL_4083712	EPI_ISL_4083712
A/swine/Italy/19-66854_2/2019	EPI_ISL_4083726	EPI_ISL_4083726	EPI_ISL_4083726	EPI_ISL_4083726	EPI_ISL_4083726	EPI_ISL_4083726	EPI_ISL_4083726	EPI_ISL_4083726
A/swine/Italy/19-176304-1/2019	EPI_ISL_4083725	EPI_ISL_4083725	EPI_ISL_4083725	EPI_ISL_4083725	EPI_ISL_4083725	EPI_ISL_4083725	EPI_ISL_4083725	EPI_ISL_4083725
A/swine/Italy/19-162065-4/2019	EPI_ISL_4083723	EPI_ISL_4083723	EPI_ISL_4083723	EPI_ISL_4083723	EPI_ISL_4083723	EPI_ISL_4083723	EPI_ISL_4083723	EPI_ISL_4083723
A/swine/Italy/19-142834-30/2019	EPI_ISL_4083720	EPI_ISL_4083720	EPI_ISL_4083720	EPI_ISL_4083720	EPI_ISL_4083720	EPI_ISL_4083720	EPI_ISL_4083720	EPI_ISL_4083720
A/swine/Italy/18/2000	EPI_ISL_95878	EPI_ISL_73783	EPI_ISL_73783	EPI_ISL_73783	EPI_ISL_95878	EPI_ISL_95878	EPI_ISL_73783	EPI_ISL_95878
A/swine/Italy/18-170704/2018	EPI_ISL_4083721	EPI_ISL_4083721	EPI_ISL_4083721	EPI_ISL_4083721	EPI_ISL_4083721	EPI_ISL_4083721	EPI_ISL_4083721	EPI_ISL_4083721
A/swine/Italy/19-125153_7/2019	EPI_ISL_4083718	EPI_ISL_4083718	EPI_ISL_4083718	EPI_ISL_4083718	EPI_ISL_4083718	EPI_ISL_4083718	EPI_ISL_4083718	EPI_ISL_4083718
A/swine/Italy/19-142834/2019	EPI_ISL_4083719	EPI_ISL_4083719	EPI_ISL_4083719	EPI_ISL_4083719	EPI_ISL_4083719	EPI_ISL_4083719	EPI_ISL_4083719	EPI_ISL_4083719
A/swine/Italy/19-49885-4/2019	EPI_ISL_4083716	EPI_ISL_4083716	EPI_ISL_4083716	EPI_ISL_4083716	EPI_ISL_4083716	EPI_ISL_4083716	EPI_ISL_4083716	EPI_ISL_4083716
A/swine/Italy/19-125153_19/2019	EPI_ISL_4083717	EPI_ISL_4083717	EPI_ISL_4083717	EPI_ISL_4083717	EPI_ISL_4083717	EPI_ISL_4083717	EPI_ISL_4083717	EPI_ISL_4083717
A/swine/Italy/17-147155-16/2017	EPI_ISL_4083714	EPI_ISL_4083714	EPI_ISL_4083714	EPI_ISL_4083714	EPI_ISL_4083714	EPI_ISL_4083714	EPI_ISL_4083714	EPI_ISL_4083714
A/swine/Italy/17-66671-3/2017	EPI_ISL_4083724	EPI_ISL_4083724	EPI_ISL_4083724	EPI_ISL_4083724	EPI_ISL_4083724	EPI_ISL_4083724	EPI_ISL_4083724	EPI_ISL_4083724
A/swine/Italy/198140/2019	EPI_ISL_14749701	EPI_ISL_14749701	EPI_ISL_14749701	EPI_ISL_14749701	EPI_ISL_14749701	EPI_ISL_14749701	EPI_ISL_14749701	EPI_ISL_14749701
A/swine/Italy/202244/2019	EPI_ISL_14749700	EPI_ISL_14749700	EPI_ISL_14749700	EPI_ISL_14749700	EPI_ISL_14749700	EPI_ISL_14749700	EPI_ISL_14749700	EPI_ISL_14749700
A/swine/Sweden/1021/2009	EPI_ISL_61669	EPI_ISL_61669	EPI_ISL_61669	EPI_ISL_61669	EPI_ISL_61669	EPI_ISL_61669	EPI_ISL_61669	EPI_ISL_61669
A/swine/Italy/56341/2015	EPI_ISL_278836	EPI_ISL_278836	EPI_ISL_278836	EPI_ISL_278836	EPI_ISL_278836	EPI_ISL_278836	EPI_ISL_278836	EPI_ISL_278836
A/swine/Italy/58197/2015	EPI_ISL_278837	EPI_ISL_278837	EPI_ISL_278837	EPI_ISL_278837	EPI_ISL_278837	EPI_ISL_278837	EPI_ISL_278837	EPI_ISL_278837
A/swine/Italy/65210/2015	EPI_ISL_278838	EPI_ISL_278838	EPI_ISL_278838	EPI_ISL_278838	EPI_ISL_278838	EPI_ISL_278838	EPI_ISL_278838	EPI_ISL_278838
A/swine/Italy/73436/2015	EPI_ISL_278839	EPI_ISL_278839	EPI_ISL_278839	EPI_ISL_278839	EPI_ISL_278839	EPI_ISL_278839	EPI_ISL_278839	EPI_ISL_278839
A/swine/Italy/187946/2015	EPI_ISL_278832	EPI_ISL_278832	EPI_ISL_278832	EPI_ISL_278832	EPI_ISL_278832	EPI_ISL_278832	EPI_ISL_278832	EPI_ISL_278832
A/swine/Italy/203964/2015	EPI_ISL_278833	EPI_ISL_278833	EPI_ISL_278833	EPI_ISL_278833	EPI_ISL_278833	EPI_ISL_278833	EPI_ISL_278833	EPI_ISL_278833
A/swine/Italy/203977/2015	EPI_ISL_278834	EPI_ISL_278834	EPI_ISL_278834	EPI_ISL_278834	EPI_ISL_278834	EPI_ISL_278834	EPI_ISL_278834	EPI_ISL_278834
A/swine/Italy/36818-4/2015	EPI_ISL_278835	EPI_ISL_278835	EPI_ISL_278835	EPI_ISL_278835	EPI_ISL_278835	EPI_ISL_278835	EPI_ISL_278835	EPI_ISL_278835
A/swine/Italy/3033-1/2015	EPI_ISL_278845	EPI_ISL_278845	EPI_ISL_278845	EPI_ISL_278845	EPI_ISL_278845	EPI_ISL_278845	EPI_ISL_278845	EPI_ISL_278845
A/swine/Italy/129452/2015	EPI_ISL_278840	EPI_ISL_278840	EPI_ISL_278840	EPI_ISL_278840	EPI_ISL_278840	EPI_ISL_278840	EPI_ISL_278840	EPI_ISL_278840
A/swine/Italy/328356/2014	EPI_ISL_278852	EPI_ISL_278852	EPI_ISL_278852	EPI_ISL_278852	EPI_ISL_278852	EPI_ISL_278852	EPI_ISL_278852	EPI_ISL_278852
A/swine/Italy/333140/2014	EPI_ISL_278853	EPI_ISL_278853	EPI_ISL_278853	EPI_ISL_278853	EPI_ISL_278853	EPI_ISL_278853	EPI_ISL_278853	EPI_ISL_278853
A/swine/England/26605/2014	EPI_ISL_20050035	EPI_ISL_20050035	EPI_ISL_20050035	EPI_ISL_20050035	EPI_ISL_20050035	EPI_ISL_20050035	EPI_ISL_20050035	EPI_ISL_20050035
A/swine/Italy/334694-1/2014	EPI_ISL_278854	EPI_ISL_278854	EPI_ISL_278854	EPI_ISL_278854	EPI_ISL_278854	EPI_ISL_278854	EPI_ISL_278854	EPI_ISL_278854
A/swine/Italy/10915/2015	EPI_ISL_278846	EPI_ISL_278846	EPI_ISL_278846	EPI_ISL_278846	EPI_ISL_278846	EPI_ISL_278846	EPI_ISL_278846	EPI_ISL_278846
A/swine/Italy/179057/2015	EPI_ISL_278831	EPI_ISL_278831	EPI_ISL_278831	EPI_ISL_278831	EPI_ISL_278831	EPI_ISL_278831	EPI_ISL_278831	EPI_ISL_278831
A/swine/Italy/161692/2015	EPI_ISL_278830	EPI_ISL_278830	EPI_ISL_278830	EPI_ISL_278830	EPI_ISL_278830	EPI_ISL_278830	EPI_ISL_278830	EPI_ISL_278830
A/swine/Italy/185838/2019	EPI_ISL_14749703	EPI_ISL_14749703	EPI_ISL_14749703	EPI_ISL_14749703	EPI_ISL_14749703	EPI_ISL_14749703	EPI_ISL_14749703	EPI_ISL_14749703
A/swine/Italy/181296/2019	EPI_ISL_14749704	EPI_ISL_14749704	EPI_ISL_14749704	EPI_ISL_14749704	EPI_ISL_14749704	EPI_ISL_14749704	EPI_ISL_14749704	EPI_ISL_14749704
A/swine/Italy/15878/2019	EPI_ISL_14749707	EPI_ISL_14749707	EPI_ISL_14749707	EPI_ISL_14749707	EPI_ISL_14749707	EPI_ISL_14749707	EPI_ISL_14749707	EPI_ISL_14749707
A/swine/Italy/154035/2019	EPI_ISL_14749709	EPI_ISL_14749709	EPI_ISL_14749709	EPI_ISL_14749709	EPI_ISL_14749709	EPI_ISL_14749709	EPI_ISL_14749709	EPI_ISL_14749709
A/swine/Italy/161875/2019	EPI_ISL_14749708	EPI_ISL_14749708	EPI_ISL_14749708	EPI_ISL_14749708	EPI_ISL_14749708	EPI_ISL_14749708	EPI_ISL_14749708	EPI_ISL_14749708
A/swine/Italy/134212/2019	EPI_ISL_14749711	EPI_ISL_14749711	EPI_ISL_14749711	EPI_ISL_14749711	EPI_ISL_14749711	EPI_ISL_14749711	EPI_ISL_14749711	EPI_ISL_14749711
A/swine/Italy/126300/2019	EPI_ISL_14749713	EPI_ISL_14749713	EPI_ISL_14749713	EPI_ISL_14749713	EPI_ISL_14749713	EPI_ISL_14749713	EPI_ISL_14749713	EPI_ISL_14749713
A/swine/Italy/118860/2019	EPI_ISL_14749715	EPI_ISL_14749715	EPI_ISL_14749715	EPI_ISL_14749715	EPI_ISL_14749715	EPI_ISL_14749715	EPI_ISL_14749715	EPI_ISL_14749715
A/swine/Italy/124025/2019	EPI_ISL_14749714	EPI_ISL_14749714	EPI_ISL_14749714	EPI_ISL_14749714	EPI_ISL_14749714	EPI_ISL_14749714	EPI_ISL_14749714	EPI_ISL_14749714
A/swine/Italy/115494/2019	EPI_ISL_14749716	EPI_ISL_14749716	EPI_ISL_14749716	EPI_ISL_14749716	EPI_ISL_14749716	EPI_ISL_14749716	EPI_ISL_14749716	EPI_ISL_14749716
A/swine/Italy/102227/2019	EPI_ISL_14749719	EPI_ISL_14749719	EPI_ISL_14749719	EPI_ISL_14749719	EPI_ISL_14749719	EPI_ISL_14749719	EPI_ISL_14749719	EPI_ISL_14749719
A/swine/France/29-190583/2019	EPI_ISL_9593217	EPI_ISL_9593217	EPI_ISL_9593217	EPI_ISL_9593217	EPI_ISL_9593217	EPI_ISL_9593217	EPI_ISL_9593217	EPI_ISL_9593217
A/swine/Italy/208724/2015	EPI_ISL_278822	EPI_ISL_278822	EPI_ISL_278822	EPI_ISL_278822	EPI_ISL_278822	EPI_ISL_278822	EPI_ISL_278822	EPI_ISL_278822
A/swine/France/71-130116/2013	EPI_ISL_188704	EPI_ISL_188704	EPI_ISL_188704	EPI_ISL_188704	EPI_ISL_188704	EPI_ISL_188704	EPI_ISL_188704	EPI_ISL_188704
A/swine/Italy/216876/2015	EPI_ISL_278823	EPI_ISL_278823	EPI_ISL_278823	EPI_ISL_278823	EPI_ISL_278823	EPI_ISL_278823	EPI_ISL_278823	EPI_ISL_278823
A/swine/Italy/140863/2015	EPI_ISL_278828	EPI_ISL_278828	EPI_ISL_278828	EPI_ISL_278828	EPI_ISL_278828	EPI_ISL_278828	EPI_ISL_278828	EPI_ISL_278828
A/swine/Italy/154890-2/2015	EPI_ISL_278829	EPI_ISL_278829	EPI_ISL_278829	EPI_ISL_278829	EPI_ISL_278829	EPI_ISL_278829	EPI_ISL_278829	EPI_ISL_278829
A/swine/England/155224/2016	EPI_ISL_20050080	EPI_ISL_20050080	EPI_ISL_20050080	EPI_ISL_20050080	EPI_ISL_20050080	EPI_ISL_20050080	EPI_ISL_20050080	EPI_ISL_20050080
A/swine/England/16993/2019	EPI_ISL_20050083	EPI_ISL_20050083	EPI_ISL_20050083	EPI_ISL_20050083	EPI_ISL_20050083	EPI_ISL_20050083	EPI_ISL_20050083	EPI_ISL_20050083
A/swine/England/161192/2016	EPI_ISL_20050082	EPI_ISL_20050082	EPI_ISL_20050082	EPI_ISL_20050082	EPI_ISL_20050082	EPI_ISL_20050082	EPI_ISL_20050082	EPI_ISL_20050082
A/swine/England/175093/2016	EPI_ISL_20050085	EPI_ISL_20050085	EPI_ISL_20050085	EPI_ISL_20050085	EPI_ISL_20050085	EPI_ISL_20050085	EPI_ISL_20050085	EPI_ISL_20050085
A/swine/Hungary/19774/2006	EPI_ISL_29308	EPI_ISL_29308	EPI_ISL_29308	EPI_ISL_29308	EPI_ISL_29308	EPI_ISL_29308	EPI_ISL_29308	EPI_ISL_29308
A/swine/Spain/50547/2019	EPI_ISL_9593373	EPI_ISL_9593373	EPI_ISL_9593373	EPI_ISL_9593373	EPI_ISL_9593373	EPI_ISL_9593373	EPI_ISL_9593373	EPI_ISL_9593373
A/swine/Spain/31174/2019	EPI_ISL_9593374	EPI_ISL_9593374	EPI_ISL_9593374	EPI_ISL_9593374	EPI_ISL_9593374	EPI_ISL_9593374	EPI_ISL_9593374	EPI_ISL_9593374
A/swine/Spain/6370/2018	EPI_ISL_9593375	EPI_ISL_9593375	EPI_ISL_9593375	EPI_ISL_9593375	EPI_ISL_9593375	EPI_ISL_9593375	EPI_ISL_9593375	EPI_ISL_9593375
A/swine/England/78337/2019	EPI_ISL_20050053	EPI_ISL_20050053	EPI_ISL_20050053	EPI_ISL_20050053	EPI_ISL_20050053	EPI_ISL_20050053	EPI_ISL_20050053	EPI_ISL_20050053
A/Verona/2810/2009	EPI_ISL_19718296	EPI_ISL_19718296	EPI_ISL_19718296	EPI_ISL_19718296	EPI_ISL_19718296	EPI_ISL_19718296	EPI_ISL_19718296	EPI_ISL_19718296
A/swine/England/75667/2019	EPI_ISL_20050052	EPI_ISL_20050052	EPI_ISL_20050052	EPI_ISL_20050052	EPI_ISL_20050052	EPI_ISL_20050052	EPI_ISL_20050052	EPI_ISL_20050052
A/swine/England/82444/2019	EPI_ISL_20050055	EPI_ISL_20050055	EPI_ISL_20050055	EPI_ISL_20050055	EPI_ISL_20050055	EPI_ISL_20050055	EPI_ISL_20050055	EPI_ISL_20050055
A/swine/England/79389/2019	EPI_ISL_20050054	EPI_ISL_20050054	EPI_ISL_20050054	EPI_ISL_20050054	EPI_ISL_20050054	EPI_ISL_20050054	EPI_ISL_20050054	EPI_ISL_20050054
A/swine/England/87377/2014	EPI_ISL_20050057	EPI_ISL_20050057	EPI_ISL_20050057	EPI_ISL_20050057	EPI_ISL_20050057	EPI_ISL_20050057	EPI_ISL_20050057	EPI_ISL_20050057
A/swine/England/83412/2019	EPI_ISL_20050056	EPI_ISL_20050056	EPI_ISL_20050056	EPI_ISL_20050056	EPI_ISL_20050056	EPI_ISL_20050056	EPI_ISL_20050056	EPI_ISL_20050056
A/swine/England/91736/2014	EPI_ISL_20050059	EPI_ISL_20050059	EPI_ISL_20050059	EPI_ISL_20050059	EPI_ISL_20050059	EPI_ISL_20050059	EPI_ISL_20050059	EPI_ISL_20050059
A/swine/Geldern/IDT2888/2004	EPI_ISL_29114	EPI_ISL_29114	EPI_ISL_29114	EPI_ISL_29114	EPI_ISL_29114	EPI_ISL_29114	EPI_ISL_29114	EPI_ISL_29114
A/swine/Spain/34/2009	EPI_ISL_123314	EPI_ISL_123314	EPI_ISL_123314	EPI_ISL_123314	EPI_ISL_123314	EPI_ISL_123314	EPI_ISL_123314	EPI_ISL_123314
A/swine/England/91215/2014	EPI_ISL_20050058	EPI_ISL_20050058	EPI_ISL_20050058	EPI_ISL_20050058	EPI_ISL_20050058	EPI_ISL_20050058	EPI_ISL_20050058	EPI_ISL_20050058
A/swine/Greven/IDT2889/2004	EPI_ISL_29116	EPI_ISL_29116	EPI_ISL_29116	EPI_ISL_29116	EPI_ISL_29116	EPI_ISL_29116	EPI_ISL_29116	EPI_ISL_29116
A/swine/England/91738/2014	EPI_ISL_20050060	EPI_ISL_20050060	EPI_ISL_20050060	EPI_ISL_20050060	EPI_ISL_20050060	EPI_ISL_20050060	EPI_ISL_20050060	EPI_ISL_20050060
A/swine/England/64519/2018	EPI_ISL_20050063	EPI_ISL_20050063	EPI_ISL_20050063	EPI_ISL_20050063	EPI_ISL_20050063	EPI_ISL_20050063	EPI_ISL_20050063	EPI_ISL_20050063
A/swine/France/29-190437/2019	EPI_ISL_9593203	EPI_ISL_9593203	EPI_ISL_9593203	EPI_ISL_9593203	EPI_ISL_9593203	EPI_ISL_9593203	EPI_ISL_9593203	EPI_ISL_9593203
A/swine/France/29-190493/2019	EPI_ISL_9593207	EPI_ISL_9593207	EPI_ISL_9593207	EPI_ISL_9593207	EPI_ISL_9593207	EPI_ISL_9593207	EPI_ISL_9593207	EPI_ISL_9593207
A/swine/France/29-190487/2019	EPI_ISL_9593205	EPI_ISL_9593205	EPI_ISL_9593205	EPI_ISL_9593205	EPI_ISL_9593205	EPI_ISL_9593205	EPI_ISL_9593205	EPI_ISL_9593205
A/swine/Germany/AR1760/2014	EPI_ISL_238059	EPI_ISL_238059	EPI_ISL_238059	EPI_ISL_238059	EPI_ISL_238059	EPI_ISL_238059	EPI_ISL_238059	EPI_ISL_238059
A/swine/France/29-190501/2019	EPI_ISL_9593211	EPI_ISL_9593211	EPI_ISL_9593211	EPI_ISL_9593211	EPI_ISL_9593211	EPI_ISL_9593211	EPI_ISL_9593211	EPI_ISL_9593211
A/swine/England/66871/2018	EPI_ISL_20050050	EPI_ISL_20050050	EPI_ISL_20050050	EPI_ISL_20050050	EPI_ISL_20050050	EPI_ISL_20050050	EPI_ISL_20050050	EPI_ISL_20050050
A/swine/England/72591/2019	EPI_ISL_20050051	EPI_ISL_20050051	EPI_ISL_20050051	EPI_ISL_20050051	EPI_ISL_20050051	EPI_ISL_20050051	EPI_ISL_20050051	EPI_ISL_20050051
A/swine/England/16994/2019	EPI_ISL_20050084	EPI_ISL_20050084	EPI_ISL_20050084	EPI_ISL_20050084	EPI_ISL_20050084	EPI_ISL_20050084	EPI_ISL_20050084	EPI_ISL_20050084
A/swine/England/204998/2018	EPI_ISL_20050087	EPI_ISL_20050087	EPI_ISL_20050087	EPI_ISL_20050087	EPI_ISL_20050087	EPI_ISL_20050087	EPI_ISL_20050087	EPI_ISL_20050087
A/swine/England/180277/2017	EPI_ISL_20050086	EPI_ISL_20050086	EPI_ISL_20050086	EPI_ISL_20050086	EPI_ISL_20050086	EPI_ISL_20050086	EPI_ISL_20050086	EPI_ISL_20050086
A/swine/England/220198/2015	EPI_ISL_20050089	EPI_ISL_20050089	EPI_ISL_20050089	EPI_ISL_20050089	EPI_ISL_20050089	EPI_ISL_20050089	EPI_ISL_20050089	EPI_ISL_20050089
A/swine/England/219508/2019	EPI_ISL_20050088	EPI_ISL_20050088	EPI_ISL_20050088	EPI_ISL_20050088	EPI_ISL_20050088	EPI_ISL_20050088	EPI_ISL_20050088	EPI_ISL_20050088
A/swine/England/226704/2019	EPI_ISL_20050090	EPI_ISL_20050090	EPI_ISL_20050090	EPI_ISL_20050090	EPI_ISL_20050090	EPI_ISL_20050090	EPI_ISL_20050090	EPI_ISL_20050090
A/swine/Spain/13/2009	EPI_ISL_123293	EPI_ISL_123293	EPI_ISL_123293	EPI_ISL_123293	EPI_ISL_123293	EPI_ISL_123293	EPI_ISL_123293	EPI_ISL_123293
A/swine/England/130543/2015	EPI_ISL_20050069	EPI_ISL_20050069	EPI_ISL_20050069	EPI_ISL_20050069	EPI_ISL_20050069	EPI_ISL_20050069	EPI_ISL_20050069	EPI_ISL_20050069
A/swine/England/135933/2015	EPI_ISL_20050071	EPI_ISL_20050071	EPI_ISL_20050071	EPI_ISL_20050071	EPI_ISL_20050071	EPI_ISL_20050071	EPI_ISL_20050071	EPI_ISL_20050071
A/swine/England/132457/2015	EPI_ISL_20050070	EPI_ISL_20050070	EPI_ISL_20050070	EPI_ISL_20050070	EPI_ISL_20050070	EPI_ISL_20050070	EPI_ISL_20050070	EPI_ISL_20050070
A/swine/Loeningen/IDT2530/2003	EPI_ISL_29106	EPI_ISL_29106	EPI_ISL_29106	EPI_ISL_29106	EPI_ISL_29106	EPI_ISL_29106	EPI_ISL_29106	EPI_ISL_29106
A/swine/England/142339/2015	EPI_ISL_20050073	EPI_ISL_20050073	EPI_ISL_20050073	EPI_ISL_20050073	EPI_ISL_20050073	EPI_ISL_20050073	EPI_ISL_20050073	EPI_ISL_20050073
A/swine/England/143740/2015	EPI_ISL_20050075	EPI_ISL_20050075	EPI_ISL_20050075	EPI_ISL_20050075	EPI_ISL_20050075	EPI_ISL_20050075	EPI_ISL_20050075	EPI_ISL_20050075
A/swine/England/143739/2015	EPI_ISL_20050074	EPI_ISL_20050074	EPI_ISL_20050074	EPI_ISL_20050074	EPI_ISL_20050074	EPI_ISL_20050074	EPI_ISL_20050074	EPI_ISL_20050074
A/swine/England/151782/2016	EPI_ISL_20050077	EPI_ISL_20050077	EPI_ISL_20050077	EPI_ISL_20050077	EPI_ISL_20050077	EPI_ISL_20050077	EPI_ISL_20050077	EPI_ISL_20050077
A/swine/England/151720/2016	EPI_ISL_20050076	EPI_ISL_20050076	EPI_ISL_20050076	EPI_ISL_20050076	EPI_ISL_20050076	EPI_ISL_20050076	EPI_ISL_20050076	EPI_ISL_20050076
A/swine/England/153554/2016	EPI_ISL_20050079	EPI_ISL_20050079	EPI_ISL_20050079	EPI_ISL_20050079	EPI_ISL_20050079	EPI_ISL_20050079	EPI_ISL_20050079	EPI_ISL_20050079
A/swine/Spain/31/2009	EPI_ISL_123311	EPI_ISL_123311	EPI_ISL_123311	EPI_ISL_123311	EPI_ISL_123311	EPI_ISL_123311	EPI_ISL_123311	EPI_ISL_123311
A/swine/England/153553/2016	EPI_ISL_20050078	EPI_ISL_20050078	EPI_ISL_20050078	EPI_ISL_20050078	EPI_ISL_20050078	EPI_ISL_20050078	EPI_ISL_20050078	EPI_ISL_20050078
A/swine/England/62942/2018	EPI_ISL_20050049	EPI_ISL_20050049	EPI_ISL_20050049	EPI_ISL_20050049	EPI_ISL_20050049	EPI_ISL_20050049	EPI_ISL_20050049	EPI_ISL_20050049
A/swine/England/263079/2020	EPI_ISL_20050048	EPI_ISL_20050048	EPI_ISL_20050048	EPI_ISL_20050048	EPI_ISL_20050048	EPI_ISL_20050048	EPI_ISL_20050048	EPI_ISL_20050048
A/swine/England/140499/2015	EPI_ISL_20050072	EPI_ISL_20050072	EPI_ISL_20050072	EPI_ISL_20050072	EPI_ISL_20050072	EPI_ISL_20050072	EPI_ISL_20050072	EPI_ISL_20050072
A/swine/France/29-190500/2019	EPI_ISL_9593209	EPI_ISL_9593209	EPI_ISL_9593209	EPI_ISL_9593209	EPI_ISL_9593209	EPI_ISL_9593209	EPI_ISL_9593209	EPI_ISL_9593209
A/swine/France/29-190580/2019	EPI_ISL_9593215	EPI_ISL_9593215	EPI_ISL_9593215	EPI_ISL_9593215	EPI_ISL_9593215	EPI_ISL_9593215	EPI_ISL_9593215	EPI_ISL_9593215
A/swine/Germany/AR3006/2016	EPI_ISL_238062	EPI_ISL_238062	EPI_ISL_238062	EPI_ISL_238062	EPI_ISL_238062	EPI_ISL_238062	EPI_ISL_238062	EPI_ISL_238062
A/swine/Denmark/20_05812_5/2020	EPI_ISL_19751700	EPI_ISL_19751700	EPI_ISL_19751700	EPI_ISL_19751700	EPI_ISL_19751700	EPI_ISL_19751700	EPI_ISL_19751700	EPI_ISL_19751700
A/swine/Bakum/1832/2000	EPI_ISL_4666	EPI_ISL_4666	EPI_ISL_4666	EPI_ISL_4666	EPI_ISL_4666	EPI_ISL_4666	EPI_ISL_4666	EPI_ISL_4666
A/swine/Denmark/20_05604_2/2020	EPI_ISL_19751697	EPI_ISL_19751697	EPI_ISL_19751697	EPI_ISL_19751697	EPI_ISL_19751697	EPI_ISL_19751697	EPI_ISL_19751697	EPI_ISL_19751697
A/swine/Denmark/20_05341_5/2020	EPI_ISL_19751696	EPI_ISL_19751696	EPI_ISL_19751696	EPI_ISL_19751696	EPI_ISL_19751696	EPI_ISL_19751696	EPI_ISL_19751696	EPI_ISL_19751696
A/swine/Denmark/20_05766_4/2020	EPI_ISL_19751699	EPI_ISL_19751699	EPI_ISL_19751699	EPI_ISL_19751699	EPI_ISL_19751699	EPI_ISL_19751699	EPI_ISL_19751699	EPI_ISL_19751699
A/swine/Denmark/20_05666_4/2020	EPI_ISL_19751698	EPI_ISL_19751698	EPI_ISL_19751698	EPI_ISL_19751698	EPI_ISL_19751698	EPI_ISL_19751698	EPI_ISL_19751698	EPI_ISL_19751698
A/swine/France/29-190539/2019	EPI_ISL_9593213	EPI_ISL_9593213	EPI_ISL_9593213	EPI_ISL_9593213	EPI_ISL_9593213	EPI_ISL_9593213	EPI_ISL_9593213	EPI_ISL_9593213
A/swine/Visbek/22471/2015	EPI_ISL_504331	EPI_ISL_504331	EPI_ISL_504331	EPI_ISL_504331	EPI_ISL_504331	EPI_ISL_504331	EPI_ISL_504331	EPI_ISL_504331
A/swine/Lastrup/22382/2015	EPI_ISL_504330	EPI_ISL_504330	EPI_ISL_504330	EPI_ISL_504330	EPI_ISL_504330	EPI_ISL_504330	EPI_ISL_504330	EPI_ISL_504330
A/swine/Italy/290271/2009	EPI_ISL_66077	EPI_ISL_66077	EPI_ISL_66077	EPI_ISL_66077	EPI_ISL_66077	EPI_ISL_66077	EPI_ISL_66077	EPI_ISL_66077
A/swine/Denmark/20_04613_4/2020	EPI_ISL_19751693	EPI_ISL_19751693	EPI_ISL_19751693	EPI_ISL_19751693	EPI_ISL_19751693	EPI_ISL_19751693	EPI_ISL_19751693	EPI_ISL_19751693
A/swine/Denmark/20_04529_3/2020	EPI_ISL_19751692	EPI_ISL_19751692	EPI_ISL_19751692	EPI_ISL_19751692	EPI_ISL_19751692	EPI_ISL_19751692	EPI_ISL_19751692	EPI_ISL_19751692
A/swine/Denmark/20_04739_2/2020	EPI_ISL_19751695	EPI_ISL_19751695	EPI_ISL_19751695	EPI_ISL_19751695	EPI_ISL_19751695	EPI_ISL_19751695	EPI_ISL_19751695	EPI_ISL_19751695
A/swine/Denmark/20_04671_1/2020	EPI_ISL_19751694	EPI_ISL_19751694	EPI_ISL_19751694	EPI_ISL_19751694	EPI_ISL_19751694	EPI_ISL_19751694	EPI_ISL_19751694	EPI_ISL_19751694
A/swine/Denmark/20_04512_1/2020	EPI_ISL_19751691	EPI_ISL_19751691	EPI_ISL_19751691	EPI_ISL_19751691	EPI_ISL_19751691	EPI_ISL_19751691	EPI_ISL_19751691	EPI_ISL_19751691
A/swine/Denmark/15-7570-1/2015	EPI_ISL_19790050	EPI_ISL_19790050	EPI_ISL_19790050	EPI_ISL_19790050	EPI_ISL_19790050	EPI_ISL_19790050	EPI_ISL_19790050	EPI_ISL_19790050
A/swine/Diemelstadt/14770/2012	EPI_ISL_504798	EPI_ISL_504798	EPI_ISL_504798	EPI_ISL_504798	EPI_ISL_504798	EPI_ISL_504798	EPI_ISL_504798	EPI_ISL_504798
A/swine/Denmark/20-SV11921-2/2020	EPI_ISL_19751671	EPI_ISL_19751671	EPI_ISL_19751671	EPI_ISL_19751671	EPI_ISL_19751671	EPI_ISL_19751671	EPI_ISL_19751671	EPI_ISL_19751671
A/swine/Italy/115584/2018	EPI_ISL_14751269	EPI_ISL_14751269	EPI_ISL_14751269	EPI_ISL_14751269	EPI_ISL_14751269	EPI_ISL_14751269	EPI_ISL_14751269	EPI_ISL_14751269
A/swine/Denmark/2013_10_201_2p1/2013	EPI_ISL_4081400	EPI_ISL_4081400	EPI_ISL_4081400	EPI_ISL_4081400	EPI_ISL_4081400	EPI_ISL_4081400	EPI_ISL_4081400	EPI_ISL_4081400
A/swine/Italy/111350/2018	EPI_ISL_14751273	EPI_ISL_14751273	EPI_ISL_14751273	EPI_ISL_14751273	EPI_ISL_14751273	EPI_ISL_14751273	EPI_ISL_14751273	EPI_ISL_14751273
A/swine/Denmark/2013_10_13_4p1/2013	EPI_ISL_4081398	EPI_ISL_4081398	EPI_ISL_4081398	EPI_ISL_4081398	EPI_ISL_4081398	EPI_ISL_4081398	EPI_ISL_4081398	EPI_ISL_4081398
A/swine/Denmark/2013_10_1545_1p1/2013	EPI_ISL_4081399	EPI_ISL_4081399	EPI_ISL_4081399	EPI_ISL_4081399	EPI_ISL_4081399	EPI_ISL_4081399	EPI_ISL_4081399	EPI_ISL_4081399
A/swine/Denmark/2013_30_5127_12p1/2013	EPI_ISL_4081396	EPI_ISL_4081396	EPI_ISL_4081396	EPI_ISL_4081396	EPI_ISL_4081396	EPI_ISL_4081396	EPI_ISL_4081396	EPI_ISL_4081396
A/swine/Italy/74357/2017	EPI_ISL_14763562	EPI_ISL_14763562	EPI_ISL_14763562	EPI_ISL_14763562	EPI_ISL_14763562	EPI_ISL_14763562	EPI_ISL_14763562	EPI_ISL_14763562
A/swine/Denmark/2016_4025_1p1/2016	EPI_ISL_4081397	EPI_ISL_4081397	EPI_ISL_4081397	EPI_ISL_4081397	EPI_ISL_4081397	EPI_ISL_4081397	EPI_ISL_4081397	EPI_ISL_4081397
A/swine/Italy/104881/2018	EPI_ISL_14751277	EPI_ISL_14751277	EPI_ISL_14751277	EPI_ISL_14751277	EPI_ISL_14751277	EPI_ISL_14751277	EPI_ISL_14751277	EPI_ISL_14751277
A/swine/Italy/117509/2018	EPI_ISL_14751265	EPI_ISL_14751265	EPI_ISL_14751265	EPI_ISL_14751265	EPI_ISL_14751265	EPI_ISL_14751265	EPI_ISL_14751265	EPI_ISL_14751265
A/swine/Denmark/2014_7191_2p1/2014	EPI_ISL_4081394	EPI_ISL_4081394	EPI_ISL_4081394	EPI_ISL_4081394	EPI_ISL_4081394	EPI_ISL_4081394	EPI_ISL_4081394	EPI_ISL_4081394
A/swine/Denmark/2013_10_1735_2p1/2013	EPI_ISL_4081392	EPI_ISL_4081392	EPI_ISL_4081392	EPI_ISL_4081392	EPI_ISL_4081392	EPI_ISL_4081392	EPI_ISL_4081392	EPI_ISL_4081392
A/swine/Denmark/2014_10_616_3p1/2014	EPI_ISL_4081393	EPI_ISL_4081393	EPI_ISL_4081393	EPI_ISL_4081393	EPI_ISL_4081393	EPI_ISL_4081393	EPI_ISL_4081393	EPI_ISL_4081393
A/swine/Denmark/2014_10_317_1p1/2014	EPI_ISL_4081390	EPI_ISL_4081390	EPI_ISL_4081390	EPI_ISL_4081390	EPI_ISL_4081390	EPI_ISL_4081390	EPI_ISL_4081390	EPI_ISL_4081390
A/swine/Italy/104730/2018	EPI_ISL_14751280	EPI_ISL_14751280	EPI_ISL_14751280	EPI_ISL_14751280	EPI_ISL_14751280	EPI_ISL_14751280	EPI_ISL_14751280	EPI_ISL_14751280
A/swine/Denmark/2017_14412_1_1p1/2017	EPI_ISL_4081388	EPI_ISL_4081388	EPI_ISL_4081388	EPI_ISL_4081388	EPI_ISL_4081388	EPI_ISL_4081388	EPI_ISL_4081388	EPI_ISL_4081388
A/swine/Denmark/2014_10_24_1p1/2014	EPI_ISL_4081389	EPI_ISL_4081389	EPI_ISL_4081389	EPI_ISL_4081389	EPI_ISL_4081389	EPI_ISL_4081389	EPI_ISL_4081389	EPI_ISL_4081389
A/swine/Italy/253902-2/2016	EPI_ISL_19503101	EPI_ISL_19503101	EPI_ISL_19503101	EPI_ISL_19503101	EPI_ISL_19503101	EPI_ISL_19503101	EPI_ISL_19503101	EPI_ISL_19503101
A/swine/Denmark/2015_23653_2p1/2015	EPI_ISL_4081386	EPI_ISL_4081386	EPI_ISL_4081386	EPI_ISL_4081386	EPI_ISL_4081386	EPI_ISL_4081386	EPI_ISL_4081386	EPI_ISL_4081386
A/swine/Denmark/2016_17799_2p1/2016	EPI_ISL_4081387	EPI_ISL_4081387	EPI_ISL_4081387	EPI_ISL_4081387	EPI_ISL_4081387	EPI_ISL_4081387	EPI_ISL_4081387	EPI_ISL_4081387
A/swine/Denmark/2013_10_1092_2p1/2013	EPI_ISL_4081395	EPI_ISL_4081395	EPI_ISL_4081395	EPI_ISL_4081395	EPI_ISL_4081395	EPI_ISL_4081395	EPI_ISL_4081395	EPI_ISL_4081395
A/swine/Italy/101803/2018	EPI_ISL_14751287	EPI_ISL_14751287	EPI_ISL_14751287	EPI_ISL_14751287	EPI_ISL_14751287	EPI_ISL_14751287	EPI_ISL_14751287	EPI_ISL_14751287
A/swine/Italy/5766/2009	EPI_ISL_20084722	EPI_ISL_20084722	EPI_ISL_20084722	EPI_ISL_20084722	EPI_ISL_20084722	EPI_ISL_20084722	EPI_ISL_20084722	EPI_ISL_20084722
A/swine/Denmark/2016_284_1p1/2016	EPI_ISL_4081288	EPI_ISL_4081288	EPI_ISL_4081288	EPI_ISL_4081288	EPI_ISL_4081288	EPI_ISL_4081288	EPI_ISL_4081288	EPI_ISL_4081288
A/swine/Italy/4675/2003	EPI_ISL_95863	EPI_ISL_95863	EPI_ISL_95863	EPI_ISL_95863	EPI_ISL_95863	EPI_ISL_95863	EPI_ISL_95863	EPI_ISL_95863
A/swine/Italy/259543/2003	EPI_ISL_95862	EPI_ISL_95862	EPI_ISL_95862	EPI_ISL_95862	EPI_ISL_95862	EPI_ISL_95862	EPI_ISL_95862	EPI_ISL_95862
A/swine/Italy/320546/2009	EPI_ISL_95869	EPI_ISL_95869	EPI_ISL_95869	EPI_ISL_95869	EPI_ISL_95869	EPI_ISL_95869	EPI_ISL_95869	EPI_ISL_95869
A/swine/Italy/70757/2009	EPI_ISL_95873	EPI_ISL_95873	EPI_ISL_95873	EPI_ISL_95873	EPI_ISL_95873	EPI_ISL_95873	EPI_ISL_95873	EPI_ISL_95873
A/swine/Italy/81226/2009	EPI_ISL_95872	EPI_ISL_95872	EPI_ISL_95872	EPI_ISL_95872	EPI_ISL_95872	EPI_ISL_95872	EPI_ISL_95872	EPI_ISL_95872
A/swine/Italy/50568/2005	EPI_ISL_95875	EPI_ISL_95875	EPI_ISL_95875	EPI_ISL_95875	EPI_ISL_95875	EPI_ISL_95875	EPI_ISL_95875	EPI_ISL_95875
A/swine/Italy/198260/2008	EPI_ISL_95877	EPI_ISL_95877	EPI_ISL_95877	EPI_ISL_95877	EPI_ISL_95877	EPI_ISL_95877	EPI_ISL_95877	EPI_ISL_95877
A/swine/Italy/233139/2005	EPI_ISL_95876	EPI_ISL_95876	EPI_ISL_95876	EPI_ISL_95876	EPI_ISL_95876	EPI_ISL_95876	EPI_ISL_95876	EPI_ISL_95876
A/swine/Italy/22530/2002	EPI_ISL_95884	EPI_ISL_95884	EPI_ISL_95884	EPI_ISL_95884	EPI_ISL_95884	EPI_ISL_95884	EPI_ISL_95884	EPI_ISL_95884
A/swine/Denmark/2015_04790_1p1/2015	EPI_ISL_4081286	EPI_ISL_4081286	EPI_ISL_4081286	EPI_ISL_4081286	EPI_ISL_4081286	EPI_ISL_4081286	EPI_ISL_4081286	EPI_ISL_4081286
A/swine/Denmark/2018_17727_4_1p1/2018	EPI_ISL_4081318	EPI_ISL_4081318	EPI_ISL_4081318	EPI_ISL_4081318	EPI_ISL_4081318	EPI_ISL_4081318	EPI_ISL_4081318	EPI_ISL_4081318
A/swine/Germany/Bak23/2017	EPI_ISL_263840	EPI_ISL_263840	EPI_ISL_263840	EPI_ISL_263840	EPI_ISL_263840	EPI_ISL_263840	EPI_ISL_263840	EPI_ISL_263840
A/swine/France/22-190099/2019	EPI_ISL_9590324	EPI_ISL_9590324	EPI_ISL_9590324	EPI_ISL_9590324	EPI_ISL_9590324	EPI_ISL_9590324	EPI_ISL_9590324	EPI_ISL_9590324
A/swine/Italy/85429/2009	EPI_ISL_71335	EPI_ISL_71335	EPI_ISL_71335	EPI_ISL_71335	EPI_ISL_71335	EPI_ISL_71335	EPI_ISL_71335	EPI_ISL_71335
A/swine/Germany/Bak63/2017	EPI_ISL_263850	EPI_ISL_263850	EPI_ISL_263850	EPI_ISL_263850	EPI_ISL_263850	EPI_ISL_263850	EPI_ISL_263850	EPI_ISL_263850
A/swine/France/22-190109/2019	EPI_ISL_9590333	EPI_ISL_9590333	EPI_ISL_9590333	EPI_ISL_9590333	EPI_ISL_9590333	EPI_ISL_9590333	EPI_ISL_9590333	EPI_ISL_9590333
A/swine/Denmark/2017_11806_2_2p1/2017	EPI_ISL_4081294	EPI_ISL_4081294	EPI_ISL_4081294	EPI_ISL_4081294	EPI_ISL_4081294	EPI_ISL_4081294	EPI_ISL_4081294	EPI_ISL_4081294
A/swine/Denmark/2017_1224_1_1p1/2017	EPI_ISL_4081292	EPI_ISL_4081292	EPI_ISL_4081292	EPI_ISL_4081292	EPI_ISL_4081292	EPI_ISL_4081292	EPI_ISL_4081292	EPI_ISL_4081292
A/swine/Denmark/2016_16258_1p1/2016	EPI_ISL_4081293	EPI_ISL_4081293	EPI_ISL_4081293	EPI_ISL_4081293	EPI_ISL_4081293	EPI_ISL_4081293	EPI_ISL_4081293	EPI_ISL_4081293
A/swine/France/29-130398/2013	EPI_ISL_501428	EPI_ISL_501428	EPI_ISL_501428	EPI_ISL_501428	EPI_ISL_501428	EPI_ISL_501428	EPI_ISL_501428	EPI_ISL_501428
A/swine/Denmark/2015_08913_3p1/2015	EPI_ISL_4081290	EPI_ISL_4081290	EPI_ISL_4081290	EPI_ISL_4081290	EPI_ISL_4081290	EPI_ISL_4081290	EPI_ISL_4081290	EPI_ISL_4081290
A/swine/Germany/Bak50/2017	EPI_ISL_263845	EPI_ISL_263845	EPI_ISL_263845	EPI_ISL_263845	EPI_ISL_263845	EPI_ISL_263845	EPI_ISL_263845	EPI_ISL_263845
A/swine/Poland/1889614/2014	EPI_ISL_206455	EPI_ISL_206455	EPI_ISL_206455	EPI_ISL_206455	EPI_ISL_206455	EPI_ISL_206455	EPI_ISL_206455	EPI_ISL_206455
A/swine/Denmark/2013_10_1837_1p1/2013	EPI_ISL_4081384	EPI_ISL_4081384	EPI_ISL_4081384	EPI_ISL_4081384	EPI_ISL_4081384	EPI_ISL_4081384	EPI_ISL_4081384	EPI_ISL_4081384
A/swine/Denmark/2017_13494_4_4p1/2017	EPI_ISL_4081382	EPI_ISL_4081382	EPI_ISL_4081382	EPI_ISL_4081382	EPI_ISL_4081382	EPI_ISL_4081382	EPI_ISL_4081382	EPI_ISL_4081382
A/swine/Italy/161887/2018	EPI_ISL_14751240	EPI_ISL_14751240	EPI_ISL_14751240	EPI_ISL_14751240	EPI_ISL_14751240	EPI_ISL_14751240	EPI_ISL_14751240	EPI_ISL_14751240
A/swine/Denmark/2016_16851_1p1/2016	EPI_ISL_4081367	EPI_ISL_4081367	EPI_ISL_4081367	EPI_ISL_4081367	EPI_ISL_4081367	EPI_ISL_4081367	EPI_ISL_4081367	EPI_ISL_4081367
A/swine/Italy/157306/2018	EPI_ISL_14751243	EPI_ISL_14751243	EPI_ISL_14751243	EPI_ISL_14751243	EPI_ISL_14751243	EPI_ISL_14751243	EPI_ISL_14751243	EPI_ISL_14751243
A/swine/Denmark/2017_11771_1_1p1/2017	EPI_ISL_4081364	EPI_ISL_4081364	EPI_ISL_4081364	EPI_ISL_4081364	EPI_ISL_4081364	EPI_ISL_4081364	EPI_ISL_4081364	EPI_ISL_4081364
A/swine/Denmark/2017_1210_2/2017	EPI_ISL_4081365	EPI_ISL_4081365	EPI_ISL_4081365	EPI_ISL_4081365	EPI_ISL_4081365	EPI_ISL_4081365	EPI_ISL_4081365	EPI_ISL_4081365
A/swine/Denmark/2018_455_1_1p1/2018	EPI_ISL_4081362	EPI_ISL_4081362	EPI_ISL_4081362	EPI_ISL_4081362	EPI_ISL_4081362	EPI_ISL_4081362	EPI_ISL_4081362	EPI_ISL_4081362
A/swine/Italy/147877/2018	EPI_ISL_14751247	EPI_ISL_14751247	EPI_ISL_14751247	EPI_ISL_14751247	EPI_ISL_14751247	EPI_ISL_14751247	EPI_ISL_14751247	EPI_ISL_14751247
A/swine/Denmark/2018_4528_2_1p1/2018	EPI_ISL_4081360	EPI_ISL_4081360	EPI_ISL_4081360	EPI_ISL_4081360	EPI_ISL_4081360	EPI_ISL_4081360	EPI_ISL_4081360	EPI_ISL_4081360
A/swine/Denmark/2018_13990_1_1p1/2018	EPI_ISL_4081361	EPI_ISL_4081361	EPI_ISL_4081361	EPI_ISL_4081361	EPI_ISL_4081361	EPI_ISL_4081361	EPI_ISL_4081361	EPI_ISL_4081361
A/swine/Denmark/2016_17805_2p1/2016	EPI_ISL_4081358	EPI_ISL_4081358	EPI_ISL_4081358	EPI_ISL_4081358	EPI_ISL_4081358	EPI_ISL_4081358	EPI_ISL_4081358	EPI_ISL_4081358
A/swine/Denmark/2013_10_84_2p1/2013	EPI_ISL_4081359	EPI_ISL_4081359	EPI_ISL_4081359	EPI_ISL_4081359	EPI_ISL_4081359	EPI_ISL_4081359	EPI_ISL_4081359	EPI_ISL_4081359
A/swine/Denmark/2016_16144_2p1/2016	EPI_ISL_4081357	EPI_ISL_4081357	EPI_ISL_4081357	EPI_ISL_4081357	EPI_ISL_4081357	EPI_ISL_4081357	EPI_ISL_4081357	EPI_ISL_4081357
A/swine/Denmark/2017_13525_2_2p1/2017	EPI_ISL_4081354	EPI_ISL_4081354	EPI_ISL_4081354	EPI_ISL_4081354	EPI_ISL_4081354	EPI_ISL_4081354	EPI_ISL_4081354	EPI_ISL_4081354
A/swine/Italy/138079/2018	EPI_ISL_14751252	EPI_ISL_14751252	EPI_ISL_14751252	EPI_ISL_14751252	EPI_ISL_14751252	EPI_ISL_14751252	EPI_ISL_14751252	EPI_ISL_14751252
A/swine/Denmark/2015_05758_1p1/2015	EPI_ISL_4081355	EPI_ISL_4081355	EPI_ISL_4081355	EPI_ISL_4081355	EPI_ISL_4081355	EPI_ISL_4081355	EPI_ISL_4081355	EPI_ISL_4081355
A/swine/France/22-190177/2019	EPI_ISL_9590372	EPI_ISL_9590372	EPI_ISL_9590372	EPI_ISL_9590372	EPI_ISL_9590372	EPI_ISL_9590372	EPI_ISL_9590372	EPI_ISL_9590372
A/swine/Denmark/2018_17735_3_1p1/2018	EPI_ISL_4081352	EPI_ISL_4081352	EPI_ISL_4081352	EPI_ISL_4081352	EPI_ISL_4081352	EPI_ISL_4081352	EPI_ISL_4081352	EPI_ISL_4081352
A/swine/Denmark/2018_2511_1_1p1/2018	EPI_ISL_4081353	EPI_ISL_4081353	EPI_ISL_4081353	EPI_ISL_4081353	EPI_ISL_4081353	EPI_ISL_4081353	EPI_ISL_4081353	EPI_ISL_4081353
A/swine/Denmark/2014_10_241_2p1/2014	EPI_ISL_4081350	EPI_ISL_4081350	EPI_ISL_4081350	EPI_ISL_4081350	EPI_ISL_4081350	EPI_ISL_4081350	EPI_ISL_4081350	EPI_ISL_4081350
A/swine/Denmark/2014_10_28_1p1/2014	EPI_ISL_4081356	EPI_ISL_4081356	EPI_ISL_4081356	EPI_ISL_4081356	EPI_ISL_4081356	EPI_ISL_4081356	EPI_ISL_4081356	EPI_ISL_4081356
A/swine/Denmark/2013_10_1928_1p1/2013	EPI_ISL_4081385	EPI_ISL_4081385	EPI_ISL_4081385	EPI_ISL_4081385	EPI_ISL_4081385	EPI_ISL_4081385	EPI_ISL_4081385	EPI_ISL_4081385
A/swine/Italy/161708/2018	EPI_ISL_14751241	EPI_ISL_14751241	EPI_ISL_14751241	EPI_ISL_14751241	EPI_ISL_14751241	EPI_ISL_14751241	EPI_ISL_14751241	EPI_ISL_14751241
A/swine/Italy/169335/2018	EPI_ISL_14751238	EPI_ISL_14751238	EPI_ISL_14751238	EPI_ISL_14751238	EPI_ISL_14751238	EPI_ISL_14751238	EPI_ISL_14751238	EPI_ISL_14751238
A/swine/Denmark/2015_02408_1p1/2015	EPI_ISL_4081383	EPI_ISL_4081383	EPI_ISL_4081383	EPI_ISL_4081383	EPI_ISL_4081383	EPI_ISL_4081383	EPI_ISL_4081383	EPI_ISL_4081383
A/swine/Italy/10041/2018	EPI_ISL_14751291	EPI_ISL_14751291	EPI_ISL_14751291	EPI_ISL_14751291	EPI_ISL_14751291	EPI_ISL_14751291	EPI_ISL_14751291	EPI_ISL_14751291
A/swine/Denmark/2017_13371_3_3p1/2017	EPI_ISL_4081380	EPI_ISL_4081380	EPI_ISL_4081380	EPI_ISL_4081380	EPI_ISL_4081380	EPI_ISL_4081380	EPI_ISL_4081380	EPI_ISL_4081380
A/swine/Denmark/2017_7744_3_3p1/2017	EPI_ISL_4081378	EPI_ISL_4081378	EPI_ISL_4081378	EPI_ISL_4081378	EPI_ISL_4081378	EPI_ISL_4081378	EPI_ISL_4081378	EPI_ISL_4081378
A/swine/Italy/253729-1/2016	EPI_ISL_19503092	EPI_ISL_19503092	EPI_ISL_19503092	EPI_ISL_19503092	EPI_ISL_19503092	EPI_ISL_19503092	EPI_ISL_19503092	EPI_ISL_19503092
A/swine/Denmark/2014_10_628_3p1/2014	EPI_ISL_4081379	EPI_ISL_4081379	EPI_ISL_4081379	EPI_ISL_4081379	EPI_ISL_4081379	EPI_ISL_4081379	EPI_ISL_4081379	EPI_ISL_4081379
A/swine/Denmark/2016_1804_1p1/2016	EPI_ISL_4081376	EPI_ISL_4081376	EPI_ISL_4081376	EPI_ISL_4081376	EPI_ISL_4081376	EPI_ISL_4081376	EPI_ISL_4081376	EPI_ISL_4081376
A/swine/Denmark/2018_16865_1_1p1/2018	EPI_ISL_4081377	EPI_ISL_4081377	EPI_ISL_4081377	EPI_ISL_4081377	EPI_ISL_4081377	EPI_ISL_4081377	EPI_ISL_4081377	EPI_ISL_4081377
A/swine/Italy/210431/2018	EPI_ISL_14751233	EPI_ISL_14751233	EPI_ISL_14751233	EPI_ISL_14751233	EPI_ISL_14751233	EPI_ISL_14751233	EPI_ISL_14751233	EPI_ISL_14751233
A/swine/Denmark/2018_12352_2_1p1/2018	EPI_ISL_4081374	EPI_ISL_4081374	EPI_ISL_4081374	EPI_ISL_4081374	EPI_ISL_4081374	EPI_ISL_4081374	EPI_ISL_4081374	EPI_ISL_4081374
A/swine/Denmark/2016_15673_1p1/2016	EPI_ISL_4081369	EPI_ISL_4081369	EPI_ISL_4081369	EPI_ISL_4081369	EPI_ISL_4081369	EPI_ISL_4081369	EPI_ISL_4081369	EPI_ISL_4081369
A/swine/Italy/215174/2018	EPI_ISL_14751232	EPI_ISL_14751232	EPI_ISL_14751232	EPI_ISL_14751232	EPI_ISL_14751232	EPI_ISL_14751232	EPI_ISL_14751232	EPI_ISL_14751232
A/swine/Italy/171355/2018	EPI_ISL_14751235	EPI_ISL_14751235	EPI_ISL_14751235	EPI_ISL_14751235	EPI_ISL_14751235	EPI_ISL_14751235	EPI_ISL_14751235	EPI_ISL_14751235
A/swine/Denmark/2017_10640_2_2p1/2017	EPI_ISL_4081372	EPI_ISL_4081372	EPI_ISL_4081372	EPI_ISL_4081372	EPI_ISL_4081372	EPI_ISL_4081372	EPI_ISL_4081372	EPI_ISL_4081372
A/swine/England/04202/2013	EPI_ISL_681704	EPI_ISL_681704	EPI_ISL_681704	EPI_ISL_681704	EPI_ISL_681704	EPI_ISL_681704	EPI_ISL_681704	EPI_ISL_681704
A/swine/Italy/107966/2016	EPI_ISL_502072	EPI_ISL_19503050	EPI_ISL_19503050	EPI_ISL_19503050	EPI_ISL_502072	EPI_ISL_502072	EPI_ISL_19503050	EPI_ISL_502072
A/swine/Denmark/2017_5014_3_3p1/2017	EPI_ISL_4081373	EPI_ISL_4081373	EPI_ISL_4081373	EPI_ISL_4081373	EPI_ISL_4081373	EPI_ISL_4081373	EPI_ISL_4081373	EPI_ISL_4081373
A/swine/Italy/170610/2018	EPI_ISL_14751237	EPI_ISL_14751237	EPI_ISL_14751237	EPI_ISL_14751237	EPI_ISL_14751237	EPI_ISL_14751237	EPI_ISL_14751237	EPI_ISL_14751237
A/swine/Denmark/2018_14097_3_1p1/2018	EPI_ISL_4081371	EPI_ISL_4081371	EPI_ISL_4081371	EPI_ISL_4081371	EPI_ISL_4081371	EPI_ISL_4081371	EPI_ISL_4081371	EPI_ISL_4081371
A/swine/Italy/165548/2018	EPI_ISL_14751239	EPI_ISL_14751239	EPI_ISL_14751239	EPI_ISL_14751239	EPI_ISL_14751239	EPI_ISL_14751239	EPI_ISL_14751239	EPI_ISL_14751239
A/swine/Denmark/2017_17672_3_3p1/2017	EPI_ISL_4081368	EPI_ISL_4081368	EPI_ISL_4081368	EPI_ISL_4081368	EPI_ISL_4081368	EPI_ISL_4081368	EPI_ISL_4081368	EPI_ISL_4081368
A/swine/Denmark/2016_11013_3p1/2016	EPI_ISL_4081375	EPI_ISL_4081375	EPI_ISL_4081375	EPI_ISL_4081375	EPI_ISL_4081375	EPI_ISL_4081375	EPI_ISL_4081375	EPI_ISL_4081375
A/swine/Italy/81220/2017	EPI_ISL_14763659	EPI_ISL_14763659	EPI_ISL_14763659	EPI_ISL_14763659	EPI_ISL_14763659	EPI_ISL_14763659	EPI_ISL_14763659	EPI_ISL_14763659
A/swine/Denmark/2015_09973_1p1/2015	EPI_ISL_4081260	EPI_ISL_4081260	EPI_ISL_4081260	EPI_ISL_4081260	EPI_ISL_4081260	EPI_ISL_4081260	EPI_ISL_4081260	EPI_ISL_4081260
A/swine/Denmark/2015_04775_1p1/2015	EPI_ISL_4081263	EPI_ISL_4081263	EPI_ISL_4081263	EPI_ISL_4081263	EPI_ISL_4081263	EPI_ISL_4081263	EPI_ISL_4081263	EPI_ISL_4081263
A/swine/Germany-NI/R757/10	EPI_ISL_79311	EPI_ISL_79311	EPI_ISL_79311	EPI_ISL_79311	EPI_ISL_79311	EPI_ISL_79311	EPI_ISL_79311	EPI_ISL_79311
A/swine/Damme/18823/2013	EPI_ISL_505288	EPI_ISL_505288	EPI_ISL_505288	EPI_ISL_505288	EPI_ISL_505288	EPI_ISL_505288	EPI_ISL_505288	EPI_ISL_505288
A/swine/Germany-NI/R369/09	EPI_ISL_79310	EPI_ISL_79310	EPI_ISL_79310	EPI_ISL_79310	EPI_ISL_79310	EPI_ISL_79310	EPI_ISL_79310	EPI_ISL_79310
A/swine/Wrestedt/19450/2014	EPI_ISL_505303	EPI_ISL_505303	EPI_ISL_505303	EPI_ISL_505303	EPI_ISL_505303	EPI_ISL_505303	EPI_ISL_505303	EPI_ISL_505303
A/swine/Ennigerloh/19386/2013	EPI_ISL_505302	EPI_ISL_505302	EPI_ISL_505302	EPI_ISL_505302	EPI_ISL_505302	EPI_ISL_505302	EPI_ISL_505302	EPI_ISL_505302
A/swine/Germany-NI/R856/10	EPI_ISL_79312	EPI_ISL_79312	EPI_ISL_79312	EPI_ISL_79312	EPI_ISL_79312	EPI_ISL_79312	EPI_ISL_79312	EPI_ISL_79312
A/swine/Sellingen/19342/2013	EPI_ISL_505301	EPI_ISL_505301	EPI_ISL_505301	EPI_ISL_505301	EPI_ISL_505301	EPI_ISL_505301	EPI_ISL_505301	EPI_ISL_505301
A/swine/Melle/19313/2013	EPI_ISL_505300	EPI_ISL_505300	EPI_ISL_505300	EPI_ISL_505300	EPI_ISL_505300	EPI_ISL_505300	EPI_ISL_505300	EPI_ISL_505300
A/swine/Coesfeld/19310/2013	EPI_ISL_505299	EPI_ISL_505299	EPI_ISL_505299	EPI_ISL_505299	EPI_ISL_505299	EPI_ISL_505299	EPI_ISL_505299	EPI_ISL_505299
A/swine/France/22-190080/2019	EPI_ISL_9590087	EPI_ISL_9590087	EPI_ISL_9590087	EPI_ISL_9590087	EPI_ISL_9590087	EPI_ISL_9590087	EPI_ISL_9590087	EPI_ISL_9590087
A/swine/Boesel/19053/2013	EPI_ISL_505289	EPI_ISL_505289	EPI_ISL_505289	EPI_ISL_505289	EPI_ISL_505289	EPI_ISL_505289	EPI_ISL_505289	EPI_ISL_505289
A/swine/Boesel/19297/2013	EPI_ISL_505298	EPI_ISL_505298	EPI_ISL_505298	EPI_ISL_505298	EPI_ISL_505298	EPI_ISL_505298	EPI_ISL_505298	EPI_ISL_505298
A/swine/Steinfurt/19271/2013	EPI_ISL_505296	EPI_ISL_505296	EPI_ISL_505296	EPI_ISL_505296	EPI_ISL_505296	EPI_ISL_505296	EPI_ISL_505296	EPI_ISL_505296
A/swine/Fjerritslev/19884-P4/2014	EPI_ISL_505311	EPI_ISL_505311	EPI_ISL_505311	EPI_ISL_505311	EPI_ISL_505311	EPI_ISL_505311	EPI_ISL_505311	EPI_ISL_505311
A/swine/Glandorf/19882/2014	EPI_ISL_505310	EPI_ISL_505310	EPI_ISL_505310	EPI_ISL_505310	EPI_ISL_505310	EPI_ISL_505310	EPI_ISL_505310	EPI_ISL_505310
A/swine/Luedinghausen/19766/2014	EPI_ISL_505309	EPI_ISL_505309	EPI_ISL_505309	EPI_ISL_505309	EPI_ISL_505309	EPI_ISL_505309	EPI_ISL_505309	EPI_ISL_505309
A/swine/Pfungstadt/19689/2014	EPI_ISL_505308	EPI_ISL_505308	EPI_ISL_505308	EPI_ISL_505308	EPI_ISL_505308	EPI_ISL_505308	EPI_ISL_505308	EPI_ISL_505308
A/swine/France/22-190096/2019	EPI_ISL_9590094	EPI_ISL_9590094	EPI_ISL_9590094	EPI_ISL_9590094	EPI_ISL_9590094	EPI_ISL_9590094	EPI_ISL_9590094	EPI_ISL_9590094
A/swine/Meschede/19664/2014	EPI_ISL_505307	EPI_ISL_505307	EPI_ISL_505307	EPI_ISL_505307	EPI_ISL_505307	EPI_ISL_505307	EPI_ISL_505307	EPI_ISL_505307
A/swine/Selm/19640/2014	EPI_ISL_505306	EPI_ISL_505306	EPI_ISL_505306	EPI_ISL_505306	EPI_ISL_505306	EPI_ISL_505306	EPI_ISL_505306	EPI_ISL_505306
A/swine/Enger/19572/2014	EPI_ISL_505305	EPI_ISL_505305	EPI_ISL_505305	EPI_ISL_505305	EPI_ISL_505305	EPI_ISL_505305	EPI_ISL_505305	EPI_ISL_505305
A/swine/Schoeppingen/19519/2014	EPI_ISL_505304	EPI_ISL_505304	EPI_ISL_505304	EPI_ISL_505304	EPI_ISL_505304	EPI_ISL_505304	EPI_ISL_505304	EPI_ISL_505304
A/swine/Bottrop/19293/2013	EPI_ISL_505297	EPI_ISL_505297	EPI_ISL_505297	EPI_ISL_505297	EPI_ISL_505297	EPI_ISL_505297	EPI_ISL_505297	EPI_ISL_505297
A/swine/Damme/20492/2014	EPI_ISL_505319	EPI_ISL_505319	EPI_ISL_505319	EPI_ISL_505319	EPI_ISL_505319	EPI_ISL_505319	EPI_ISL_505319	EPI_ISL_505319
A/swine/Czech_Republic/17690/2018	EPI_ISL_18146522	EPI_ISL_18146522	EPI_ISL_18146522	EPI_ISL_18146522	EPI_ISL_18146522	EPI_ISL_18146522	EPI_ISL_18146522	EPI_ISL_18146522
A/swine/Germany-NI/R299/09	EPI_ISL_79309	EPI_ISL_79309	EPI_ISL_79309	EPI_ISL_79309	EPI_ISL_79309	EPI_ISL_79309	EPI_ISL_79309	EPI_ISL_79309
A/swine/Kuehlenthal/17963/2013	EPI_ISL_505279	EPI_ISL_505279	EPI_ISL_505279	EPI_ISL_505279	EPI_ISL_505279	EPI_ISL_505279	EPI_ISL_505279	EPI_ISL_505279
A/swine/Plettenberg/17952/2013	EPI_ISL_505278	EPI_ISL_505278	EPI_ISL_505278	EPI_ISL_505278	EPI_ISL_505278	EPI_ISL_505278	EPI_ISL_505278	EPI_ISL_505278
A/swine/Ascheberg/17823/2013	EPI_ISL_505277	EPI_ISL_505277	EPI_ISL_505277	EPI_ISL_505277	EPI_ISL_505277	EPI_ISL_505277	EPI_ISL_505277	EPI_ISL_505277
A/swine/Heek/17810/2013	EPI_ISL_505276	EPI_ISL_505276	EPI_ISL_505276	EPI_ISL_505276	EPI_ISL_505276	EPI_ISL_505276	EPI_ISL_505276	EPI_ISL_505276
A/swine/Drensteinfurt/17796/2013	EPI_ISL_505275	EPI_ISL_505275	EPI_ISL_505275	EPI_ISL_505275	EPI_ISL_505275	EPI_ISL_505275	EPI_ISL_505275	EPI_ISL_505275
A/swine/Visbek/17760/2013	EPI_ISL_505274	EPI_ISL_505274	EPI_ISL_505274	EPI_ISL_505274	EPI_ISL_505274	EPI_ISL_505274	EPI_ISL_505274	EPI_ISL_505274
A/swine/Steinfeld/17719/2013	EPI_ISL_505273	EPI_ISL_505273	EPI_ISL_505273	EPI_ISL_505273	EPI_ISL_505273	EPI_ISL_505273	EPI_ISL_505273	EPI_ISL_505273
A/swine/Italy/44482/2017	EPI_ISL_14763358	EPI_ISL_14763358	EPI_ISL_14763358	EPI_ISL_14763358	EPI_ISL_14763358	EPI_ISL_14763358	EPI_ISL_14763358	EPI_ISL_14763358
A/swine/Sendenhorst/17561/2013	EPI_ISL_505272	EPI_ISL_505272	EPI_ISL_505272	EPI_ISL_505272	EPI_ISL_505272	EPI_ISL_505272	EPI_ISL_505272	EPI_ISL_505272
A/swine/Bad_Iburg/18808/2013	EPI_ISL_505287	EPI_ISL_505287	EPI_ISL_505287	EPI_ISL_505287	EPI_ISL_505287	EPI_ISL_505287	EPI_ISL_505287	EPI_ISL_505287
A/swine/Horstmar/19085/2013	EPI_ISL_505290	EPI_ISL_505290	EPI_ISL_505290	EPI_ISL_505290	EPI_ISL_505290	EPI_ISL_505290	EPI_ISL_505290	EPI_ISL_505290
A/swine/Meppen/18613/2013	EPI_ISL_505286	EPI_ISL_505286	EPI_ISL_505286	EPI_ISL_505286	EPI_ISL_505286	EPI_ISL_505286	EPI_ISL_505286	EPI_ISL_505286
A/swine/Ahaus/18543/2013	EPI_ISL_505284	EPI_ISL_505284	EPI_ISL_505284	EPI_ISL_505284	EPI_ISL_505284	EPI_ISL_505284	EPI_ISL_505284	EPI_ISL_505284
A/swine/Calhorn/18417/2013	EPI_ISL_505283	EPI_ISL_505283	EPI_ISL_505283	EPI_ISL_505283	EPI_ISL_505283	EPI_ISL_505283	EPI_ISL_505283	EPI_ISL_505283
A/swine/Ostercappeln/18296/2013	EPI_ISL_505282	EPI_ISL_505282	EPI_ISL_505282	EPI_ISL_505282	EPI_ISL_505282	EPI_ISL_505282	EPI_ISL_505282	EPI_ISL_505282
A/swine/Melle/18227/2013	EPI_ISL_505281	EPI_ISL_505281	EPI_ISL_505281	EPI_ISL_505281	EPI_ISL_505281	EPI_ISL_505281	EPI_ISL_505281	EPI_ISL_505281
A/swine/Warendorf/18033/2013	EPI_ISL_505280	EPI_ISL_505280	EPI_ISL_505280	EPI_ISL_505280	EPI_ISL_505280	EPI_ISL_505280	EPI_ISL_505280	EPI_ISL_505280
A/swine/Greven/19241/2013	EPI_ISL_505295	EPI_ISL_505295	EPI_ISL_505295	EPI_ISL_505295	EPI_ISL_505295	EPI_ISL_505295	EPI_ISL_505295	EPI_ISL_505295
A/swine/Steinfeld/19206/2013	EPI_ISL_505294	EPI_ISL_505294	EPI_ISL_505294	EPI_ISL_505294	EPI_ISL_505294	EPI_ISL_505294	EPI_ISL_505294	EPI_ISL_505294
A/swine/Luedinghausen/19205/2013	EPI_ISL_505293	EPI_ISL_505293	EPI_ISL_505293	EPI_ISL_505293	EPI_ISL_505293	EPI_ISL_505293	EPI_ISL_505293	EPI_ISL_505293
A/swine/Dahl/19202/2013	EPI_ISL_505292	EPI_ISL_505292	EPI_ISL_505292	EPI_ISL_505292	EPI_ISL_505292	EPI_ISL_505292	EPI_ISL_505292	EPI_ISL_505292
A/swine/Dahlheim/19138/2013	EPI_ISL_505291	EPI_ISL_505291	EPI_ISL_505291	EPI_ISL_505291	EPI_ISL_505291	EPI_ISL_505291	EPI_ISL_505291	EPI_ISL_505291
A/swine/Ellerbrock/18558/2013	EPI_ISL_505285	EPI_ISL_505285	EPI_ISL_505285	EPI_ISL_505285	EPI_ISL_505285	EPI_ISL_505285	EPI_ISL_505285	EPI_ISL_505285
A/swine/Hoyerhagen/20485/2014	EPI_ISL_505318	EPI_ISL_505318	EPI_ISL_505318	EPI_ISL_505318	EPI_ISL_505318	EPI_ISL_505318	EPI_ISL_505318	EPI_ISL_505318
A/swine/Garrel/20222/2014	EPI_ISL_505317	EPI_ISL_505317	EPI_ISL_505317	EPI_ISL_505317	EPI_ISL_505317	EPI_ISL_505317	EPI_ISL_505317	EPI_ISL_505317
A/swine/Ringleben/20128/2014	EPI_ISL_505316	EPI_ISL_505316	EPI_ISL_505316	EPI_ISL_505316	EPI_ISL_505316	EPI_ISL_505316	EPI_ISL_505316	EPI_ISL_505316
A/swine/Werl/21305/2015	EPI_ISL_505336	EPI_ISL_505336	EPI_ISL_505336	EPI_ISL_505336	EPI_ISL_505336	EPI_ISL_505336	EPI_ISL_505336	EPI_ISL_505336
A/swine/Kuehlenthal/22307/2015	EPI_ISL_505351	EPI_ISL_505351	EPI_ISL_505351	EPI_ISL_505351	EPI_ISL_505351	EPI_ISL_505351	EPI_ISL_505351	EPI_ISL_505351
A/swine/Bakum/22208-6/2015	EPI_ISL_505350	EPI_ISL_505350	EPI_ISL_505350	EPI_ISL_505350	EPI_ISL_505350	EPI_ISL_505350	EPI_ISL_505350	EPI_ISL_505350
A/swine/Dinklage/22165-1/2015	EPI_ISL_505349	EPI_ISL_505349	EPI_ISL_505349	EPI_ISL_505349	EPI_ISL_505349	EPI_ISL_505349	EPI_ISL_505349	EPI_ISL_505349
A/swine/Goldenbeck/22011/2015	EPI_ISL_505348	EPI_ISL_505348	EPI_ISL_505348	EPI_ISL_505348	EPI_ISL_505348	EPI_ISL_505348	EPI_ISL_505348	EPI_ISL_505348
A/swine/Boesel/22002/2015	EPI_ISL_505347	EPI_ISL_505347	EPI_ISL_505347	EPI_ISL_505347	EPI_ISL_505347	EPI_ISL_505347	EPI_ISL_505347	EPI_ISL_505347
A/swine/Steinfeld/21926/2015	EPI_ISL_505346	EPI_ISL_505346	EPI_ISL_505346	EPI_ISL_505346	EPI_ISL_505346	EPI_ISL_505346	EPI_ISL_505346	EPI_ISL_505346
A/swine/Wolfhagen/21852/2015	EPI_ISL_505345	EPI_ISL_505345	EPI_ISL_505345	EPI_ISL_505345	EPI_ISL_505345	EPI_ISL_505345	EPI_ISL_505345	EPI_ISL_505345
A/swine/IVD/21762/2015	EPI_ISL_505344	EPI_ISL_505344	EPI_ISL_505344	EPI_ISL_505344	EPI_ISL_505344	EPI_ISL_505344	EPI_ISL_505344	EPI_ISL_505344
A/Swine/Belzig/02/2001		EPI_ISL_308752	EPI_ISL_308752	EPI_ISL_308752			EPI_ISL_308752	
A/swine/Emstek/21332/2015	EPI_ISL_505337	EPI_ISL_505337	EPI_ISL_505337	EPI_ISL_505337	EPI_ISL_505337	EPI_ISL_505337	EPI_ISL_505337	EPI_ISL_505337
A/swine/France/22-190475/2019	EPI_ISL_9590435	EPI_ISL_9590435	EPI_ISL_9590435	EPI_ISL_9590435	EPI_ISL_9590435	EPI_ISL_9590435	EPI_ISL_9590435	EPI_ISL_9590435
A/swine/France/22-190536/2019	EPI_ISL_9590485	EPI_ISL_9590485	EPI_ISL_9590485	EPI_ISL_9590485	EPI_ISL_9590485	EPI_ISL_9590485	EPI_ISL_9590485	EPI_ISL_9590485
A/swine/Denmark/2018_2991_2_1p1/2018	EPI_ISL_4081270	EPI_ISL_4081270	EPI_ISL_4081270	EPI_ISL_4081270	EPI_ISL_4081270	EPI_ISL_4081270	EPI_ISL_4081270	EPI_ISL_4081270
A/swine/Denmark/2017_2178_3_3p1/2017	EPI_ISL_4081268	EPI_ISL_4081268	EPI_ISL_4081268	EPI_ISL_4081268	EPI_ISL_4081268	EPI_ISL_4081268	EPI_ISL_4081268	EPI_ISL_4081268
A/swine/Denmark/2013_10_1326_1p1/2013	EPI_ISL_4081269	EPI_ISL_4081269	EPI_ISL_4081269	EPI_ISL_4081269	EPI_ISL_4081269	EPI_ISL_4081269	EPI_ISL_4081269	EPI_ISL_4081269
A/swine/Denmark/2015_03572_1p1/2015	EPI_ISL_4081266	EPI_ISL_4081266	EPI_ISL_4081266	EPI_ISL_4081266	EPI_ISL_4081266	EPI_ISL_4081266	EPI_ISL_4081266	EPI_ISL_4081266
A/swine/Denmark/2014_10_786_3p1/2014	EPI_ISL_4081267	EPI_ISL_4081267	EPI_ISL_4081267	EPI_ISL_4081267	EPI_ISL_4081267	EPI_ISL_4081267	EPI_ISL_4081267	EPI_ISL_4081267
A/swine/Denmark/2017_2139_4_1p1/2017	EPI_ISL_4081264	EPI_ISL_4081264	EPI_ISL_4081264	EPI_ISL_4081264	EPI_ISL_4081264	EPI_ISL_4081264	EPI_ISL_4081264	EPI_ISL_4081264
A/swine/Denmark/2016_390_2p1/2016	EPI_ISL_4081265	EPI_ISL_4081265	EPI_ISL_4081265	EPI_ISL_4081265	EPI_ISL_4081265	EPI_ISL_4081265	EPI_ISL_4081265	EPI_ISL_4081265
A/swine/Denmark/2016_10856_3p1/2016	EPI_ISL_4081262	EPI_ISL_4081262	EPI_ISL_4081262	EPI_ISL_4081262	EPI_ISL_4081262	EPI_ISL_4081262	EPI_ISL_4081262	EPI_ISL_4081262
A/swine/Damme/21342/2015	EPI_ISL_505338	EPI_ISL_505338	EPI_ISL_505338	EPI_ISL_505338	EPI_ISL_505338	EPI_ISL_505338	EPI_ISL_505338	EPI_ISL_505338
A/swine/Melle/21360/2015	EPI_ISL_505339	EPI_ISL_505339	EPI_ISL_505339	EPI_ISL_505339	EPI_ISL_505339	EPI_ISL_505339	EPI_ISL_505339	EPI_ISL_505339
A/swine/Boekel/21424/2015	EPI_ISL_505340	EPI_ISL_505340	EPI_ISL_505340	EPI_ISL_505340	EPI_ISL_505340	EPI_ISL_505340	EPI_ISL_505340	EPI_ISL_505340
A/swine/Haverbeck/20052/2014	EPI_ISL_505315	EPI_ISL_505315	EPI_ISL_505315	EPI_ISL_505315	EPI_ISL_505315	EPI_ISL_505315	EPI_ISL_505315	EPI_ISL_505315
A/swine/Damme/19935/2014	EPI_ISL_505314	EPI_ISL_505314	EPI_ISL_505314	EPI_ISL_505314	EPI_ISL_505314	EPI_ISL_505314	EPI_ISL_505314	EPI_ISL_505314
A/swine/Harsewinkel/19917/2014	EPI_ISL_505313	EPI_ISL_505313	EPI_ISL_505313	EPI_ISL_505313	EPI_ISL_505313	EPI_ISL_505313	EPI_ISL_505313	EPI_ISL_505313
A/swine/Fjerritslev/19884-P5/2014	EPI_ISL_505312	EPI_ISL_505312	EPI_ISL_505312	EPI_ISL_505312	EPI_ISL_505312	EPI_ISL_505312	EPI_ISL_505312	EPI_ISL_505312
A/swine/Dinklage/20995/2014	EPI_ISL_505327	EPI_ISL_505327	EPI_ISL_505327	EPI_ISL_505327	EPI_ISL_505327	EPI_ISL_505327	EPI_ISL_505327	EPI_ISL_505327
A/swine/Neuenkirchen/20946/2014	EPI_ISL_505326	EPI_ISL_505326	EPI_ISL_505326	EPI_ISL_505326	EPI_ISL_505326	EPI_ISL_505326	EPI_ISL_505326	EPI_ISL_505326
A/swine/Garrel/20866/2014	EPI_ISL_505325	EPI_ISL_505325	EPI_ISL_505325	EPI_ISL_505325	EPI_ISL_505325	EPI_ISL_505325	EPI_ISL_505325	EPI_ISL_505325
A/swine/Telgte/20810/2014	EPI_ISL_505324	EPI_ISL_505324	EPI_ISL_505324	EPI_ISL_505324	EPI_ISL_505324	EPI_ISL_505324	EPI_ISL_505324	EPI_ISL_505324
A/swine/Lienen/20791/2014	EPI_ISL_505323	EPI_ISL_505323	EPI_ISL_505323	EPI_ISL_505323	EPI_ISL_505323	EPI_ISL_505323	EPI_ISL_505323	EPI_ISL_505323
A/swine/Duelmen/20731/2014	EPI_ISL_505322	EPI_ISL_505322	EPI_ISL_505322	EPI_ISL_505322	EPI_ISL_505322	EPI_ISL_505322	EPI_ISL_505322	EPI_ISL_505322
A/swine/Glandorf/20617/2014	EPI_ISL_505321	EPI_ISL_505321	EPI_ISL_505321	EPI_ISL_505321	EPI_ISL_505321	EPI_ISL_505321	EPI_ISL_505321	EPI_ISL_505321
A/swine/Dissen/20532/2014	EPI_ISL_505320	EPI_ISL_505320	EPI_ISL_505320	EPI_ISL_505320	EPI_ISL_505320	EPI_ISL_505320	EPI_ISL_505320	EPI_ISL_505320
A/swine/Boekel/21243/2015	EPI_ISL_505335	EPI_ISL_505335	EPI_ISL_505335	EPI_ISL_505335	EPI_ISL_505335	EPI_ISL_505335	EPI_ISL_505335	EPI_ISL_505335
A/swine/Bad_Wuennenberg/21155/2015	EPI_ISL_505334	EPI_ISL_505334	EPI_ISL_505334	EPI_ISL_505334	EPI_ISL_505334	EPI_ISL_505334	EPI_ISL_505334	EPI_ISL_505334
A/swine/Oberschleissheim/21141/2014	EPI_ISL_505333	EPI_ISL_505333	EPI_ISL_505333	EPI_ISL_505333	EPI_ISL_505333	EPI_ISL_505333	EPI_ISL_505333	EPI_ISL_505333
A/swine/Sellingen/21094/2014	EPI_ISL_505332	EPI_ISL_505332	EPI_ISL_505332	EPI_ISL_505332	EPI_ISL_505332	EPI_ISL_505332	EPI_ISL_505332	EPI_ISL_505332
A/swine/Erwitte/21074/2014	EPI_ISL_505331	EPI_ISL_505331	EPI_ISL_505331	EPI_ISL_505331	EPI_ISL_505331	EPI_ISL_505331	EPI_ISL_505331	EPI_ISL_505331
A/swine/Ergersheim/21064/2014	EPI_ISL_505330	EPI_ISL_505330	EPI_ISL_505330	EPI_ISL_505330	EPI_ISL_505330	EPI_ISL_505330	EPI_ISL_505330	EPI_ISL_505330
A/swine/Steinfeld/21047/2014	EPI_ISL_505329	EPI_ISL_505329	EPI_ISL_505329	EPI_ISL_505329	EPI_ISL_505329	EPI_ISL_505329	EPI_ISL_505329	EPI_ISL_505329
A/swine/Marsberg/21016/2014	EPI_ISL_505328	EPI_ISL_505328	EPI_ISL_505328	EPI_ISL_505328	EPI_ISL_505328	EPI_ISL_505328	EPI_ISL_505328	EPI_ISL_505328
A/swine/Luebeck/21717/2015	EPI_ISL_505343	EPI_ISL_505343	EPI_ISL_505343	EPI_ISL_505343	EPI_ISL_505343	EPI_ISL_505343	EPI_ISL_505343	EPI_ISL_505343
A/swine/Orthe/21666/2015	EPI_ISL_505342	EPI_ISL_505342	EPI_ISL_505342	EPI_ISL_505342	EPI_ISL_505342	EPI_ISL_505342	EPI_ISL_505342	EPI_ISL_505342
A/swine/Voltlage/21525/2015	EPI_ISL_505341	EPI_ISL_505341	EPI_ISL_505341	EPI_ISL_505341	EPI_ISL_505341	EPI_ISL_505341	EPI_ISL_505341	EPI_ISL_505341
A/swine/Italy/153822/2016	EPI_ISL_19503059	EPI_ISL_19503059	EPI_ISL_19503059	EPI_ISL_19503059	EPI_ISL_19503059	EPI_ISL_19503059	EPI_ISL_19503059	EPI_ISL_19503059
A/swine/Denmark/2014_16252_1p1/2014	EPI_ISL_4081348	EPI_ISL_4081348	EPI_ISL_4081348	EPI_ISL_4081348	EPI_ISL_4081348	EPI_ISL_4081348	EPI_ISL_4081348	EPI_ISL_4081348
A/swine/Italy/127010/2018	EPI_ISL_14751261	EPI_ISL_14751261	EPI_ISL_14751261	EPI_ISL_14751261	EPI_ISL_14751261	EPI_ISL_14751261	EPI_ISL_14751261	EPI_ISL_14751261
A/swine/Denmark/14-4-1/2014	EPI_ISL_19790013	EPI_ISL_19790013	EPI_ISL_19790013	EPI_ISL_19790013	EPI_ISL_19790013	EPI_ISL_19790013	EPI_ISL_19790013	EPI_ISL_19790013
A/swine/Denmark/14-500-1/2014	EPI_ISL_19790012	EPI_ISL_19790012	EPI_ISL_19790012	EPI_ISL_19790012	EPI_ISL_19790012	EPI_ISL_19790012	EPI_ISL_19790012	EPI_ISL_19790012
A/swine/Denmark/14-242-2/2014	EPI_ISL_19790015	EPI_ISL_19790015	EPI_ISL_19790015	EPI_ISL_19790015	EPI_ISL_19790015	EPI_ISL_19790015	EPI_ISL_19790015	EPI_ISL_19790015
A/swine/Denmark/14-365-3/2014	EPI_ISL_19790014	EPI_ISL_19790014	EPI_ISL_19790014	EPI_ISL_19790014	EPI_ISL_19790014	EPI_ISL_19790014	EPI_ISL_19790014	EPI_ISL_19790014
A/swine/Denmark/16-1521-1/2016	EPI_ISL_19790009	EPI_ISL_19790009	EPI_ISL_19790009	EPI_ISL_19790009	EPI_ISL_19790009	EPI_ISL_19790009	EPI_ISL_19790009	EPI_ISL_19790009
A/swine/Denmark/16-16219-1/2016	EPI_ISL_19790008	EPI_ISL_19790008	EPI_ISL_19790008	EPI_ISL_19790008	EPI_ISL_19790008	EPI_ISL_19790008	EPI_ISL_19790008	EPI_ISL_19790008
A/swine/Denmark/14-6252-2/2014	EPI_ISL_19790011	EPI_ISL_19790011	EPI_ISL_19790011	EPI_ISL_19790011	EPI_ISL_19790011	EPI_ISL_19790011	EPI_ISL_19790011	EPI_ISL_19790011
A/swine/Denmark/15-12237-1/2015	EPI_ISL_19790010	EPI_ISL_19790010	EPI_ISL_19790010	EPI_ISL_19790010	EPI_ISL_19790010	EPI_ISL_19790010	EPI_ISL_19790010	EPI_ISL_19790010
A/swine/Denmark/18-14957-2/2018	EPI_ISL_19790005	EPI_ISL_19790005	EPI_ISL_19790005	EPI_ISL_19790005	EPI_ISL_19790005	EPI_ISL_19790005	EPI_ISL_19790005	EPI_ISL_19790005
A/swine/Denmark/19-10657-1/2019	EPI_ISL_19789985	EPI_ISL_19789985	EPI_ISL_19789985	EPI_ISL_19789985	EPI_ISL_19789985	EPI_ISL_19789985	EPI_ISL_19789985	EPI_ISL_19789985
A/swine/Denmark/18-15403-3/2018	EPI_ISL_19790004	EPI_ISL_19790004	EPI_ISL_19790004	EPI_ISL_19790004	EPI_ISL_19790004	EPI_ISL_19790004	EPI_ISL_19790004	EPI_ISL_19790004
A/swine/Denmark/18-2985-3/2018	EPI_ISL_19790002	EPI_ISL_19790002	EPI_ISL_19790002	EPI_ISL_19790002	EPI_ISL_19790002	EPI_ISL_19790002	EPI_ISL_19790002	EPI_ISL_19790002
A/swine/Brno/00/2000	EPI_ISL_129448	EPI_ISL_129448	EPI_ISL_129448	EPI_ISL_129448	EPI_ISL_129448	EPI_ISL_129448	EPI_ISL_129448	EPI_ISL_129448
A/swine/England/001195/2007	EPI_ISL_129451	EPI_ISL_129451	EPI_ISL_129451	EPI_ISL_129451	EPI_ISL_129451	EPI_ISL_129451	EPI_ISL_129451	EPI_ISL_129451
A/swine/England/00003/2009	EPI_ISL_129450	EPI_ISL_129450	EPI_ISL_129450	EPI_ISL_129450	EPI_ISL_129450	EPI_ISL_129450	EPI_ISL_129450	EPI_ISL_129450
A/swine/England/004772/2001	EPI_ISL_129453	EPI_ISL_129453	EPI_ISL_129453	EPI_ISL_129453	EPI_ISL_129453	EPI_ISL_129453	EPI_ISL_129453	EPI_ISL_129453
A/swine/England/002295/2002	EPI_ISL_129452	EPI_ISL_129452	EPI_ISL_129452	EPI_ISL_129452	EPI_ISL_129452	EPI_ISL_129452	EPI_ISL_129452	EPI_ISL_129452
A/swine/England/010402/2003	EPI_ISL_129454	EPI_ISL_129454	EPI_ISL_129454	EPI_ISL_129454	EPI_ISL_129454	EPI_ISL_129454	EPI_ISL_129454	EPI_ISL_129454
A/swine/England/1093/2005	EPI_ISL_129457	EPI_ISL_129457	EPI_ISL_129457	EPI_ISL_129457	EPI_ISL_129457	EPI_ISL_129457	EPI_ISL_129457	EPI_ISL_129457
A/swine/Denmark/16-1673-3/2016	EPI_ISL_19790006	EPI_ISL_19790006	EPI_ISL_19790006	EPI_ISL_19790006	EPI_ISL_19790006	EPI_ISL_19790006	EPI_ISL_19790006	EPI_ISL_19790006
A/swine/Germany/Hagstedt-IDT11951/2010	EPI_ISL_194995	EPI_ISL_194995	EPI_ISL_194995	EPI_ISL_194995	EPI_ISL_194995	EPI_ISL_194995	EPI_ISL_194995	EPI_ISL_194995
A/swine/Denmark/18-9602-3/2018	EPI_ISL_19789991	EPI_ISL_19789991	EPI_ISL_19789991	EPI_ISL_19789991	EPI_ISL_19789991	EPI_ISL_19789991	EPI_ISL_19789991	EPI_ISL_19789991
A/swine/Denmark/18-6936-3/2018	EPI_ISL_19789993	EPI_ISL_19789993	EPI_ISL_19789993	EPI_ISL_19789993	EPI_ISL_19789993	EPI_ISL_19789993	EPI_ISL_19789993	EPI_ISL_19789993
A/swine/Germany/R495/2012	EPI_ISL_133474	EPI_ISL_133474	EPI_ISL_133474	EPI_ISL_133474	EPI_ISL_133474	EPI_ISL_133474	EPI_ISL_133474	EPI_ISL_133474
A/swine/Denmark/17-12364-4/2017	EPI_ISL_19789903	EPI_ISL_19789903	EPI_ISL_19789903	EPI_ISL_19789903	EPI_ISL_19789903	EPI_ISL_19789903	EPI_ISL_19789903	EPI_ISL_19789903
A/swine/Denmark/18-11933-1/2018	EPI_ISL_19789897	EPI_ISL_19789897	EPI_ISL_19789897	EPI_ISL_19789897	EPI_ISL_19789897	EPI_ISL_19789897	EPI_ISL_19789897	EPI_ISL_19789897
A/swine/Denmark/17-2957-2/2017	EPI_ISL_19789899	EPI_ISL_19789899	EPI_ISL_19789899	EPI_ISL_19789899	EPI_ISL_19789899	EPI_ISL_19789899	EPI_ISL_19789899	EPI_ISL_19789899
A/swine/Denmark/17-2989-1/2017	EPI_ISL_19789895	EPI_ISL_19789895	EPI_ISL_19789895	EPI_ISL_19789895	EPI_ISL_19789895	EPI_ISL_19789895	EPI_ISL_19789895	EPI_ISL_19789895
A/swine/Denmark/16-3901-3/2016	EPI_ISL_19789916	EPI_ISL_19789916	EPI_ISL_19789916	EPI_ISL_19789916	EPI_ISL_19789916	EPI_ISL_19789916	EPI_ISL_19789916	EPI_ISL_19789916
A/swine/Denmark/16-3873-3/2016	EPI_ISL_19789918	EPI_ISL_19789918	EPI_ISL_19789918	EPI_ISL_19789918	EPI_ISL_19789918	EPI_ISL_19789918	EPI_ISL_19789918	EPI_ISL_19789918
A/swine/Denmark/16-4973-1/2016	EPI_ISL_19789912	EPI_ISL_19789912	EPI_ISL_19789912	EPI_ISL_19789912	EPI_ISL_19789912	EPI_ISL_19789912	EPI_ISL_19789912	EPI_ISL_19789912
A/swine/Denmark/16-391-1/2016	EPI_ISL_19789914	EPI_ISL_19789914	EPI_ISL_19789914	EPI_ISL_19789914	EPI_ISL_19789914	EPI_ISL_19789914	EPI_ISL_19789914	EPI_ISL_19789914
A/swine/Denmark/18-5269-3/2018	EPI_ISL_19789995	EPI_ISL_19789995	EPI_ISL_19789995	EPI_ISL_19789995	EPI_ISL_19789995	EPI_ISL_19789995	EPI_ISL_19789995	EPI_ISL_19789995
A/swine/Italy/11546-65/2013	EPI_ISL_207227	EPI_ISL_207227	EPI_ISL_207227	EPI_ISL_207227	EPI_ISL_207227	EPI_ISL_207227	EPI_ISL_207227	EPI_ISL_207227
A/swine/Denmark/16-6503-2/2016	EPI_ISL_19789910	EPI_ISL_19789910	EPI_ISL_19789910	EPI_ISL_19789910	EPI_ISL_19789910	EPI_ISL_19789910	EPI_ISL_19789910	EPI_ISL_19789910
A/swine/Denmark/16-9154-3/2016	EPI_ISL_19789905	EPI_ISL_19789905	EPI_ISL_19789905	EPI_ISL_19789905	EPI_ISL_19789905	EPI_ISL_19789905	EPI_ISL_19789905	EPI_ISL_19789905
A/swine/Italy/50206-28/2014	EPI_ISL_207231	EPI_ISL_207231	EPI_ISL_207231	EPI_ISL_207231	EPI_ISL_207231	EPI_ISL_207231	EPI_ISL_207231	EPI_ISL_207231
A/swine/Italy/50206-21/2014	EPI_ISL_207230	EPI_ISL_207230	EPI_ISL_207230	EPI_ISL_207230	EPI_ISL_207230	EPI_ISL_207230	EPI_ISL_207230	EPI_ISL_207230
A/swine/Italy/50064-3/2014	EPI_ISL_207229	EPI_ISL_207229	EPI_ISL_207229	EPI_ISL_207229	EPI_ISL_207229	EPI_ISL_207229	EPI_ISL_207229	EPI_ISL_207229
A/swine/Italy/50064-2/2014	EPI_ISL_207228	EPI_ISL_207228	EPI_ISL_207228	EPI_ISL_207228	EPI_ISL_207228	EPI_ISL_207228	EPI_ISL_207228	EPI_ISL_207228
A/swine/Denmark/18-5109-1/2018	EPI_ISL_19789997	EPI_ISL_19789997	EPI_ISL_19789997	EPI_ISL_19789997	EPI_ISL_19789997	EPI_ISL_19789997	EPI_ISL_19789997	EPI_ISL_19789997
A/swine/Denmark/18-5071-2/2018	EPI_ISL_19789999	EPI_ISL_19789999	EPI_ISL_19789999	EPI_ISL_19789999	EPI_ISL_19789999	EPI_ISL_19789999	EPI_ISL_19789999	EPI_ISL_19789999
A/swine/Italy/9529-70/2013	EPI_ISL_207233	EPI_ISL_207233	EPI_ISL_207233	EPI_ISL_207233	EPI_ISL_207233	EPI_ISL_207233	EPI_ISL_207233	EPI_ISL_207233
A/swine/Italy/9529-1/2013	EPI_ISL_207232	EPI_ISL_207232	EPI_ISL_207232	EPI_ISL_207232	EPI_ISL_207232	EPI_ISL_207232	EPI_ISL_207232	EPI_ISL_207232
A/swine/Italy/11546-62/2013	EPI_ISL_207226	EPI_ISL_207226	EPI_ISL_207226	EPI_ISL_207226	EPI_ISL_207226	EPI_ISL_207226	EPI_ISL_207226	EPI_ISL_207226
A/swine/England/10/2010	EPI_ISL_129456	EPI_ISL_129456	EPI_ISL_129456	EPI_ISL_129456	EPI_ISL_129456	EPI_ISL_129456	EPI_ISL_129456	EPI_ISL_129456
A/swine/Denmark/19-12219-2/2019	EPI_ISL_19789983	EPI_ISL_19789983	EPI_ISL_19789983	EPI_ISL_19789983	EPI_ISL_19789983	EPI_ISL_19789983	EPI_ISL_19789983	EPI_ISL_19789983
A/swine/England/1131/2004	EPI_ISL_129458	EPI_ISL_129458	EPI_ISL_129458	EPI_ISL_129458	EPI_ISL_129458	EPI_ISL_129458	EPI_ISL_129458	EPI_ISL_129458
A/swine/England/303/2009	EPI_ISL_129477	EPI_ISL_129477	EPI_ISL_129477	EPI_ISL_129477	EPI_ISL_129477	EPI_ISL_129477	EPI_ISL_129477	EPI_ISL_129477
A/swine/Denmark/15-5736-1/2015	EPI_ISL_19790056	EPI_ISL_19790056	EPI_ISL_19790056	EPI_ISL_19790056	EPI_ISL_19790056	EPI_ISL_19790056	EPI_ISL_19790056	EPI_ISL_19790056
A/swine/Italy/302593/2010	EPI_ISL_195015	EPI_ISL_195015	EPI_ISL_195015	EPI_ISL_195015	EPI_ISL_195015	EPI_ISL_195015	EPI_ISL_195015	EPI_ISL_195015
A/swine/Denmark/15-3655-1/2015	EPI_ISL_19790059	EPI_ISL_19790059	EPI_ISL_19790059	EPI_ISL_19790059	EPI_ISL_19790059	EPI_ISL_19790059	EPI_ISL_19790059	EPI_ISL_19790059
A/swine/France/IIIeetVilaine-0415/2011	EPI_ISL_195012	EPI_ISL_195012	EPI_ISL_195012	EPI_ISL_195012	EPI_ISL_195012	EPI_ISL_195012	EPI_ISL_195012	EPI_ISL_195012
A/swine/Denmark/15-3984-1/2015	EPI_ISL_19790058	EPI_ISL_19790058	EPI_ISL_19790058	EPI_ISL_19790058	EPI_ISL_19790058	EPI_ISL_19790058	EPI_ISL_19790058	EPI_ISL_19790058
A/swine/France/IIIeetVilaine-0208/2011	EPI_ISL_195013	EPI_ISL_195013	EPI_ISL_195013	EPI_ISL_195013	EPI_ISL_195013	EPI_ISL_195013	EPI_ISL_195013	EPI_ISL_195013
A/swine/England/33780/2006	EPI_ISL_129478	EPI_ISL_129478	EPI_ISL_129478	EPI_ISL_129478	EPI_ISL_129478	EPI_ISL_129478	EPI_ISL_129478	EPI_ISL_129478
A/swine/Denmark/15-6702-3/2015	EPI_ISL_19790053	EPI_ISL_19790053	EPI_ISL_19790053	EPI_ISL_19790053	EPI_ISL_19790053	EPI_ISL_19790053	EPI_ISL_19790053	EPI_ISL_19790053
A/swine/Denmark/15-4480-1/2015	EPI_ISL_19790057	EPI_ISL_19790057	EPI_ISL_19790057	EPI_ISL_19790057	EPI_ISL_19790057	EPI_ISL_19790057	EPI_ISL_19790057	EPI_ISL_19790057
A/swine/Italy/275736/2010	EPI_ISL_195018	EPI_ISL_195018	EPI_ISL_195018	EPI_ISL_195018	EPI_ISL_195018	EPI_ISL_195018	EPI_ISL_195018	EPI_ISL_195018
A/swine/England/373/2010	EPI_ISL_129480	EPI_ISL_129480	EPI_ISL_129480	EPI_ISL_129480	EPI_ISL_129480	EPI_ISL_129480	EPI_ISL_129480	EPI_ISL_129480
A/swine/England/39572/2001	EPI_ISL_129483	EPI_ISL_129483	EPI_ISL_129483	EPI_ISL_129483	EPI_ISL_129483	EPI_ISL_129483	EPI_ISL_129483	EPI_ISL_129483
A/swine/Denmark/15-5774-2/2015	EPI_ISL_19790054	EPI_ISL_19790054	EPI_ISL_19790054	EPI_ISL_19790054	EPI_ISL_19790054	EPI_ISL_19790054	EPI_ISL_19790054	EPI_ISL_19790054
A/swine/Italy/57680/2011	EPI_ISL_195017	EPI_ISL_195017	EPI_ISL_195017	EPI_ISL_195017	EPI_ISL_195017	EPI_ISL_195017	EPI_ISL_195017	EPI_ISL_195017
A/swine/England/383/2005	EPI_ISL_129482	EPI_ISL_129482	EPI_ISL_129482	EPI_ISL_129482	EPI_ISL_129482	EPI_ISL_129482	EPI_ISL_129482	EPI_ISL_129482
A/swine/Denmark/15-7689-1/2015	EPI_ISL_19790049	EPI_ISL_19790049	EPI_ISL_19790049	EPI_ISL_19790049	EPI_ISL_19790049	EPI_ISL_19790049	EPI_ISL_19790049	EPI_ISL_19790049
A/swine/Belgium/Maldegem-553/2010	EPI_ISL_195022	EPI_ISL_195022	EPI_ISL_195022	EPI_ISL_195022	EPI_ISL_195022	EPI_ISL_195022	EPI_ISL_195022	EPI_ISL_195022
A/swine/Denmark/15-7748-1/2015	EPI_ISL_19790048	EPI_ISL_19790048	EPI_ISL_19790048	EPI_ISL_19790048	EPI_ISL_19790048	EPI_ISL_19790048	EPI_ISL_19790048	EPI_ISL_19790048
A/swine/Belgium/Gent-560/2010	EPI_ISL_195023	EPI_ISL_195023	EPI_ISL_195023	EPI_ISL_195023	EPI_ISL_195023	EPI_ISL_195023	EPI_ISL_195023	EPI_ISL_195023
A/swine/Denmark/15-729-2/2015	EPI_ISL_19790051	EPI_ISL_19790051	EPI_ISL_19790051	EPI_ISL_19790051	EPI_ISL_19790051	EPI_ISL_19790051	EPI_ISL_19790051	EPI_ISL_19790051
A/swine/Italy/317775/2010	EPI_ISL_195019	EPI_ISL_195019	EPI_ISL_195019	EPI_ISL_195019	EPI_ISL_195019	EPI_ISL_195019	EPI_ISL_195019	EPI_ISL_195019
A/swine/France/Morbihan-0294/2011	EPI_ISL_195009	EPI_ISL_195009	EPI_ISL_195009	EPI_ISL_195009	EPI_ISL_195009	EPI_ISL_195009	EPI_ISL_195009	EPI_ISL_195009
A/swine/Denmark/15-20835-1/2015	EPI_ISL_19790062	EPI_ISL_19790062	EPI_ISL_19790062	EPI_ISL_19790062	EPI_ISL_19790062	EPI_ISL_19790062	EPI_ISL_19790062	EPI_ISL_19790062
A/swine/France/Morbihan-0213/2011	EPI_ISL_195008	EPI_ISL_195008	EPI_ISL_195008	EPI_ISL_195008	EPI_ISL_195008	EPI_ISL_195008	EPI_ISL_195008	EPI_ISL_195008
A/swine/Germany/Bakum-IDT12292/2010	EPI_ISL_194998	EPI_ISL_194998	EPI_ISL_194998	EPI_ISL_194998	EPI_ISL_194998	EPI_ISL_194998	EPI_ISL_194998	EPI_ISL_194998
A/swine/England/1458/2010	EPI_ISL_129461	EPI_ISL_129461	EPI_ISL_129461	EPI_ISL_129461	EPI_ISL_129461	EPI_ISL_129461	EPI_ISL_129461	EPI_ISL_129461
A/swine/Italy/1081/00	EPI_ISL_2484	EPI_ISL_2484	EPI_ISL_2484	EPI_ISL_2484	EPI_ISL_2484	EPI_ISL_2484	EPI_ISL_2484	EPI_ISL_2484
A/swine/Denmark/19-155-3/2019	EPI_ISL_19789979	EPI_ISL_19789979	EPI_ISL_19789979	EPI_ISL_19789979	EPI_ISL_19789979	EPI_ISL_19789979	EPI_ISL_19789979	EPI_ISL_19789979
A/swine/Germany/Lohne-IDT12137/2010	EPI_ISL_194996	EPI_ISL_194996	EPI_ISL_194996	EPI_ISL_194996	EPI_ISL_194996	EPI_ISL_194996	EPI_ISL_194996	EPI_ISL_194996
A/swine/Germany/Steinfeld-IDT12115/2010	EPI_ISL_194997	EPI_ISL_194997	EPI_ISL_194997	EPI_ISL_194997	EPI_ISL_194997	EPI_ISL_194997	EPI_ISL_194997	EPI_ISL_194997
A/swine/England/1464/2010	EPI_ISL_129462	EPI_ISL_129462	EPI_ISL_129462	EPI_ISL_129462	EPI_ISL_129462	EPI_ISL_129462	EPI_ISL_129462	EPI_ISL_129462
A/swine/Germany/Barle-IDT13149/2011	EPI_ISL_195002	EPI_ISL_195002	EPI_ISL_195002	EPI_ISL_195002	EPI_ISL_195002	EPI_ISL_195002	EPI_ISL_195002	EPI_ISL_195002
A/swine/England/17787/2000	EPI_ISL_129465	EPI_ISL_129465	EPI_ISL_129465	EPI_ISL_129465	EPI_ISL_129465	EPI_ISL_129465	EPI_ISL_129465	EPI_ISL_129465
A/swine/Germany/Nikolausdorf-IDT12279/2010	EPI_ISL_195003	EPI_ISL_195003	EPI_ISL_195003	EPI_ISL_195003	EPI_ISL_195003	EPI_ISL_195003	EPI_ISL_195003	EPI_ISL_195003
A/swine/Germany/Lohne-IDT12877/2011	EPI_ISL_195000	EPI_ISL_195000	EPI_ISL_195000	EPI_ISL_195000	EPI_ISL_195000	EPI_ISL_195000	EPI_ISL_195000	EPI_ISL_195000
A/swine/Germany/Belecke-IDT12963/2011	EPI_ISL_195001	EPI_ISL_195001	EPI_ISL_195001	EPI_ISL_195001	EPI_ISL_195001	EPI_ISL_195001	EPI_ISL_195001	EPI_ISL_195001
A/swine/England/17788/2000	EPI_ISL_129466	EPI_ISL_129466	EPI_ISL_129466	EPI_ISL_129466	EPI_ISL_129466	EPI_ISL_129466	EPI_ISL_129466	EPI_ISL_129466
A/swine/France/CotesdArmor-0275/2010	EPI_ISL_195006	EPI_ISL_195006	EPI_ISL_195006	EPI_ISL_195006	EPI_ISL_195006	EPI_ISL_195006	EPI_ISL_195006	EPI_ISL_195006
A/swine/France/IIIeetVilaine-0187/2011	EPI_ISL_195007	EPI_ISL_195007	EPI_ISL_195007	EPI_ISL_195007	EPI_ISL_195007	EPI_ISL_195007	EPI_ISL_195007	EPI_ISL_195007
A/swine/Germany/Wunnenberg-IDT13220/2011	EPI_ISL_195004	EPI_ISL_195004	EPI_ISL_195004	EPI_ISL_195004	EPI_ISL_195004	EPI_ISL_195004	EPI_ISL_195004	EPI_ISL_195004
A/swine/Germany/Ostbevern-IDT13211/2011	EPI_ISL_195005	EPI_ISL_195005	EPI_ISL_195005	EPI_ISL_195005	EPI_ISL_195005	EPI_ISL_195005	EPI_ISL_195005	EPI_ISL_195005
A/swine/France/Vendee-0301/2011	EPI_ISL_195010	EPI_ISL_195010	EPI_ISL_195010	EPI_ISL_195010	EPI_ISL_195010	EPI_ISL_195010	EPI_ISL_195010	EPI_ISL_195010
A/swine/Denmark/15-22393-1/2015	EPI_ISL_19790060	EPI_ISL_19790060	EPI_ISL_19790060	EPI_ISL_19790060	EPI_ISL_19790060	EPI_ISL_19790060	EPI_ISL_19790060	EPI_ISL_19790060
A/swine/France/Finistere-0011/2011	EPI_ISL_195011	EPI_ISL_195011	EPI_ISL_195011	EPI_ISL_195011	EPI_ISL_195011	EPI_ISL_195011	EPI_ISL_195011	EPI_ISL_195011
A/swine/England/254/2002	EPI_ISL_129472	EPI_ISL_129472	EPI_ISL_129472	EPI_ISL_129472	EPI_ISL_129472	EPI_ISL_129472	EPI_ISL_129472	EPI_ISL_129472
A/swine/Denmark/15-19090-1/2015	EPI_ISL_19790063	EPI_ISL_19790063	EPI_ISL_19790063	EPI_ISL_19790063	EPI_ISL_19790063	EPI_ISL_19790063	EPI_ISL_19790063	EPI_ISL_19790063
A/swine/Denmark/18-13154-2/2018	EPI_ISL_19789938	EPI_ISL_19789938	EPI_ISL_19789938	EPI_ISL_19789938	EPI_ISL_19789938	EPI_ISL_19789938	EPI_ISL_19789938	EPI_ISL_19789938
A/swine/Nechtelsen/17056/2013	EPI_ISL_505264	EPI_ISL_505264	EPI_ISL_505264	EPI_ISL_505264	EPI_ISL_505264	EPI_ISL_505264	EPI_ISL_505264	EPI_ISL_505264
A/swine/Denmark/17-2911-1/2017	EPI_ISL_19789936	EPI_ISL_19789936	EPI_ISL_19789936	EPI_ISL_19789936	EPI_ISL_19789936	EPI_ISL_19789936	EPI_ISL_19789936	EPI_ISL_19789936
A/swine/Denmark/16-20978-1/2016	EPI_ISL_19789920	EPI_ISL_19789920	EPI_ISL_19789920	EPI_ISL_19789920	EPI_ISL_19789920	EPI_ISL_19789920	EPI_ISL_19789920	EPI_ISL_19789920
A/swine/France/53-180028/2018	EPI_ISL_378939	EPI_ISL_378939	EPI_ISL_378939	EPI_ISL_378939	EPI_ISL_378939	EPI_ISL_378939	EPI_ISL_378939	EPI_ISL_378939
A/swine/Belgium/Gent-54/2019	EPI_ISL_4081788	EPI_ISL_4081788	EPI_ISL_4081788	EPI_ISL_4081788	EPI_ISL_4081788	EPI_ISL_4081788	EPI_ISL_4081788	EPI_ISL_4081788
A/swine/Netherlands/Gent-62/2015	EPI_ISL_4081789	EPI_ISL_4081789	EPI_ISL_4081789	EPI_ISL_4081789	EPI_ISL_4081789	EPI_ISL_4081789	EPI_ISL_4081789	EPI_ISL_4081789
A/swine/Belgium/Gent-53/2019	EPI_ISL_4081787	EPI_ISL_4081787	EPI_ISL_4081787	EPI_ISL_4081787	EPI_ISL_4081787	EPI_ISL_4081787	EPI_ISL_4081787	EPI_ISL_4081787
A/swine/Belgium/Gent-241/2018	EPI_ISL_4081784	EPI_ISL_4081784	EPI_ISL_4081784	EPI_ISL_4081784	EPI_ISL_4081784	EPI_ISL_4081784	EPI_ISL_4081784	EPI_ISL_4081784
A/swine/Belgium/Gent-30/2014	EPI_ISL_4081785	EPI_ISL_4081785	EPI_ISL_4081785	EPI_ISL_4081785	EPI_ISL_4081785	EPI_ISL_4081785	EPI_ISL_4081785	EPI_ISL_4081785
A/swine/Belgium/Gent-220/2019	EPI_ISL_4081782	EPI_ISL_4081782	EPI_ISL_4081782	EPI_ISL_4081782	EPI_ISL_4081782	EPI_ISL_4081782	EPI_ISL_4081782	EPI_ISL_4081782
A/swine/Belgium/Gent-235/2019	EPI_ISL_4081783	EPI_ISL_4081783	EPI_ISL_4081783	EPI_ISL_4081783	EPI_ISL_4081783	EPI_ISL_4081783	EPI_ISL_4081783	EPI_ISL_4081783
A/swine/Belgium/Gent-196/2018	EPI_ISL_4081780	EPI_ISL_4081780	EPI_ISL_4081780	EPI_ISL_4081780	EPI_ISL_4081780	EPI_ISL_4081780	EPI_ISL_4081780	EPI_ISL_4081780
A/swine/Belgium/Gent-203/2019	EPI_ISL_4081781	EPI_ISL_4081781	EPI_ISL_4081781	EPI_ISL_4081781	EPI_ISL_4081781	EPI_ISL_4081781	EPI_ISL_4081781	EPI_ISL_4081781
A/swine/France/53-180028-3/2018	EPI_ISL_378936	EPI_ISL_378936	EPI_ISL_378936	EPI_ISL_378936	EPI_ISL_378936	EPI_ISL_378936	EPI_ISL_378936	EPI_ISL_378936
A/swine/Belgium/Gent-150/2016	EPI_ISL_4081778	EPI_ISL_4081778	EPI_ISL_4081778	EPI_ISL_4081778	EPI_ISL_4081778	EPI_ISL_4081778	EPI_ISL_4081778	EPI_ISL_4081778
A/swine/Belgium/Gent-114/2019	EPI_ISL_4081776	EPI_ISL_4081776	EPI_ISL_4081776	EPI_ISL_4081776	EPI_ISL_4081776	EPI_ISL_4081776	EPI_ISL_4081776	EPI_ISL_4081776
A/swine/Belgium/Gent-121/2018	EPI_ISL_4081777	EPI_ISL_4081777	EPI_ISL_4081777	EPI_ISL_4081777	EPI_ISL_4081777	EPI_ISL_4081777	EPI_ISL_4081777	EPI_ISL_4081777
A/swine/Belgium/Gent-05/2019	EPI_ISL_4081775	EPI_ISL_4081775	EPI_ISL_4081775	EPI_ISL_4081775	EPI_ISL_4081775	EPI_ISL_4081775	EPI_ISL_4081775	EPI_ISL_4081775
A/swine/Belgium/Gent-178/2019	EPI_ISL_4081736	EPI_ISL_4081736	EPI_ISL_4081736	EPI_ISL_4081736	EPI_ISL_4081736	EPI_ISL_4081736	EPI_ISL_4081736	EPI_ISL_4081736
A/swine/Belgium/Gent-233/2018	EPI_ISL_4081735	EPI_ISL_4081735	EPI_ISL_4081735	EPI_ISL_4081735	EPI_ISL_4081735	EPI_ISL_4081735	EPI_ISL_4081735	EPI_ISL_4081735
A/swine/England/1382/2010	EPI_ISL_88197	EPI_ISL_88197	EPI_ISL_88197	EPI_ISL_88197	EPI_ISL_88197	EPI_ISL_88197	EPI_ISL_88197	EPI_ISL_88197
A/Swine/Netherlands/719/2019	EPI_ISL_18885005	EPI_ISL_18885005	EPI_ISL_18885005	EPI_ISL_18885005	EPI_ISL_18885005	EPI_ISL_18885005	EPI_ISL_18885005	EPI_ISL_18885005
A/Swine/Netherlands/3247/2019	EPI_ISL_18885010	EPI_ISL_18885010	EPI_ISL_18885010	EPI_ISL_18885010	EPI_ISL_18885010	EPI_ISL_18885010	EPI_ISL_18885010	EPI_ISL_18885010
A/Swine/Netherlands/8711/2019	EPI_ISL_18885012	EPI_ISL_18885012	EPI_ISL_18885012	EPI_ISL_18885012	EPI_ISL_18885012	EPI_ISL_18885012	EPI_ISL_18885012	EPI_ISL_18885012
A/swine/Italy/337467/2015	EPI_ISL_19503516	EPI_ISL_19503516	EPI_ISL_19503516	EPI_ISL_19503516	EPI_ISL_19503516	EPI_ISL_19503516	EPI_ISL_19503516	EPI_ISL_19503516
A/swine/Belgium/Gent-173/2015	EPI_ISL_4081779	EPI_ISL_4081779	EPI_ISL_4081779	EPI_ISL_4081779	EPI_ISL_4081779	EPI_ISL_4081779	EPI_ISL_4081779	EPI_ISL_4081779
A/swine/Germany/Bak36/2017	EPI_ISL_264252	EPI_ISL_264252	EPI_ISL_264252	EPI_ISL_264252	EPI_ISL_264252	EPI_ISL_264252	EPI_ISL_264252	EPI_ISL_264252
A/swine/France/53-180028-2/2018	EPI_ISL_378935	EPI_ISL_378935	EPI_ISL_378935	EPI_ISL_378935	EPI_ISL_378935	EPI_ISL_378935	EPI_ISL_378935	EPI_ISL_378935
A/swine/Denmark/2018_3368_2_1p1/2018	EPI_ISL_4081347	EPI_ISL_4081347	EPI_ISL_4081347	EPI_ISL_4081347	EPI_ISL_4081347	EPI_ISL_4081347	EPI_ISL_4081347	EPI_ISL_4081347
A/swine/Serbia/7/2017	EPI_ISL_501507	EPI_ISL_501507	EPI_ISL_501507	EPI_ISL_501507	EPI_ISL_501507	EPI_ISL_501507	EPI_ISL_501507	EPI_ISL_501507
A/swine/Serbia/5/2016	EPI_ISL_501505	EPI_ISL_501505	EPI_ISL_501505	EPI_ISL_501505	EPI_ISL_501505	EPI_ISL_501505	EPI_ISL_501505	EPI_ISL_501505
A/swine/Leningrad_Region/RII-02/2017	EPI_ISL_1095455	EPI_ISL_1095455	EPI_ISL_1095455	EPI_ISL_1095455	EPI_ISL_1095455	EPI_ISL_1095455	EPI_ISL_1095455	EPI_ISL_1095455
A/swine/Italy/89644/2017	EPI_ISL_14763918	EPI_ISL_14763918	EPI_ISL_14763918	EPI_ISL_14763918	EPI_ISL_14763918	EPI_ISL_14763918	EPI_ISL_14763918	EPI_ISL_14763918
A/swine/Ennigerloh/IDT5803/2006	EPI_ISL_30585	EPI_ISL_30585	EPI_ISL_30585	EPI_ISL_30585	EPI_ISL_30585	EPI_ISL_30585	EPI_ISL_30585	EPI_ISL_30585
A/swine/Groitzsch/IDT6016-1/2007	EPI_ISL_30586	EPI_ISL_30586	EPI_ISL_30586	EPI_ISL_30586	EPI_ISL_30586	EPI_ISL_30586	EPI_ISL_30586	EPI_ISL_30586
A/swine/Groitzsch/IDT6016-2/2007	EPI_ISL_30587	EPI_ISL_30587	EPI_ISL_30587	EPI_ISL_30587	EPI_ISL_30587	EPI_ISL_30587	EPI_ISL_30587	EPI_ISL_30587
A/swine/France/22-190570/2019	EPI_ISL_9590552	EPI_ISL_9590552	EPI_ISL_9590552	EPI_ISL_9590552	EPI_ISL_9590552	EPI_ISL_9590552	EPI_ISL_9590552	EPI_ISL_9590552
A/swine/Norway/02-11342/2009	EPI_ISL_100253	EPI_ISL_100253	EPI_ISL_100253	EPI_ISL_100253	EPI_ISL_100253	EPI_ISL_100253	EPI_ISL_100253	EPI_ISL_100253
A/swine/Germany-BB/siv-leipz11308/09	EPI_ISL_71595	EPI_ISL_71595	EPI_ISL_71595	EPI_ISL_71595	EPI_ISL_71595	EPI_ISL_71595	EPI_ISL_71595	EPI_ISL_71595
A/swine/Germany-SH/R1737/09	EPI_ISL_71594	EPI_ISL_71594	EPI_ISL_71594	EPI_ISL_71594	EPI_ISL_71594	EPI_ISL_71594	EPI_ISL_71594	EPI_ISL_71594
A/swine/Italy/86451/2017	EPI_ISL_14763817	EPI_ISL_14763817	EPI_ISL_14763817	EPI_ISL_14763817	EPI_ISL_14763817	EPI_ISL_14763817	EPI_ISL_14763817	EPI_ISL_14763817
A/swine/Italy/58769/2010	EPI_ISL_79837	EPI_ISL_79837	EPI_ISL_79837	EPI_ISL_79837	EPI_ISL_79837	EPI_ISL_79837	EPI_ISL_79837	EPI_ISL_79837
A/swine/Italy/323913-1/2016	EPI_ISL_19503109	EPI_ISL_19503109	EPI_ISL_19503109	EPI_ISL_19503109	EPI_ISL_19503109	EPI_ISL_19503109	EPI_ISL_19503109	EPI_ISL_19503109
A/swine/Spain/07/2011	EPI_ISL_149807	EPI_ISL_149807	EPI_ISL_149807	EPI_ISL_149807	EPI_ISL_149807	EPI_ISL_149807	EPI_ISL_149807	EPI_ISL_149807
A/swine/Spain/06/2011	EPI_ISL_149805	EPI_ISL_149805	EPI_ISL_149805	EPI_ISL_149805	EPI_ISL_149805	EPI_ISL_149805	EPI_ISL_149805	EPI_ISL_149805
A/swine/Italy/31761/2015	EPI_ISL_502071	EPI_ISL_502071	EPI_ISL_502071	EPI_ISL_502071	EPI_ISL_502071	EPI_ISL_502071	EPI_ISL_502071	EPI_ISL_502071
A/swine/Italy/73449/2013	EPI_ISL_145714	EPI_ISL_145714	EPI_ISL_145714	EPI_ISL_145714	EPI_ISL_145714	EPI_ISL_145714	EPI_ISL_145714	EPI_ISL_145714
A/swine/Denmark/18-11212-1/2018	EPI_ISL_19789852	EPI_ISL_19789852	EPI_ISL_19789852	EPI_ISL_19789852	EPI_ISL_19789852	EPI_ISL_19789852	EPI_ISL_19789852	EPI_ISL_19789852
A/swine/Denmark/18-11095-1/2018	EPI_ISL_19789855	EPI_ISL_19789855	EPI_ISL_19789855	EPI_ISL_19789855	EPI_ISL_19789855	EPI_ISL_19789855	EPI_ISL_19789855	EPI_ISL_19789855
A/swine/Spain/08/2011	EPI_ISL_149809	EPI_ISL_149809	EPI_ISL_149809	EPI_ISL_149809	EPI_ISL_149809	EPI_ISL_149809	EPI_ISL_149809	EPI_ISL_149809
A/swine/Spain/09/2010	EPI_ISL_149815	EPI_ISL_149815	EPI_ISL_149815	EPI_ISL_149815	EPI_ISL_149815	EPI_ISL_149815	EPI_ISL_149815	EPI_ISL_149815
A/swine/Spain/05/2011	EPI_ISL_149813	EPI_ISL_149813	EPI_ISL_149813	EPI_ISL_149813	EPI_ISL_149813	EPI_ISL_149813	EPI_ISL_149813	EPI_ISL_149813
A/swine/Italy/82669/2016	EPI_ISL_19503121	EPI_ISL_19503121	EPI_ISL_19503121	EPI_ISL_19503121	EPI_ISL_19503121	EPI_ISL_19503121	EPI_ISL_19503121	EPI_ISL_19503121
A/swine/Italy/240307/2014	EPI_ISL_502073	EPI_ISL_502073	EPI_ISL_502073	EPI_ISL_502073	EPI_ISL_502073	EPI_ISL_502073	EPI_ISL_502073	EPI_ISL_502073
A/swine/Denmark/16-17799-3/2016	EPI_ISL_19789932	EPI_ISL_19789932	EPI_ISL_19789932	EPI_ISL_19789932	EPI_ISL_19789932	EPI_ISL_19789932	EPI_ISL_19789932	EPI_ISL_19789932
A/swine/Denmark/16-20178-1/2016	EPI_ISL_19789929	EPI_ISL_19789929	EPI_ISL_19789929	EPI_ISL_19789929	EPI_ISL_19789929	EPI_ISL_19789929	EPI_ISL_19789929	EPI_ISL_19789929
A/swine/Lidkoeping/1193/2002	EPI_ISL_67911	EPI_ISL_67911	EPI_ISL_67911	EPI_ISL_67911	EPI_ISL_67911	EPI_ISL_67911	EPI_ISL_67911	EPI_ISL_67911
A/swine/Denmark/16-208-2/2016	EPI_ISL_19789927	EPI_ISL_19789927	EPI_ISL_19789927	EPI_ISL_19789927	EPI_ISL_19789927	EPI_ISL_19789927	EPI_ISL_19789927	EPI_ISL_19789927
A/swine/Denmark/10-50-16/2010	EPI_ISL_19789849	EPI_ISL_19789849	EPI_ISL_19789849	EPI_ISL_19789849	EPI_ISL_19789849	EPI_ISL_19789849	EPI_ISL_19789849	EPI_ISL_19789849
A/swine/Spain/04/2011	EPI_ISL_149803	EPI_ISL_149803	EPI_ISL_149803	EPI_ISL_149803	EPI_ISL_149803	EPI_ISL_149803	EPI_ISL_149803	EPI_ISL_149803
A/swine/Germany/R819/2010	EPI_ISL_133366	EPI_ISL_133366	EPI_ISL_133366	EPI_ISL_133366	EPI_ISL_133366	EPI_ISL_133366	EPI_ISL_133366	EPI_ISL_133366
A/swine/Germany/R1421/2010	EPI_ISL_133373	EPI_ISL_133373	EPI_ISL_133373	EPI_ISL_133373	EPI_ISL_133373	EPI_ISL_133373	EPI_ISL_133373	EPI_ISL_133373
A/swine/Denmark/17-9869-1/2017	EPI_ISL_19789864	EPI_ISL_19789864	EPI_ISL_19789864	EPI_ISL_19789864	EPI_ISL_19789864	EPI_ISL_19789864	EPI_ISL_19789864	EPI_ISL_19789864
A/swine/Denmark/18-10004-2/2018	EPI_ISL_19789861	EPI_ISL_19789861	EPI_ISL_19789861	EPI_ISL_19789861	EPI_ISL_19789861	EPI_ISL_19789861	EPI_ISL_19789861	EPI_ISL_19789861
A/swine/Italy/332650/2016	EPI_ISL_19503139	EPI_ISL_19503139	EPI_ISL_19503139	EPI_ISL_19503139	EPI_ISL_19503139	EPI_ISL_19503139	EPI_ISL_19503139	EPI_ISL_19503139
A/swine/Denmark/18-10009-2/2018	EPI_ISL_19789858	EPI_ISL_19789858	EPI_ISL_19789858	EPI_ISL_19789858	EPI_ISL_19789858	EPI_ISL_19789858	EPI_ISL_19789858	EPI_ISL_19789858
A/swine/Denmark/17-3482-2/2017	EPI_ISL_19789887	EPI_ISL_19789887	EPI_ISL_19789887	EPI_ISL_19789887	EPI_ISL_19789887	EPI_ISL_19789887	EPI_ISL_19789887	EPI_ISL_19789887
A/swine/Denmark/17-5057-2/2017	EPI_ISL_19789882	EPI_ISL_19789882	EPI_ISL_19789882	EPI_ISL_19789882	EPI_ISL_19789882	EPI_ISL_19789882	EPI_ISL_19789882	EPI_ISL_19789882
A/swine/Denmark/17-9152-4/2017	EPI_ISL_19789876	EPI_ISL_19789876	EPI_ISL_19789876	EPI_ISL_19789876	EPI_ISL_19789876	EPI_ISL_19789876	EPI_ISL_19789876	EPI_ISL_19789876
A/swine/Denmark/17-7735-1/2017	EPI_ISL_19789879	EPI_ISL_19789879	EPI_ISL_19789879	EPI_ISL_19789879	EPI_ISL_19789879	EPI_ISL_19789879	EPI_ISL_19789879	EPI_ISL_19789879
A/swine/Denmark/17-9838-2/2017	EPI_ISL_19789873	EPI_ISL_19789873	EPI_ISL_19789873	EPI_ISL_19789873	EPI_ISL_19789873	EPI_ISL_19789873	EPI_ISL_19789873	EPI_ISL_19789873
A/swine/Spain/01/2010	EPI_ISL_149791	EPI_ISL_149791	EPI_ISL_149791	EPI_ISL_149791	EPI_ISL_149791	EPI_ISL_149791	EPI_ISL_149791	EPI_ISL_149791
A/swine/Spain/03/2008	EPI_ISL_149799	EPI_ISL_149799	EPI_ISL_149799	EPI_ISL_149799	EPI_ISL_149799	EPI_ISL_149799	EPI_ISL_149799	EPI_ISL_149799
A/swine/Denmark/18-14628-1/2018	EPI_ISL_19789945	EPI_ISL_19789945	EPI_ISL_19789945	EPI_ISL_19789945	EPI_ISL_19789945	EPI_ISL_19789945	EPI_ISL_19789945	EPI_ISL_19789945
A/swine/Italy/225349-2/2012	EPI_ISL_164827	EPI_ISL_164827	EPI_ISL_164827	EPI_ISL_164827	EPI_ISL_164827	EPI_ISL_164827	EPI_ISL_164827	EPI_ISL_164827
A/swine/Heek/17106/2013	EPI_ISL_505265	EPI_ISL_505265	EPI_ISL_505265	EPI_ISL_505265	EPI_ISL_505265	EPI_ISL_505265	EPI_ISL_505265	EPI_ISL_505265
A/swine/Hilgermissen/17337/2013	EPI_ISL_505267	EPI_ISL_505267	EPI_ISL_505267	EPI_ISL_505267	EPI_ISL_505267	EPI_ISL_505267	EPI_ISL_505267	EPI_ISL_505267
A/swine/Italy/351544/2017	EPI_ISL_14755025	EPI_ISL_14755025	EPI_ISL_14755025	EPI_ISL_14755025	EPI_ISL_14755025	EPI_ISL_14755025	EPI_ISL_14755025	EPI_ISL_14755025
A/swine/Italy/253451/2017	EPI_ISL_14755024	EPI_ISL_14755024	EPI_ISL_14755024	EPI_ISL_14755024	EPI_ISL_14755024	EPI_ISL_14755024	EPI_ISL_14755024	EPI_ISL_14755024
A/swine/Italy/344226/2017	EPI_ISL_14755027	EPI_ISL_14755027	EPI_ISL_14755027	EPI_ISL_14755027	EPI_ISL_14755027	EPI_ISL_14755027	EPI_ISL_14755027	EPI_ISL_14755027
A/swine/Italy/349779/2017	EPI_ISL_14755026	EPI_ISL_14755026	EPI_ISL_14755026	EPI_ISL_14755026	EPI_ISL_14755026	EPI_ISL_14755026	EPI_ISL_14755026	EPI_ISL_14755026
A/swine/Italy/330785/2017	EPI_ISL_14755029	EPI_ISL_14755029	EPI_ISL_14755029	EPI_ISL_14755029	EPI_ISL_14755029	EPI_ISL_14755029	EPI_ISL_14755029	EPI_ISL_14755029
A/swine/Italy/334847/2017	EPI_ISL_14755028	EPI_ISL_14755028	EPI_ISL_14755028	EPI_ISL_14755028	EPI_ISL_14755028	EPI_ISL_14755028	EPI_ISL_14755028	EPI_ISL_14755028
A/swine/Italy/326226/2017	EPI_ISL_14755031	EPI_ISL_14755031	EPI_ISL_14755031	EPI_ISL_14755031	EPI_ISL_14755031	EPI_ISL_14755031	EPI_ISL_14755031	EPI_ISL_14755031
A/swine/Italy/323257/2017	EPI_ISL_14755033	EPI_ISL_14755033	EPI_ISL_14755033	EPI_ISL_14755033	EPI_ISL_14755033	EPI_ISL_14755033	EPI_ISL_14755033	EPI_ISL_14755033
A/swine/Italy/325316/2017	EPI_ISL_14755032	EPI_ISL_14755032	EPI_ISL_14755032	EPI_ISL_14755032	EPI_ISL_14755032	EPI_ISL_14755032	EPI_ISL_14755032	EPI_ISL_14755032
A/swine/Italy/319204/2017	EPI_ISL_14755035	EPI_ISL_14755035	EPI_ISL_14755035	EPI_ISL_14755035	EPI_ISL_14755035	EPI_ISL_14755035	EPI_ISL_14755035	EPI_ISL_14755035
A/swine/Soegel/22071/2015	EPI_ISL_504872	EPI_ISL_504872	EPI_ISL_504872	EPI_ISL_504872	EPI_ISL_504872	EPI_ISL_504872	EPI_ISL_504872	EPI_ISL_504872
A/swine/Italy/319217/2017	EPI_ISL_14755034	EPI_ISL_14755034	EPI_ISL_14755034	EPI_ISL_14755034	EPI_ISL_14755034	EPI_ISL_14755034	EPI_ISL_14755034	EPI_ISL_14755034
A/swine/Italy/308892/2017	EPI_ISL_14755036	EPI_ISL_14755036	EPI_ISL_14755036	EPI_ISL_14755036	EPI_ISL_14755036	EPI_ISL_14755036	EPI_ISL_14755036	EPI_ISL_14755036
A/swine/Italy/280525/2017	EPI_ISL_14755039	EPI_ISL_14755039	EPI_ISL_14755039	EPI_ISL_14755039	EPI_ISL_14755039	EPI_ISL_14755039	EPI_ISL_14755039	EPI_ISL_14755039
A/swine/Italy/290024/2017	EPI_ISL_14755038	EPI_ISL_14755038	EPI_ISL_14755038	EPI_ISL_14755038	EPI_ISL_14755038	EPI_ISL_14755038	EPI_ISL_14755038	EPI_ISL_14755038
A/swine/France/22-190050/2019	EPI_ISL_9589977	EPI_ISL_9589977	EPI_ISL_9589977	EPI_ISL_9589977	EPI_ISL_9589977	EPI_ISL_9589977	EPI_ISL_9589977	EPI_ISL_9589977
A/Swine/Spain/50047/2003	EPI_ISL_5203	EPI_ISL_5203	EPI_ISL_5203	EPI_ISL_5203	EPI_ISL_5203	EPI_ISL_5203	EPI_ISL_5203	EPI_ISL_5203
A/swine/Italy/98113/2017	EPI_ISL_14755007	EPI_ISL_14755007	EPI_ISL_14755007	EPI_ISL_14755007	EPI_ISL_14755007	EPI_ISL_14755007	EPI_ISL_14755007	EPI_ISL_14755007
A/swine/Italy/98240/2017	EPI_ISL_14755006	EPI_ISL_14755006	EPI_ISL_14755006	EPI_ISL_14755006	EPI_ISL_14755006	EPI_ISL_14755006	EPI_ISL_14755006	EPI_ISL_14755006
A/swine/Italy/301275/2017	EPI_ISL_14755037	EPI_ISL_14755037	EPI_ISL_14755037	EPI_ISL_14755037	EPI_ISL_14755037	EPI_ISL_14755037	EPI_ISL_14755037	EPI_ISL_14755037
A/swine/France/22-130212/2013	EPI_ISL_205921	EPI_ISL_205921	EPI_ISL_205921	EPI_ISL_205921	EPI_ISL_205921	EPI_ISL_205921	EPI_ISL_205921	EPI_ISL_205921
A/swine/Italy/360158/2017	EPI_ISL_14755022	EPI_ISL_14755022	EPI_ISL_14755022	EPI_ISL_14755022	EPI_ISL_14755022	EPI_ISL_14755022	EPI_ISL_14755022	EPI_ISL_14755022
A/swine/France/17-190072/2019	EPI_ISL_9589948	EPI_ISL_9589948	EPI_ISL_9589948	EPI_ISL_9589948	EPI_ISL_9589948	EPI_ISL_9589948	EPI_ISL_9589948	EPI_ISL_9589948
A/swine/Italy/88629/2017	EPI_ISL_14755009	EPI_ISL_14755009	EPI_ISL_14755009	EPI_ISL_14755009	EPI_ISL_14755009	EPI_ISL_14755009	EPI_ISL_14755009	EPI_ISL_14755009
A/swine/Soest/21748/2015	EPI_ISL_504871	EPI_ISL_504871	EPI_ISL_504871	EPI_ISL_504871	EPI_ISL_504871	EPI_ISL_504871	EPI_ISL_504871	EPI_ISL_504871
A/swine/Italy/95312/2017	EPI_ISL_14755008	EPI_ISL_14755008	EPI_ISL_14755008	EPI_ISL_14755008	EPI_ISL_14755008	EPI_ISL_14755008	EPI_ISL_14755008	EPI_ISL_14755008
A/swine/Luedinghausen/21728/2015	EPI_ISL_504870	EPI_ISL_504870	EPI_ISL_504870	EPI_ISL_504870	EPI_ISL_504870	EPI_ISL_504870	EPI_ISL_504870	EPI_ISL_504870
A/swine/Italy/84796/2017	EPI_ISL_14755011	EPI_ISL_14755011	EPI_ISL_14755011	EPI_ISL_14755011	EPI_ISL_14755011	EPI_ISL_14755011	EPI_ISL_14755011	EPI_ISL_14755011
A/swine/Schwedeneck/21724/2015	EPI_ISL_504869	EPI_ISL_504869	EPI_ISL_504869	EPI_ISL_504869	EPI_ISL_504869	EPI_ISL_504869	EPI_ISL_504869	EPI_ISL_504869
A/swine/Italy/87590/2017	EPI_ISL_14755010	EPI_ISL_14755010	EPI_ISL_14755010	EPI_ISL_14755010	EPI_ISL_14755010	EPI_ISL_14755010	EPI_ISL_14755010	EPI_ISL_14755010
A/swine/Diepholz/21603/2015	EPI_ISL_504868	EPI_ISL_504868	EPI_ISL_504868	EPI_ISL_504868	EPI_ISL_504868	EPI_ISL_504868	EPI_ISL_504868	EPI_ISL_504868
A/swine/Italy/72492/2017	EPI_ISL_14755013	EPI_ISL_14755013	EPI_ISL_14755013	EPI_ISL_14755013	EPI_ISL_14755013	EPI_ISL_14755013	EPI_ISL_14755013	EPI_ISL_14755013
A/swine/Steinberg/21495/2015	EPI_ISL_504867	EPI_ISL_504867	EPI_ISL_504867	EPI_ISL_504867	EPI_ISL_504867	EPI_ISL_504867	EPI_ISL_504867	EPI_ISL_504867
A/swine/Duelmen/22335/2015	EPI_ISL_504873	EPI_ISL_504873	EPI_ISL_504873	EPI_ISL_504873	EPI_ISL_504873	EPI_ISL_504873	EPI_ISL_504873	EPI_ISL_504873
A/swine/Italy/72502/2017	EPI_ISL_14755012	EPI_ISL_14755012	EPI_ISL_14755012	EPI_ISL_14755012	EPI_ISL_14755012	EPI_ISL_14755012	EPI_ISL_14755012	EPI_ISL_14755012
A/swine/Italy/54484/2017	EPI_ISL_14755015	EPI_ISL_14755015	EPI_ISL_14755015	EPI_ISL_14755015	EPI_ISL_14755015	EPI_ISL_14755015	EPI_ISL_14755015	EPI_ISL_14755015
A/swine/Graben/21362-2/2015	EPI_ISL_504865	EPI_ISL_504865	EPI_ISL_504865	EPI_ISL_504865	EPI_ISL_504865	EPI_ISL_504865	EPI_ISL_504865	EPI_ISL_504865
A/swine/Italy/632/2017	EPI_ISL_14755014	EPI_ISL_14755014	EPI_ISL_14755014	EPI_ISL_14755014	EPI_ISL_14755014	EPI_ISL_14755014	EPI_ISL_14755014	EPI_ISL_14755014
A/swine/Cloppenburg/21225-P5/2015	EPI_ISL_504864	EPI_ISL_504864	EPI_ISL_504864	EPI_ISL_504864	EPI_ISL_504864	EPI_ISL_504864	EPI_ISL_504864	EPI_ISL_504864
A/swine/Italy/5033/2017	EPI_ISL_14755016	EPI_ISL_14755016	EPI_ISL_14755016	EPI_ISL_14755016	EPI_ISL_14755016	EPI_ISL_14755016	EPI_ISL_14755016	EPI_ISL_14755016
A/swine/Italy/366771/2017	EPI_ISL_14755019	EPI_ISL_14755019	EPI_ISL_14755019	EPI_ISL_14755019	EPI_ISL_14755019	EPI_ISL_14755019	EPI_ISL_14755019	EPI_ISL_14755019
A/swine/Italy/37450/2017	EPI_ISL_14755018	EPI_ISL_14755018	EPI_ISL_14755018	EPI_ISL_14755018	EPI_ISL_14755018	EPI_ISL_14755018	EPI_ISL_14755018	EPI_ISL_14755018
A/swine/Italy/365724/2017	EPI_ISL_14755021	EPI_ISL_14755021	EPI_ISL_14755021	EPI_ISL_14755021	EPI_ISL_14755021	EPI_ISL_14755021	EPI_ISL_14755021	EPI_ISL_14755021
A/swine/Italy/354072/2017	EPI_ISL_14755023	EPI_ISL_14755023	EPI_ISL_14755023	EPI_ISL_14755023	EPI_ISL_14755023	EPI_ISL_14755023	EPI_ISL_14755023	EPI_ISL_14755023
A/swine/Oirlo/21422/2015	EPI_ISL_504866	EPI_ISL_504866	EPI_ISL_504866	EPI_ISL_504866	EPI_ISL_504866	EPI_ISL_504866	EPI_ISL_504866	EPI_ISL_504866
A/swine/Heinsberg/21114/2014	EPI_ISL_504856	EPI_ISL_504856	EPI_ISL_504856	EPI_ISL_504856	EPI_ISL_504856	EPI_ISL_504856	EPI_ISL_504856	EPI_ISL_504856
A/swine/Italy/273910/2018	EPI_ISL_14751215	EPI_ISL_14751215	EPI_ISL_14751215	EPI_ISL_14751215	EPI_ISL_14751215	EPI_ISL_14751215	EPI_ISL_14751215	EPI_ISL_14751215
A/swine/Italy/276137/2018	EPI_ISL_14751214	EPI_ISL_14751214	EPI_ISL_14751214	EPI_ISL_14751214	EPI_ISL_14751214	EPI_ISL_14751214	EPI_ISL_14751214	EPI_ISL_14751214
A/swine/Italy/273034/2018	EPI_ISL_14751217	EPI_ISL_14751217	EPI_ISL_14751217	EPI_ISL_14751217	EPI_ISL_14751217	EPI_ISL_14751217	EPI_ISL_14751217	EPI_ISL_14751217
A/swine/Italy/273623/2018	EPI_ISL_14751216	EPI_ISL_14751216	EPI_ISL_14751216	EPI_ISL_14751216	EPI_ISL_14751216	EPI_ISL_14751216	EPI_ISL_14751216	EPI_ISL_14751216
A/swine/Italy/267654/2018	EPI_ISL_14751219	EPI_ISL_14751219	EPI_ISL_14751219	EPI_ISL_14751219	EPI_ISL_14751219	EPI_ISL_14751219	EPI_ISL_14751219	EPI_ISL_14751219
A/swine/Italy/270892/2018	EPI_ISL_14751218	EPI_ISL_14751218	EPI_ISL_14751218	EPI_ISL_14751218	EPI_ISL_14751218	EPI_ISL_14751218	EPI_ISL_14751218	EPI_ISL_14751218
A/swine/Italy/262270/2018	EPI_ISL_14751220	EPI_ISL_14751220	EPI_ISL_14751220	EPI_ISL_14751220	EPI_ISL_14751220	EPI_ISL_14751220	EPI_ISL_14751220	EPI_ISL_14751220
A/swine/Italy/259437/2018	EPI_ISL_14751222	EPI_ISL_14751222	EPI_ISL_14751222	EPI_ISL_14751222	EPI_ISL_14751222	EPI_ISL_14751222	EPI_ISL_14751222	EPI_ISL_14751222
A/swine/Italy/288477/2018	EPI_ISL_14751212	EPI_ISL_14751212	EPI_ISL_14751212	EPI_ISL_14751212	EPI_ISL_14751212	EPI_ISL_14751212	EPI_ISL_14751212	EPI_ISL_14751212
A/swine/Italy/252160/2018	EPI_ISL_14751225	EPI_ISL_14751225	EPI_ISL_14751225	EPI_ISL_14751225	EPI_ISL_14751225	EPI_ISL_14751225	EPI_ISL_14751225	EPI_ISL_14751225
A/swine/Italy/236808/2018	EPI_ISL_14751227	EPI_ISL_14751227	EPI_ISL_14751227	EPI_ISL_14751227	EPI_ISL_14751227	EPI_ISL_14751227	EPI_ISL_14751227	EPI_ISL_14751227
A/swine/Italy/245199/2018	EPI_ISL_14751226	EPI_ISL_14751226	EPI_ISL_14751226	EPI_ISL_14751226	EPI_ISL_14751226	EPI_ISL_14751226	EPI_ISL_14751226	EPI_ISL_14751226
A/swine/Italy/22131/2018	EPI_ISL_14751229	EPI_ISL_14751229	EPI_ISL_14751229	EPI_ISL_14751229	EPI_ISL_14751229	EPI_ISL_14751229	EPI_ISL_14751229	EPI_ISL_14751229
A/swine/Italy/236197/2018	EPI_ISL_14751228	EPI_ISL_14751228	EPI_ISL_14751228	EPI_ISL_14751228	EPI_ISL_14751228	EPI_ISL_14751228	EPI_ISL_14751228	EPI_ISL_14751228
A/swine/Italy/216576/2018	EPI_ISL_14751231	EPI_ISL_14751231	EPI_ISL_14751231	EPI_ISL_14751231	EPI_ISL_14751231	EPI_ISL_14751231	EPI_ISL_14751231	EPI_ISL_14751231
A/swine/Italy/256843/2018	EPI_ISL_14751224	EPI_ISL_14751224	EPI_ISL_14751224	EPI_ISL_14751224	EPI_ISL_14751224	EPI_ISL_14751224	EPI_ISL_14751224	EPI_ISL_14751224
A/swine/France/56-190060/2019	EPI_ISL_9589785	EPI_ISL_9589785	EPI_ISL_9589785	EPI_ISL_9589785	EPI_ISL_9589785	EPI_ISL_9589785	EPI_ISL_9589785	EPI_ISL_9589785
A/swine/Italy/282098/2018	EPI_ISL_14751213	EPI_ISL_14751213	EPI_ISL_14751213	EPI_ISL_14751213	EPI_ISL_14751213	EPI_ISL_14751213	EPI_ISL_14751213	EPI_ISL_14751213
A/swine/Haseluenne/IDT2617/03	EPI_ISL_13578	EPI_ISL_13578	EPI_ISL_13578	EPI_ISL_13578	EPI_ISL_13578	EPI_ISL_13578	EPI_ISL_13578	EPI_ISL_13578
A/swine/Spain/51915/2003	EPI_ISL_5287	EPI_ISL_5287	EPI_ISL_5287	EPI_ISL_5287	EPI_ISL_5287	EPI_ISL_5287	EPI_ISL_5287	EPI_ISL_5287
A/swine/Spain/53207/2004	EPI_ISL_5288	EPI_ISL_5288	EPI_ISL_5288	EPI_ISL_5288	EPI_ISL_5288	EPI_ISL_5288	EPI_ISL_5288	EPI_ISL_5288
A/swine/Italy/60591/2018	EPI_ISL_505087	EPI_ISL_505087	EPI_ISL_505087	EPI_ISL_505087	EPI_ISL_505087	EPI_ISL_505087	EPI_ISL_505087	EPI_ISL_505087
A/swine/Italy/91162/2018	EPI_ISL_505082	EPI_ISL_505082	EPI_ISL_505082	EPI_ISL_505082	EPI_ISL_505082	EPI_ISL_505082	EPI_ISL_505082	EPI_ISL_505082
A/swine/Italy/357504/2017	EPI_ISL_14763039	EPI_ISL_14763039	EPI_ISL_14763039	EPI_ISL_14763039	EPI_ISL_14763039	EPI_ISL_14763039	EPI_ISL_14763039	EPI_ISL_14763039
A/swine/Italy/328966/2018	EPI_ISL_14751201	EPI_ISL_14751201	EPI_ISL_14751201	EPI_ISL_14751201	EPI_ISL_14751201	EPI_ISL_14751201	EPI_ISL_14751201	EPI_ISL_14751201
A/swine/Italy/329173/2018	EPI_ISL_14751200	EPI_ISL_14751200	EPI_ISL_14751200	EPI_ISL_14751200	EPI_ISL_14751200	EPI_ISL_14751200	EPI_ISL_14751200	EPI_ISL_14751200
A/swine/Italy/321022/2018	EPI_ISL_14751203	EPI_ISL_14751203	EPI_ISL_14751203	EPI_ISL_14751203	EPI_ISL_14751203	EPI_ISL_14751203	EPI_ISL_14751203	EPI_ISL_14751203
A/swine/Italy/299471/2018	EPI_ISL_14751210	EPI_ISL_14751210	EPI_ISL_14751210	EPI_ISL_14751210	EPI_ISL_14751210	EPI_ISL_14751210	EPI_ISL_14751210	EPI_ISL_14751210
A/swine/Italy/326711/2018	EPI_ISL_14751202	EPI_ISL_14751202	EPI_ISL_14751202	EPI_ISL_14751202	EPI_ISL_14751202	EPI_ISL_14751202	EPI_ISL_14751202	EPI_ISL_14751202
A/swine/Italy/318091/2018	EPI_ISL_14751204	EPI_ISL_14751204	EPI_ISL_14751204	EPI_ISL_14751204	EPI_ISL_14751204	EPI_ISL_14751204	EPI_ISL_14751204	EPI_ISL_14751204
A/swine/Italy/349550/2016	EPI_ISL_505090	EPI_ISL_505090	EPI_ISL_505090	EPI_ISL_505090	EPI_ISL_505090	EPI_ISL_505090	EPI_ISL_505090	EPI_ISL_505090
A/swine/Sweden/9706/2010	EPI_ISL_87300	EPI_ISL_87300	EPI_ISL_87300	EPI_ISL_87300	EPI_ISL_87300	EPI_ISL_87300	EPI_ISL_87300	EPI_ISL_87300
A/swine/Italy/314825/2018	EPI_ISL_14751206	EPI_ISL_14751206	EPI_ISL_14751206	EPI_ISL_14751206	EPI_ISL_14751206	EPI_ISL_14751206	EPI_ISL_14751206	EPI_ISL_14751206
A/swine/Italy/127577/2016	EPI_ISL_505088	EPI_ISL_505088	EPI_ISL_505088	EPI_ISL_505088	EPI_ISL_505088	EPI_ISL_505088	EPI_ISL_505088	EPI_ISL_505088
A/swine/Italy/308740/2018	EPI_ISL_14751209	EPI_ISL_14751209	EPI_ISL_14751209	EPI_ISL_14751209	EPI_ISL_14751209	EPI_ISL_14751209	EPI_ISL_14751209	EPI_ISL_14751209
A/swine/Italy/313439/2018	EPI_ISL_14751208	EPI_ISL_14751208	EPI_ISL_14751208	EPI_ISL_14751208	EPI_ISL_14751208	EPI_ISL_14751208	EPI_ISL_14751208	EPI_ISL_14751208
A/swine/Italy/297520/2018	EPI_ISL_14751211	EPI_ISL_14751211	EPI_ISL_14751211	EPI_ISL_14751211	EPI_ISL_14751211	EPI_ISL_14751211	EPI_ISL_14751211	EPI_ISL_14751211
A/swine/Italy/317571/2018	EPI_ISL_14751205	EPI_ISL_14751205	EPI_ISL_14751205	EPI_ISL_14751205	EPI_ISL_14751205	EPI_ISL_14751205	EPI_ISL_14751205	EPI_ISL_14751205
A/swine/Werl/21120/2014	EPI_ISL_504857	EPI_ISL_504857	EPI_ISL_504857	EPI_ISL_504857	EPI_ISL_504857	EPI_ISL_504857	EPI_ISL_504857	EPI_ISL_504857
A/swine/Moenchengladbach/21124/2015	EPI_ISL_504858	EPI_ISL_504858	EPI_ISL_504858	EPI_ISL_504858	EPI_ISL_504858	EPI_ISL_504858	EPI_ISL_504858	EPI_ISL_504858
A/swine/Oldenzaal/21126/2014	EPI_ISL_504859	EPI_ISL_504859	EPI_ISL_504859	EPI_ISL_504859	EPI_ISL_504859	EPI_ISL_504859	EPI_ISL_504859	EPI_ISL_504859
A/swine/Neuenhaus/16826/2013	EPI_ISL_504812	EPI_ISL_504812	EPI_ISL_504812	EPI_ISL_504812	EPI_ISL_504812	EPI_ISL_504812	EPI_ISL_504812	EPI_ISL_504812
A/swine/Denmark/20-S05110-4/2020	EPI_ISL_19751617	EPI_ISL_19751617	EPI_ISL_19751617	EPI_ISL_19751617	EPI_ISL_19751617	EPI_ISL_19751617	EPI_ISL_19751617	EPI_ISL_19751617
A/swine/Meppen/15514/2012	EPI_ISL_504811	EPI_ISL_504811	EPI_ISL_504811	EPI_ISL_504811	EPI_ISL_504811	EPI_ISL_504811	EPI_ISL_504811	EPI_ISL_504811
A/swine/Denmark/20_05811_1/2020	EPI_ISL_19751616	EPI_ISL_19751616	EPI_ISL_19751616	EPI_ISL_19751616	EPI_ISL_19751616	EPI_ISL_19751616	EPI_ISL_19751616	EPI_ISL_19751616
A/swine/Lohne/15374/2012	EPI_ISL_504810	EPI_ISL_504810	EPI_ISL_504810	EPI_ISL_504810	EPI_ISL_504810	EPI_ISL_504810	EPI_ISL_504810	EPI_ISL_504810
A/swine/Denmark/20-S06030-4/2020	EPI_ISL_19751619	EPI_ISL_19751619	EPI_ISL_19751619	EPI_ISL_19751619	EPI_ISL_19751619	EPI_ISL_19751619	EPI_ISL_19751619	EPI_ISL_19751619
A/swine/Wohnste/15223/2012	EPI_ISL_504809	EPI_ISL_504809	EPI_ISL_504809	EPI_ISL_504809	EPI_ISL_504809	EPI_ISL_504809	EPI_ISL_504809	EPI_ISL_504809
A/swine/Denmark/20-S05482-2/2020	EPI_ISL_19751618	EPI_ISL_19751618	EPI_ISL_19751618	EPI_ISL_19751618	EPI_ISL_19751618	EPI_ISL_19751618	EPI_ISL_19751618	EPI_ISL_19751618
A/swine/Drensteinfurt/15193-1/2012	EPI_ISL_504808	EPI_ISL_504808	EPI_ISL_504808	EPI_ISL_504808	EPI_ISL_504808	EPI_ISL_504808	EPI_ISL_504808	EPI_ISL_504808
A/swine/Luedinghausen/18391/2013	EPI_ISL_504823	EPI_ISL_504823	EPI_ISL_504823	EPI_ISL_504823	EPI_ISL_504823	EPI_ISL_504823	EPI_ISL_504823	EPI_ISL_504823
A/swine/Mengkofen/17020/2013	EPI_ISL_504813	EPI_ISL_504813	EPI_ISL_504813	EPI_ISL_504813	EPI_ISL_504813	EPI_ISL_504813	EPI_ISL_504813	EPI_ISL_504813
A/swine/Langenamming/18152/2013	EPI_ISL_504822	EPI_ISL_504822	EPI_ISL_504822	EPI_ISL_504822	EPI_ISL_504822	EPI_ISL_504822	EPI_ISL_504822	EPI_ISL_504822
A/swine/Melle/18077/2013	EPI_ISL_504820	EPI_ISL_504820	EPI_ISL_504820	EPI_ISL_504820	EPI_ISL_504820	EPI_ISL_504820	EPI_ISL_504820	EPI_ISL_504820
A/swine/Minden-Luebbecke/17934/2013	EPI_ISL_504819	EPI_ISL_504819	EPI_ISL_504819	EPI_ISL_504819	EPI_ISL_504819	EPI_ISL_504819	EPI_ISL_504819	EPI_ISL_504819
A/swine/Kalefeld/17614/2013	EPI_ISL_504818	EPI_ISL_504818	EPI_ISL_504818	EPI_ISL_504818	EPI_ISL_504818	EPI_ISL_504818	EPI_ISL_504818	EPI_ISL_504818
A/swine/Schneiderkrug/17263/2013	EPI_ISL_504816	EPI_ISL_504816	EPI_ISL_504816	EPI_ISL_504816	EPI_ISL_504816	EPI_ISL_504816	EPI_ISL_504816	EPI_ISL_504816
A/swine/Bothenheilingen/19699/2014	EPI_ISL_504831	EPI_ISL_504831	EPI_ISL_504831	EPI_ISL_504831	EPI_ISL_504831	EPI_ISL_504831	EPI_ISL_504831	EPI_ISL_504831
A/swine/Erwitte/19661/2014	EPI_ISL_504830	EPI_ISL_504830	EPI_ISL_504830	EPI_ISL_504830	EPI_ISL_504830	EPI_ISL_504830	EPI_ISL_504830	EPI_ISL_504830
A/swine/Italy/3529-2/2018	EPI_ISL_17699572	EPI_ISL_17699572	EPI_ISL_17699572	EPI_ISL_17699572	EPI_ISL_17699572	EPI_ISL_17699572	EPI_ISL_17699572	EPI_ISL_17699572
A/swine/Sandbeiendorf/19533/2014	EPI_ISL_504829	EPI_ISL_504829	EPI_ISL_504829	EPI_ISL_504829	EPI_ISL_504829	EPI_ISL_504829	EPI_ISL_504829	EPI_ISL_504829
A/swine/Drensteinfurt/19376/2013	EPI_ISL_504828	EPI_ISL_504828	EPI_ISL_504828	EPI_ISL_504828	EPI_ISL_504828	EPI_ISL_504828	EPI_ISL_504828	EPI_ISL_504828
A/swine/Ahaus/18137/2013	EPI_ISL_504821	EPI_ISL_504821	EPI_ISL_504821	EPI_ISL_504821	EPI_ISL_504821	EPI_ISL_504821	EPI_ISL_504821	EPI_ISL_504821
A/swine/Drensteinfurt/19244/2013	EPI_ISL_504827	EPI_ISL_504827	EPI_ISL_504827	EPI_ISL_504827	EPI_ISL_504827	EPI_ISL_504827	EPI_ISL_504827	EPI_ISL_504827
A/swine/Italy/290807/2017	EPI_ISL_14762763	EPI_ISL_14762763	EPI_ISL_14762763	EPI_ISL_14762763	EPI_ISL_14762763	EPI_ISL_14762763	EPI_ISL_14762763	EPI_ISL_14762763
A/swine/Denmark/20-S09755-2/2020	EPI_ISL_19751620	EPI_ISL_19751620	EPI_ISL_19751620	EPI_ISL_19751620	EPI_ISL_19751620	EPI_ISL_19751620	EPI_ISL_19751620	EPI_ISL_19751620
A/swine/Marsberg/14769/2012	EPI_ISL_504797	EPI_ISL_504797	EPI_ISL_504797	EPI_ISL_504797	EPI_ISL_504797	EPI_ISL_504797	EPI_ISL_504797	EPI_ISL_504797
A/swine/France/59-190581/2019	EPI_ISL_9589577	EPI_ISL_9589577	EPI_ISL_9589577	EPI_ISL_9589577	EPI_ISL_9589577	EPI_ISL_9589577	EPI_ISL_9589577	EPI_ISL_9589577
A/swine/Lohne/14766/2012	EPI_ISL_504796	EPI_ISL_504796	EPI_ISL_504796	EPI_ISL_504796	EPI_ISL_504796	EPI_ISL_504796	EPI_ISL_504796	EPI_ISL_504796
A/swine/Italy/120336/2012	EPI_ISL_164825	EPI_ISL_164825	EPI_ISL_164825	EPI_ISL_164825	EPI_ISL_164825	EPI_ISL_164825	EPI_ISL_164825	EPI_ISL_164825
A/swine/Legden/14730/2012	EPI_ISL_504795	EPI_ISL_504795	EPI_ISL_504795	EPI_ISL_504795	EPI_ISL_504795	EPI_ISL_504795	EPI_ISL_504795	EPI_ISL_504795
A/swine/Denmark/20-SV11324-3/2020	EPI_ISL_19751664	EPI_ISL_19751664	EPI_ISL_19751664	EPI_ISL_19751664	EPI_ISL_19751664	EPI_ISL_19751664	EPI_ISL_19751664	EPI_ISL_19751664
A/swine/Lohne/14721-1/2012	EPI_ISL_504794	EPI_ISL_504794	EPI_ISL_504794	EPI_ISL_504794	EPI_ISL_504794	EPI_ISL_504794	EPI_ISL_504794	EPI_ISL_504794
A/swine/Netherlands/AR3009/2016	EPI_ISL_304089	EPI_ISL_304089	EPI_ISL_304089	EPI_ISL_304089	EPI_ISL_304089	EPI_ISL_304089	EPI_ISL_304089	EPI_ISL_304089
A/swine/Friesoythe/14696/2012	EPI_ISL_504793	EPI_ISL_504793	EPI_ISL_504793	EPI_ISL_504793	EPI_ISL_504793	EPI_ISL_504793	EPI_ISL_504793	EPI_ISL_504793
A/swine/Italy/225349-4/2012	EPI_ISL_164828	EPI_ISL_164828	EPI_ISL_164828	EPI_ISL_164828	EPI_ISL_164828	EPI_ISL_164828	EPI_ISL_164828	EPI_ISL_164828
A/swine/Hirschberg/17193/2013	EPI_ISL_504814	EPI_ISL_504814	EPI_ISL_504814	EPI_ISL_504814	EPI_ISL_504814	EPI_ISL_504814	EPI_ISL_504814	EPI_ISL_504814
A/swine/Frankfurt/14693/2012	EPI_ISL_504792	EPI_ISL_504792	EPI_ISL_504792	EPI_ISL_504792	EPI_ISL_504792	EPI_ISL_504792	EPI_ISL_504792	EPI_ISL_504792
A/swine/Denmark/20-S15062-1/2020	EPI_ISL_19751628	EPI_ISL_19751628	EPI_ISL_19751628	EPI_ISL_19751628	EPI_ISL_19751628	EPI_ISL_19751628	EPI_ISL_19751628	EPI_ISL_19751628
A/swine/Rottenburg/15122/2012	EPI_ISL_504806	EPI_ISL_504806	EPI_ISL_504806	EPI_ISL_504806	EPI_ISL_504806	EPI_ISL_504806	EPI_ISL_504806	EPI_ISL_504806
A/swine/Nordhorn/15118/2012	EPI_ISL_504805	EPI_ISL_504805	EPI_ISL_504805	EPI_ISL_504805	EPI_ISL_504805	EPI_ISL_504805	EPI_ISL_504805	EPI_ISL_504805
A/swine/Fuldatal/15115/2012	EPI_ISL_504804	EPI_ISL_504804	EPI_ISL_504804	EPI_ISL_504804	EPI_ISL_504804	EPI_ISL_504804	EPI_ISL_504804	EPI_ISL_504804
A/swine/Duelmen/15075/2012	EPI_ISL_504803	EPI_ISL_504803	EPI_ISL_504803	EPI_ISL_504803	EPI_ISL_504803	EPI_ISL_504803	EPI_ISL_504803	EPI_ISL_504803
A/swine/Luedinghausen/15060-1/2012	EPI_ISL_504802	EPI_ISL_504802	EPI_ISL_504802	EPI_ISL_504802	EPI_ISL_504802	EPI_ISL_504802	EPI_ISL_504802	EPI_ISL_504802
A/swine/Ruploh/15022/2012	EPI_ISL_504801	EPI_ISL_504801	EPI_ISL_504801	EPI_ISL_504801	EPI_ISL_504801	EPI_ISL_504801	EPI_ISL_504801	EPI_ISL_504801
A/swine/France/22-200009_2/2019	EPI_ISL_9589621	EPI_ISL_9589621	EPI_ISL_9589621	EPI_ISL_9589621	EPI_ISL_9589621	EPI_ISL_9589621	EPI_ISL_9589621	EPI_ISL_9589621
A/swine/Scharfenberg/15021/2012	EPI_ISL_504800	EPI_ISL_504800	EPI_ISL_504800	EPI_ISL_504800	EPI_ISL_504800	EPI_ISL_504800	EPI_ISL_504800	EPI_ISL_504800
A/swine/Wurster_Nordseekueste/17217/2013	EPI_ISL_504815	EPI_ISL_504815	EPI_ISL_504815	EPI_ISL_504815	EPI_ISL_504815	EPI_ISL_504815	EPI_ISL_504815	EPI_ISL_504815
A/swine/Lohne/15137/2012	EPI_ISL_504807	EPI_ISL_504807	EPI_ISL_504807	EPI_ISL_504807	EPI_ISL_504807	EPI_ISL_504807	EPI_ISL_504807	EPI_ISL_504807
A/swine/Nordkirchen/18822/2013	EPI_ISL_504826	EPI_ISL_504826	EPI_ISL_504826	EPI_ISL_504826	EPI_ISL_504826	EPI_ISL_504826	EPI_ISL_504826	EPI_ISL_504826
A/swine/Ascheberg/18499/2013	EPI_ISL_504825	EPI_ISL_504825	EPI_ISL_504825	EPI_ISL_504825	EPI_ISL_504825	EPI_ISL_504825	EPI_ISL_504825	EPI_ISL_504825
A/swine/Ascheberg/18498/2013	EPI_ISL_504824	EPI_ISL_504824	EPI_ISL_504824	EPI_ISL_504824	EPI_ISL_504824	EPI_ISL_504824	EPI_ISL_504824	EPI_ISL_504824
A/swine/Italy/116741/2017	EPI_ISL_14755055	EPI_ISL_14755055	EPI_ISL_14755055	EPI_ISL_14755055	EPI_ISL_14755055	EPI_ISL_14755055	EPI_ISL_14755055	EPI_ISL_14755055
A/swine/Rosendahl/20634/2014	EPI_ISL_504841	EPI_ISL_504841	EPI_ISL_504841	EPI_ISL_504841	EPI_ISL_504841	EPI_ISL_504841	EPI_ISL_504841	EPI_ISL_504841
A/swine/Italy/124425/2017	EPI_ISL_14755054	EPI_ISL_14755054	EPI_ISL_14755054	EPI_ISL_14755054	EPI_ISL_14755054	EPI_ISL_14755054	EPI_ISL_14755054	EPI_ISL_14755054
A/swine/Bad_Wuennenberg/20518/2014	EPI_ISL_504840	EPI_ISL_504840	EPI_ISL_504840	EPI_ISL_504840	EPI_ISL_504840	EPI_ISL_504840	EPI_ISL_504840	EPI_ISL_504840
A/swine/Italy/112082/2017	EPI_ISL_14755057	EPI_ISL_14755057	EPI_ISL_14755057	EPI_ISL_14755057	EPI_ISL_14755057	EPI_ISL_14755057	EPI_ISL_14755057	EPI_ISL_14755057
A/swine/Borken/21107/2014	EPI_ISL_504855	EPI_ISL_504855	EPI_ISL_504855	EPI_ISL_504855	EPI_ISL_504855	EPI_ISL_504855	EPI_ISL_504855	EPI_ISL_504855
A/swine/Italy/11275/2017	EPI_ISL_14755056	EPI_ISL_14755056	EPI_ISL_14755056	EPI_ISL_14755056	EPI_ISL_14755056	EPI_ISL_14755056	EPI_ISL_14755056	EPI_ISL_14755056
A/swine/Harreveld/21082/2014	EPI_ISL_504854	EPI_ISL_504854	EPI_ISL_504854	EPI_ISL_504854	EPI_ISL_504854	EPI_ISL_504854	EPI_ISL_504854	EPI_ISL_504854
A/swine/Italy/101364/2017	EPI_ISL_14755059	EPI_ISL_14755059	EPI_ISL_14755059	EPI_ISL_14755059	EPI_ISL_14755059	EPI_ISL_14755059	EPI_ISL_14755059	EPI_ISL_14755059
A/swine/Mariaheide/21031/2014	EPI_ISL_504853	EPI_ISL_504853	EPI_ISL_504853	EPI_ISL_504853	EPI_ISL_504853	EPI_ISL_504853	EPI_ISL_504853	EPI_ISL_504853
A/swine/Everswinkel/20648/2014	EPI_ISL_504842	EPI_ISL_504842	EPI_ISL_504842	EPI_ISL_504842	EPI_ISL_504842	EPI_ISL_504842	EPI_ISL_504842	EPI_ISL_504842
A/swine/Italy/107012/2017	EPI_ISL_14755058	EPI_ISL_14755058	EPI_ISL_14755058	EPI_ISL_14755058	EPI_ISL_14755058	EPI_ISL_14755058	EPI_ISL_14755058	EPI_ISL_14755058
A/swine/Glabbeek/21006/2014	EPI_ISL_504851	EPI_ISL_504851	EPI_ISL_504851	EPI_ISL_504851	EPI_ISL_504851	EPI_ISL_504851	EPI_ISL_504851	EPI_ISL_504851
A/swine/Langen/20991/2014	EPI_ISL_504850	EPI_ISL_504850	EPI_ISL_504850	EPI_ISL_504850	EPI_ISL_504850	EPI_ISL_504850	EPI_ISL_504850	EPI_ISL_504850
A/swine/Bad_Wuennenberg/20977/2014	EPI_ISL_504849	EPI_ISL_504849	EPI_ISL_504849	EPI_ISL_504849	EPI_ISL_504849	EPI_ISL_504849	EPI_ISL_504849	EPI_ISL_504849
A/swine/Ruethen/20843/2014	EPI_ISL_504848	EPI_ISL_504848	EPI_ISL_504848	EPI_ISL_504848	EPI_ISL_504848	EPI_ISL_504848	EPI_ISL_504848	EPI_ISL_504848
A/swine/Cloppenburg/21225-P4/2015	EPI_ISL_504863	EPI_ISL_504863	EPI_ISL_504863	EPI_ISL_504863	EPI_ISL_504863	EPI_ISL_504863	EPI_ISL_504863	EPI_ISL_504863
A/swine/Goch/21216/2015	EPI_ISL_504862	EPI_ISL_504862	EPI_ISL_504862	EPI_ISL_504862	EPI_ISL_504862	EPI_ISL_504862	EPI_ISL_504862	EPI_ISL_504862
A/swine/Rhede/21178/2015	EPI_ISL_504861	EPI_ISL_504861	EPI_ISL_504861	EPI_ISL_504861	EPI_ISL_504861	EPI_ISL_504861	EPI_ISL_504861	EPI_ISL_504861
A/swine/Cloppenburg/21149/2014	EPI_ISL_504860	EPI_ISL_504860	EPI_ISL_504860	EPI_ISL_504860	EPI_ISL_504860	EPI_ISL_504860	EPI_ISL_504860	EPI_ISL_504860
A/swine/Steinfeld/21010/2014	EPI_ISL_504852	EPI_ISL_504852	EPI_ISL_504852	EPI_ISL_504852	EPI_ISL_504852	EPI_ISL_504852	EPI_ISL_504852	EPI_ISL_504852
A/swine/Italy/143190/2017	EPI_ISL_14755052	EPI_ISL_14755052	EPI_ISL_14755052	EPI_ISL_14755052	EPI_ISL_14755052	EPI_ISL_14755052	EPI_ISL_14755052	EPI_ISL_14755052
A/swine/Wachtum/20657/2014	EPI_ISL_504843	EPI_ISL_504843	EPI_ISL_504843	EPI_ISL_504843	EPI_ISL_504843	EPI_ISL_504843	EPI_ISL_504843	EPI_ISL_504843
A/swine/Lohne/20709/2014	EPI_ISL_504844	EPI_ISL_504844	EPI_ISL_504844	EPI_ISL_504844	EPI_ISL_504844	EPI_ISL_504844	EPI_ISL_504844	EPI_ISL_504844
A/swine/Italy/267012/2017	EPI_ISL_14755041	EPI_ISL_14755041	EPI_ISL_14755041	EPI_ISL_14755041	EPI_ISL_14755041	EPI_ISL_14755041	EPI_ISL_14755041	EPI_ISL_14755041
A/swine/Essen/20452/2014	EPI_ISL_504839	EPI_ISL_504839	EPI_ISL_504839	EPI_ISL_504839	EPI_ISL_504839	EPI_ISL_504839	EPI_ISL_504839	EPI_ISL_504839
A/swine/Italy/27719/2017	EPI_ISL_14755040	EPI_ISL_14755040	EPI_ISL_14755040	EPI_ISL_14755040	EPI_ISL_14755040	EPI_ISL_14755040	EPI_ISL_14755040	EPI_ISL_14755040
A/swine/Moersbrunn/20096/2014	EPI_ISL_504838	EPI_ISL_504838	EPI_ISL_504838	EPI_ISL_504838	EPI_ISL_504838	EPI_ISL_504838	EPI_ISL_504838	EPI_ISL_504838
A/swine/Italy/200837/2017	EPI_ISL_14755043	EPI_ISL_14755043	EPI_ISL_14755043	EPI_ISL_14755043	EPI_ISL_14755043	EPI_ISL_14755043	EPI_ISL_14755043	EPI_ISL_14755043
A/swine/Ascheberg/19992/2014	EPI_ISL_504837	EPI_ISL_504837	EPI_ISL_504837	EPI_ISL_504837	EPI_ISL_504837	EPI_ISL_504837	EPI_ISL_504837	EPI_ISL_504837
A/swine/Italy/23341/2017	EPI_ISL_14755042	EPI_ISL_14755042	EPI_ISL_14755042	EPI_ISL_14755042	EPI_ISL_14755042	EPI_ISL_14755042	EPI_ISL_14755042	EPI_ISL_14755042
A/swine/Ahorn/19945/2014	EPI_ISL_504836	EPI_ISL_504836	EPI_ISL_504836	EPI_ISL_504836	EPI_ISL_504836	EPI_ISL_504836	EPI_ISL_504836	EPI_ISL_504836
A/swine/Italy/196544/2017	EPI_ISL_14755045	EPI_ISL_14755045	EPI_ISL_14755045	EPI_ISL_14755045	EPI_ISL_14755045	EPI_ISL_14755045	EPI_ISL_14755045	EPI_ISL_14755045
A/swine/Bockhorn/19911/2014	EPI_ISL_504835	EPI_ISL_504835	EPI_ISL_504835	EPI_ISL_504835	EPI_ISL_504835	EPI_ISL_504835	EPI_ISL_504835	EPI_ISL_504835
A/swine/Ruegheim/19841/2014	EPI_ISL_504834	EPI_ISL_504834	EPI_ISL_504834	EPI_ISL_504834	EPI_ISL_504834	EPI_ISL_504834	EPI_ISL_504834	EPI_ISL_504834
A/swine/Borken/19808/2014	EPI_ISL_504833	EPI_ISL_504833	EPI_ISL_504833	EPI_ISL_504833	EPI_ISL_504833	EPI_ISL_504833	EPI_ISL_504833	EPI_ISL_504833
A/swine/Bad_Griesbach/19758/2014	EPI_ISL_504832	EPI_ISL_504832	EPI_ISL_504832	EPI_ISL_504832	EPI_ISL_504832	EPI_ISL_504832	EPI_ISL_504832	EPI_ISL_504832
A/swine/Italy/174315/2017	EPI_ISL_14755049	EPI_ISL_14755049	EPI_ISL_14755049	EPI_ISL_14755049	EPI_ISL_14755049	EPI_ISL_14755049	EPI_ISL_14755049	EPI_ISL_14755049
A/swine/Feldbach/20834/2014	EPI_ISL_504847	EPI_ISL_504847	EPI_ISL_504847	EPI_ISL_504847	EPI_ISL_504847	EPI_ISL_504847	EPI_ISL_504847	EPI_ISL_504847
A/swine/Italy/179808/2017	EPI_ISL_14755048	EPI_ISL_14755048	EPI_ISL_14755048	EPI_ISL_14755048	EPI_ISL_14755048	EPI_ISL_14755048	EPI_ISL_14755048	EPI_ISL_14755048
A/swine/Baarle_Nassau/20825/2014	EPI_ISL_504846	EPI_ISL_504846	EPI_ISL_504846	EPI_ISL_504846	EPI_ISL_504846	EPI_ISL_504846	EPI_ISL_504846	EPI_ISL_504846
A/swine/Garrel/20734/2014	EPI_ISL_504845	EPI_ISL_504845	EPI_ISL_504845	EPI_ISL_504845	EPI_ISL_504845	EPI_ISL_504845	EPI_ISL_504845	EPI_ISL_504845
A/swine/Italy/172622/2017	EPI_ISL_14755050	EPI_ISL_14755050	EPI_ISL_14755050	EPI_ISL_14755050	EPI_ISL_14755050	EPI_ISL_14755050	EPI_ISL_14755050	EPI_ISL_14755050
A/swine/Italy/220402/2018	EPI_ISL_14751230	EPI_ISL_14751230	EPI_ISL_14751230	EPI_ISL_14751230	EPI_ISL_14751230	EPI_ISL_14751230	EPI_ISL_14751230	EPI_ISL_14751230
A/swine/Italy/47694/2018	EPI_ISL_14751169	EPI_ISL_14751169	EPI_ISL_14751169	EPI_ISL_14751169	EPI_ISL_14751169	EPI_ISL_14751169	EPI_ISL_14751169	EPI_ISL_14751169
A/swine/Italy/57897/2018	EPI_ISL_14751168	EPI_ISL_14751168	EPI_ISL_14751168	EPI_ISL_14751168	EPI_ISL_14751168	EPI_ISL_14751168	EPI_ISL_14751168	EPI_ISL_14751168
A/swine/Italy/410546/2018	EPI_ISL_14751171	EPI_ISL_14751171	EPI_ISL_14751171	EPI_ISL_14751171	EPI_ISL_14751171	EPI_ISL_14751171	EPI_ISL_14751171	EPI_ISL_14751171
A/swine/Messingen/12475/2010	EPI_ISL_505193	EPI_ISL_505193	EPI_ISL_505193	EPI_ISL_505193	EPI_ISL_505193	EPI_ISL_505193	EPI_ISL_505193	EPI_ISL_505193
A/swine/Reken/12474/2010	EPI_ISL_505192	EPI_ISL_505192	EPI_ISL_505192	EPI_ISL_505192	EPI_ISL_505192	EPI_ISL_505192	EPI_ISL_505192	EPI_ISL_505192
A/swine/Lohne/12960/2011	EPI_ISL_505207	EPI_ISL_505207	EPI_ISL_505207	EPI_ISL_505207	EPI_ISL_505207	EPI_ISL_505207	EPI_ISL_505207	EPI_ISL_505207
A/swine/Ense/12957/2011	EPI_ISL_505206	EPI_ISL_505206	EPI_ISL_505206	EPI_ISL_505206	EPI_ISL_505206	EPI_ISL_505206	EPI_ISL_505206	EPI_ISL_505206
A/swine/Lohne/12929/2011	EPI_ISL_505205	EPI_ISL_505205	EPI_ISL_505205	EPI_ISL_505205	EPI_ISL_505205	EPI_ISL_505205	EPI_ISL_505205	EPI_ISL_505205
A/swine/Gescheu/12893/2011	EPI_ISL_505204	EPI_ISL_505204	EPI_ISL_505204	EPI_ISL_505204	EPI_ISL_505204	EPI_ISL_505204	EPI_ISL_505204	EPI_ISL_505204
A/swine/Beesten/12876/2011	EPI_ISL_505203	EPI_ISL_505203	EPI_ISL_505203	EPI_ISL_505203	EPI_ISL_505203	EPI_ISL_505203	EPI_ISL_505203	EPI_ISL_505203
A/swine/Spelk/12860-1/2010	EPI_ISL_505202	EPI_ISL_505202	EPI_ISL_505202	EPI_ISL_505202	EPI_ISL_505202	EPI_ISL_505202	EPI_ISL_505202	EPI_ISL_505202
A/swine/Augustenfeld/12793/2010	EPI_ISL_505201	EPI_ISL_505201	EPI_ISL_505201	EPI_ISL_505201	EPI_ISL_505201	EPI_ISL_505201	EPI_ISL_505201	EPI_ISL_505201
A/swine/Lohne/12743/2010	EPI_ISL_505200	EPI_ISL_505200	EPI_ISL_505200	EPI_ISL_505200	EPI_ISL_505200	EPI_ISL_505200	EPI_ISL_505200	EPI_ISL_505200
A/swine/Emstek/12593/2010	EPI_ISL_505194	EPI_ISL_505194	EPI_ISL_505194	EPI_ISL_505194	EPI_ISL_505194	EPI_ISL_505194	EPI_ISL_505194	EPI_ISL_505194
A/swine/Osnabrueck/13732/2011	EPI_ISL_505215	EPI_ISL_505215	EPI_ISL_505215	EPI_ISL_505215	EPI_ISL_505215	EPI_ISL_505215	EPI_ISL_505215	EPI_ISL_505215
A/swine/Buxtehude/13586/2011	EPI_ISL_505213	EPI_ISL_505213	EPI_ISL_505213	EPI_ISL_505213	EPI_ISL_505213	EPI_ISL_505213	EPI_ISL_505213	EPI_ISL_505213
A/swine/Heiden/13585/2011	EPI_ISL_505212	EPI_ISL_505212	EPI_ISL_505212	EPI_ISL_505212	EPI_ISL_505212	EPI_ISL_505212	EPI_ISL_505212	EPI_ISL_505212
A/swine/Rosendahl/13572/2011	EPI_ISL_505211	EPI_ISL_505211	EPI_ISL_505211	EPI_ISL_505211	EPI_ISL_505211	EPI_ISL_505211	EPI_ISL_505211	EPI_ISL_505211
A/swine/Natingen/13545/2011	EPI_ISL_505210	EPI_ISL_505210	EPI_ISL_505210	EPI_ISL_505210	EPI_ISL_505210	EPI_ISL_505210	EPI_ISL_505210	EPI_ISL_505210
A/swine/Bargstedt/13147/2011	EPI_ISL_505209	EPI_ISL_505209	EPI_ISL_505209	EPI_ISL_505209	EPI_ISL_505209	EPI_ISL_505209	EPI_ISL_505209	EPI_ISL_505209
A/swine/Germany/R235/2013	EPI_ISL_243069	EPI_ISL_243069	EPI_ISL_243069	EPI_ISL_243069	EPI_ISL_243069	EPI_ISL_243069	EPI_ISL_243069	EPI_ISL_243069
A/swine/Marsberg/13049/2011	EPI_ISL_505208	EPI_ISL_505208	EPI_ISL_505208	EPI_ISL_505208	EPI_ISL_505208	EPI_ISL_505208	EPI_ISL_505208	EPI_ISL_505208
A/swine/Legden/13920/2011	EPI_ISL_505223	EPI_ISL_505223	EPI_ISL_505223	EPI_ISL_505223	EPI_ISL_505223	EPI_ISL_505223	EPI_ISL_505223	EPI_ISL_505223
A/swine/Emsbueren/13919-2/2011	EPI_ISL_505222	EPI_ISL_505222	EPI_ISL_505222	EPI_ISL_505222	EPI_ISL_505222	EPI_ISL_505222	EPI_ISL_505222	EPI_ISL_505222
A/swine/Emsbueren/13919-1/2011	EPI_ISL_505221	EPI_ISL_505221	EPI_ISL_505221	EPI_ISL_505221	EPI_ISL_505221	EPI_ISL_505221	EPI_ISL_505221	EPI_ISL_505221
A/swine/Bueren/13686/2011	EPI_ISL_505214	EPI_ISL_505214	EPI_ISL_505214	EPI_ISL_505214	EPI_ISL_505214	EPI_ISL_505214	EPI_ISL_505214	EPI_ISL_505214
A/swine/Georgsmarienhuette/13896/2011	EPI_ISL_505220	EPI_ISL_505220	EPI_ISL_505220	EPI_ISL_505220	EPI_ISL_505220	EPI_ISL_505220	EPI_ISL_505220	EPI_ISL_505220
A/swine/Emstek/12594a/2010	EPI_ISL_505195	EPI_ISL_505195	EPI_ISL_505195	EPI_ISL_505195	EPI_ISL_505195	EPI_ISL_505195	EPI_ISL_505195	EPI_ISL_505195
A/swine/Rheine/12626-1/2010	EPI_ISL_505197	EPI_ISL_505197	EPI_ISL_505197	EPI_ISL_505197	EPI_ISL_505197	EPI_ISL_505197	EPI_ISL_505197	EPI_ISL_505197
A/swine/Lohne/10753/2009	EPI_ISL_505182	EPI_ISL_505182	EPI_ISL_505182	EPI_ISL_505182	EPI_ISL_505182	EPI_ISL_505182	EPI_ISL_505182	EPI_ISL_505182
A/swine/Italy/61157/2018	EPI_ISL_14751163	EPI_ISL_14751163	EPI_ISL_14751163	EPI_ISL_14751163	EPI_ISL_14751163	EPI_ISL_14751163	EPI_ISL_14751163	EPI_ISL_14751163
A/swine/Bad_Griesbach/10704a/2009	EPI_ISL_505181	EPI_ISL_505181	EPI_ISL_505181	EPI_ISL_505181	EPI_ISL_505181	EPI_ISL_505181	EPI_ISL_505181	EPI_ISL_505181
A/swine/Italy/70101/2018	EPI_ISL_14751162	EPI_ISL_14751162	EPI_ISL_14751162	EPI_ISL_14751162	EPI_ISL_14751162	EPI_ISL_14751162	EPI_ISL_14751162	EPI_ISL_14751162
A/swine/Emstek/10466/2009	EPI_ISL_505180	EPI_ISL_505180	EPI_ISL_505180	EPI_ISL_505180	EPI_ISL_505180	EPI_ISL_505180	EPI_ISL_505180	EPI_ISL_505180
A/swine/Heek/9889/2009	EPI_ISL_505179	EPI_ISL_505179	EPI_ISL_505179	EPI_ISL_505179	EPI_ISL_505179	EPI_ISL_505179	EPI_ISL_505179	EPI_ISL_505179
A/swine/Italy/61145/2018	EPI_ISL_14751164	EPI_ISL_14751164	EPI_ISL_14751164	EPI_ISL_14751164	EPI_ISL_14751164	EPI_ISL_14751164	EPI_ISL_14751164	EPI_ISL_14751164
A/swine/Emmelsbuell/9876/2009	EPI_ISL_505178	EPI_ISL_505178	EPI_ISL_505178	EPI_ISL_505178	EPI_ISL_505178	EPI_ISL_505178	EPI_ISL_505178	EPI_ISL_505178
A/swine/Italy/58269/2018	EPI_ISL_14751167	EPI_ISL_14751167	EPI_ISL_14751167	EPI_ISL_14751167	EPI_ISL_14751167	EPI_ISL_14751167	EPI_ISL_14751167	EPI_ISL_14751167
A/swine/Harsefeld/9667/2009	EPI_ISL_505177	EPI_ISL_505177	EPI_ISL_505177	EPI_ISL_505177	EPI_ISL_505177	EPI_ISL_505177	EPI_ISL_505177	EPI_ISL_505177
A/swine/Altenberge/12614/2010	EPI_ISL_505196	EPI_ISL_505196	EPI_ISL_505196	EPI_ISL_505196	EPI_ISL_505196	EPI_ISL_505196	EPI_ISL_505196	EPI_ISL_505196
A/swine/Italy/58902/2018	EPI_ISL_14751166	EPI_ISL_14751166	EPI_ISL_14751166	EPI_ISL_14751166	EPI_ISL_14751166	EPI_ISL_14751166	EPI_ISL_14751166	EPI_ISL_14751166
A/swine/Senden/12381/2010	EPI_ISL_505191	EPI_ISL_505191	EPI_ISL_505191	EPI_ISL_505191	EPI_ISL_505191	EPI_ISL_505191	EPI_ISL_505191	EPI_ISL_505191
A/swine/Maasch/12354/2010	EPI_ISL_505190	EPI_ISL_505190	EPI_ISL_505190	EPI_ISL_505190	EPI_ISL_505190	EPI_ISL_505190	EPI_ISL_505190	EPI_ISL_505190
A/swine/Bad_Essen/12159/2010	EPI_ISL_505189	EPI_ISL_505189	EPI_ISL_505189	EPI_ISL_505189	EPI_ISL_505189	EPI_ISL_505189	EPI_ISL_505189	EPI_ISL_505189
A/swine/Steinfeld/12116/2010	EPI_ISL_505188	EPI_ISL_505188	EPI_ISL_505188	EPI_ISL_505188	EPI_ISL_505188	EPI_ISL_505188	EPI_ISL_505188	EPI_ISL_505188
A/swine/Freren/12095/2010	EPI_ISL_505187	EPI_ISL_505187	EPI_ISL_505187	EPI_ISL_505187	EPI_ISL_505187	EPI_ISL_505187	EPI_ISL_505187	EPI_ISL_505187
A/swine/Warendorf/12015/2010	EPI_ISL_505186	EPI_ISL_505186	EPI_ISL_505186	EPI_ISL_505186	EPI_ISL_505186	EPI_ISL_505186	EPI_ISL_505186	EPI_ISL_505186
A/swine/Borgentreich/11868-2/2010	EPI_ISL_505185	EPI_ISL_505185	EPI_ISL_505185	EPI_ISL_505185	EPI_ISL_505185	EPI_ISL_505185	EPI_ISL_505185	EPI_ISL_505185
A/swine/Melle/10846/2009	EPI_ISL_505184	EPI_ISL_505184	EPI_ISL_505184	EPI_ISL_505184	EPI_ISL_505184	EPI_ISL_505184	EPI_ISL_505184	EPI_ISL_505184
A/swine/Ahaus/12696/2010	EPI_ISL_505199	EPI_ISL_505199	EPI_ISL_505199	EPI_ISL_505199	EPI_ISL_505199	EPI_ISL_505199	EPI_ISL_505199	EPI_ISL_505199
A/swine/Frontenhausen/12668-1/2010	EPI_ISL_505198	EPI_ISL_505198	EPI_ISL_505198	EPI_ISL_505198	EPI_ISL_505198	EPI_ISL_505198	EPI_ISL_505198	EPI_ISL_505198
A/swine/Hamm/9035/2009	EPI_ISL_505176	EPI_ISL_505176	EPI_ISL_505176	EPI_ISL_505176	EPI_ISL_505176	EPI_ISL_505176	EPI_ISL_505176	EPI_ISL_505176
A/swine/Grossenkneten/13809/2011	EPI_ISL_505219	EPI_ISL_505219	EPI_ISL_505219	EPI_ISL_505219	EPI_ISL_505219	EPI_ISL_505219	EPI_ISL_505219	EPI_ISL_505219
A/swine/Lohne/13804/2011	EPI_ISL_505218	EPI_ISL_505218	EPI_ISL_505218	EPI_ISL_505218	EPI_ISL_505218	EPI_ISL_505218	EPI_ISL_505218	EPI_ISL_505218
A/swine/Baustetten/13769/2011	EPI_ISL_505217	EPI_ISL_505217	EPI_ISL_505217	EPI_ISL_505217	EPI_ISL_505217	EPI_ISL_505217	EPI_ISL_505217	EPI_ISL_505217
A/swine/Metelen/15494-1/2012	EPI_ISL_505254	EPI_ISL_505254	EPI_ISL_505254	EPI_ISL_505254	EPI_ISL_505254	EPI_ISL_505254	EPI_ISL_505254	EPI_ISL_505254
A/swine/Eslohe/15423/2012	EPI_ISL_505253	EPI_ISL_505253	EPI_ISL_505253	EPI_ISL_505253	EPI_ISL_505253	EPI_ISL_505253	EPI_ISL_505253	EPI_ISL_505253
A/swine/Ibbenbueren/15398/2012	EPI_ISL_505252	EPI_ISL_505252	EPI_ISL_505252	EPI_ISL_505252	EPI_ISL_505252	EPI_ISL_505252	EPI_ISL_505252	EPI_ISL_505252
A/swine/Dobersdorf/15341/2012	EPI_ISL_505251	EPI_ISL_505251	EPI_ISL_505251	EPI_ISL_505251	EPI_ISL_505251	EPI_ISL_505251	EPI_ISL_505251	EPI_ISL_505251
A/swine/Sendenhorst/15335/2012	EPI_ISL_505250	EPI_ISL_505250	EPI_ISL_505250	EPI_ISL_505250	EPI_ISL_505250	EPI_ISL_505250	EPI_ISL_505250	EPI_ISL_505250
A/swine/Melle/15330/2012	EPI_ISL_505249	EPI_ISL_505249	EPI_ISL_505249	EPI_ISL_505249	EPI_ISL_505249	EPI_ISL_505249	EPI_ISL_505249	EPI_ISL_505249
A/swine/Lohne/15302/2012	EPI_ISL_505248	EPI_ISL_505248	EPI_ISL_505248	EPI_ISL_505248	EPI_ISL_505248	EPI_ISL_505248	EPI_ISL_505248	EPI_ISL_505248
A/swine/Steinfeld/16807/2012	EPI_ISL_505263	EPI_ISL_505263	EPI_ISL_505263	EPI_ISL_505263	EPI_ISL_505263	EPI_ISL_505263	EPI_ISL_505263	EPI_ISL_505263
A/swine/Germany-NI/R248/09	EPI_ISL_79273	EPI_ISL_79273	EPI_ISL_79273	EPI_ISL_79273	EPI_ISL_79273	EPI_ISL_79273	EPI_ISL_79273	EPI_ISL_79273
A/swine/Emstek/16800/2012	EPI_ISL_505262	EPI_ISL_505262	EPI_ISL_505262	EPI_ISL_505262	EPI_ISL_505262	EPI_ISL_505262	EPI_ISL_505262	EPI_ISL_505262
A/swine/Lippstadt/15536/2012	EPI_ISL_505255	EPI_ISL_505255	EPI_ISL_505255	EPI_ISL_505255	EPI_ISL_505255	EPI_ISL_505255	EPI_ISL_505255	EPI_ISL_505255
A/swine/Lehe/16786/2012	EPI_ISL_505261	EPI_ISL_505261	EPI_ISL_505261	EPI_ISL_505261	EPI_ISL_505261	EPI_ISL_505261	EPI_ISL_505261	EPI_ISL_505261
A/swine/Bocholt/16752/2012	EPI_ISL_505259	EPI_ISL_505259	EPI_ISL_505259	EPI_ISL_505259	EPI_ISL_505259	EPI_ISL_505259	EPI_ISL_505259	EPI_ISL_505259
A/swine/Germany-NI/R3394/09	EPI_ISL_79277	EPI_ISL_79277	EPI_ISL_79277	EPI_ISL_79277	EPI_ISL_79277	EPI_ISL_79277	EPI_ISL_79277	EPI_ISL_79277
A/swine/Steinfeld/16722/2012	EPI_ISL_505258	EPI_ISL_505258	EPI_ISL_505258	EPI_ISL_505258	EPI_ISL_505258	EPI_ISL_505258	EPI_ISL_505258	EPI_ISL_505258
A/swine/Petershagen/16696/2012	EPI_ISL_505257	EPI_ISL_505257	EPI_ISL_505257	EPI_ISL_505257	EPI_ISL_505257	EPI_ISL_505257	EPI_ISL_505257	EPI_ISL_505257
A/swine/Lohne/15625/2012	EPI_ISL_505256	EPI_ISL_505256	EPI_ISL_505256	EPI_ISL_505256	EPI_ISL_505256	EPI_ISL_505256	EPI_ISL_505256	EPI_ISL_505256
A/swine/Neuboerger/17504/2013	EPI_ISL_505271	EPI_ISL_505271	EPI_ISL_505271	EPI_ISL_505271	EPI_ISL_505271	EPI_ISL_505271	EPI_ISL_505271	EPI_ISL_505271
A/swine/Germany/Bak47/2015	EPI_ISL_239027	EPI_ISL_239027	EPI_ISL_239027	EPI_ISL_239027	EPI_ISL_239027	EPI_ISL_239027	EPI_ISL_239027	EPI_ISL_239027
A/swine/Messingen/17501/2013	EPI_ISL_505270	EPI_ISL_505270	EPI_ISL_505270	EPI_ISL_505270	EPI_ISL_505270	EPI_ISL_505270	EPI_ISL_505270	EPI_ISL_505270
A/swine/Bakum/17496/2013	EPI_ISL_505269	EPI_ISL_505269	EPI_ISL_505269	EPI_ISL_505269	EPI_ISL_505269	EPI_ISL_505269	EPI_ISL_505269	EPI_ISL_505269
A/swine/Rheine/16784/2012	EPI_ISL_505260	EPI_ISL_505260	EPI_ISL_505260	EPI_ISL_505260	EPI_ISL_505260	EPI_ISL_505260	EPI_ISL_505260	EPI_ISL_505260
A/swine/Erlingen/14916/2012	EPI_ISL_505240	EPI_ISL_505240	EPI_ISL_505240	EPI_ISL_505240	EPI_ISL_505240	EPI_ISL_505240	EPI_ISL_505240	EPI_ISL_505240
A/swine/Emsbueren/14996/2012	EPI_ISL_505241	EPI_ISL_505241	EPI_ISL_505241	EPI_ISL_505241	EPI_ISL_505241	EPI_ISL_505241	EPI_ISL_505241	EPI_ISL_505241
A/swine/Havixbeck/15034/2012	EPI_ISL_505242	EPI_ISL_505242	EPI_ISL_505242	EPI_ISL_505242	EPI_ISL_505242	EPI_ISL_505242	EPI_ISL_505242	EPI_ISL_505242
A/swine/Calhorn/13738-1/2011	EPI_ISL_505216	EPI_ISL_505216	EPI_ISL_505216	EPI_ISL_505216	EPI_ISL_505216	EPI_ISL_505216	EPI_ISL_505216	EPI_ISL_505216
A/swine/Lohne/14378-2/2011	EPI_ISL_505231	EPI_ISL_505231	EPI_ISL_505231	EPI_ISL_505231	EPI_ISL_505231	EPI_ISL_505231	EPI_ISL_505231	EPI_ISL_505231
A/swine/Steinfurt/14372/2011	EPI_ISL_505230	EPI_ISL_505230	EPI_ISL_505230	EPI_ISL_505230	EPI_ISL_505230	EPI_ISL_505230	EPI_ISL_505230	EPI_ISL_505230
A/swine/Hameln/14344/2011	EPI_ISL_505229	EPI_ISL_505229	EPI_ISL_505229	EPI_ISL_505229	EPI_ISL_505229	EPI_ISL_505229	EPI_ISL_505229	EPI_ISL_505229
A/swine/Siegenburg/14341-3/2011	EPI_ISL_505228	EPI_ISL_505228	EPI_ISL_505228	EPI_ISL_505228	EPI_ISL_505228	EPI_ISL_505228	EPI_ISL_505228	EPI_ISL_505228
A/swine/Siegenburg/14341-2/2011	EPI_ISL_505227	EPI_ISL_505227	EPI_ISL_505227	EPI_ISL_505227	EPI_ISL_505227	EPI_ISL_505227	EPI_ISL_505227	EPI_ISL_505227
A/swine/Lohne/14220/2011	EPI_ISL_505226	EPI_ISL_505226	EPI_ISL_505226	EPI_ISL_505226	EPI_ISL_505226	EPI_ISL_505226	EPI_ISL_505226	EPI_ISL_505226
A/swine/Ense/14198/2011	EPI_ISL_505225	EPI_ISL_505225	EPI_ISL_505225	EPI_ISL_505225	EPI_ISL_505225	EPI_ISL_505225	EPI_ISL_505225	EPI_ISL_505225
A/swine/Lohne/14151/2011	EPI_ISL_505224	EPI_ISL_505224	EPI_ISL_505224	EPI_ISL_505224	EPI_ISL_505224	EPI_ISL_505224	EPI_ISL_505224	EPI_ISL_505224
A/swine/Ascheberg/14874/2012	EPI_ISL_505239	EPI_ISL_505239	EPI_ISL_505239	EPI_ISL_505239	EPI_ISL_505239	EPI_ISL_505239	EPI_ISL_505239	EPI_ISL_505239
A/swine/Ennigerloh/14785-2/2012	EPI_ISL_505238	EPI_ISL_505238	EPI_ISL_505238	EPI_ISL_505238	EPI_ISL_505238	EPI_ISL_505238	EPI_ISL_505238	EPI_ISL_505238
A/swine/Senden/14779/2012	EPI_ISL_505237	EPI_ISL_505237	EPI_ISL_505237	EPI_ISL_505237	EPI_ISL_505237	EPI_ISL_505237	EPI_ISL_505237	EPI_ISL_505237
A/swine/Hude/14670/2012	EPI_ISL_505236	EPI_ISL_505236	EPI_ISL_505236	EPI_ISL_505236	EPI_ISL_505236	EPI_ISL_505236	EPI_ISL_505236	EPI_ISL_505236
A/swine/Wietmarschen/14638/2012	EPI_ISL_505235	EPI_ISL_505235	EPI_ISL_505235	EPI_ISL_505235	EPI_ISL_505235	EPI_ISL_505235	EPI_ISL_505235	EPI_ISL_505235
A/swine/Albersloh/IDT14635-2/2012	EPI_ISL_505234	EPI_ISL_505234	EPI_ISL_505234	EPI_ISL_505234	EPI_ISL_505234	EPI_ISL_505234	EPI_ISL_505234	EPI_ISL_505234
A/swine/Boerzow/14458/2011	EPI_ISL_505233	EPI_ISL_505233	EPI_ISL_505233	EPI_ISL_505233	EPI_ISL_505233	EPI_ISL_505233	EPI_ISL_505233	EPI_ISL_505233
A/swine/Duelmen/14394/2011	EPI_ISL_505232	EPI_ISL_505232	EPI_ISL_505232	EPI_ISL_505232	EPI_ISL_505232	EPI_ISL_505232	EPI_ISL_505232	EPI_ISL_505232
A/swine/Lohne/15288/2012	EPI_ISL_505247	EPI_ISL_505247	EPI_ISL_505247	EPI_ISL_505247	EPI_ISL_505247	EPI_ISL_505247	EPI_ISL_505247	EPI_ISL_505247
A/swine/Lohne/15286/2012	EPI_ISL_505246	EPI_ISL_505246	EPI_ISL_505246	EPI_ISL_505246	EPI_ISL_505246	EPI_ISL_505246	EPI_ISL_505246	EPI_ISL_505246
A/swine/Salingberg/15175-1/2012	EPI_ISL_505245	EPI_ISL_505245	EPI_ISL_505245	EPI_ISL_505245	EPI_ISL_505245	EPI_ISL_505245	EPI_ISL_505245	EPI_ISL_505245
A/swine/Lohne/15102/2012	EPI_ISL_505244	EPI_ISL_505244	EPI_ISL_505244	EPI_ISL_505244	EPI_ISL_505244	EPI_ISL_505244	EPI_ISL_505244	EPI_ISL_505244
A/swine/Italy/81196/2018	EPI_ISL_14751160	EPI_ISL_14751160	EPI_ISL_14751160	EPI_ISL_14751160	EPI_ISL_14751160	EPI_ISL_14751160	EPI_ISL_14751160	EPI_ISL_14751160
A/swine/Eslohe/17297/2013	EPI_ISL_505266	EPI_ISL_505266	EPI_ISL_505266	EPI_ISL_505266	EPI_ISL_505266	EPI_ISL_505266	EPI_ISL_505266	EPI_ISL_505266
A/swine/Holdorf/10815/2009	EPI_ISL_505183	EPI_ISL_505183	EPI_ISL_505183	EPI_ISL_505183	EPI_ISL_505183	EPI_ISL_505183	EPI_ISL_505183	EPI_ISL_505183
A/swine/Diepholz/7943/2008	EPI_ISL_505168	EPI_ISL_505168	EPI_ISL_505168	EPI_ISL_505168	EPI_ISL_505168	EPI_ISL_505168	EPI_ISL_505168	EPI_ISL_505168
A/swine/Italy/370826/2018	EPI_ISL_14751184	EPI_ISL_14751184	EPI_ISL_14751184	EPI_ISL_14751184	EPI_ISL_14751184	EPI_ISL_14751184	EPI_ISL_14751184	EPI_ISL_14751184
A/swine/Osnabrueck/3810/2005	EPI_ISL_505142	EPI_ISL_505142	EPI_ISL_505142	EPI_ISL_505142	EPI_ISL_505142	EPI_ISL_505142	EPI_ISL_505142	EPI_ISL_505142
A/swine/Italy/366549/2018	EPI_ISL_14751187	EPI_ISL_14751187	EPI_ISL_14751187	EPI_ISL_14751187	EPI_ISL_14751187	EPI_ISL_14751187	EPI_ISL_14751187	EPI_ISL_14751187
A/swine/Italy/366605/2018	EPI_ISL_14751186	EPI_ISL_14751186	EPI_ISL_14751186	EPI_ISL_14751186	EPI_ISL_14751186	EPI_ISL_14751186	EPI_ISL_14751186	EPI_ISL_14751186
A/swine/Wagenfeld/3801/2005	EPI_ISL_505140	EPI_ISL_505140	EPI_ISL_505140	EPI_ISL_505140	EPI_ISL_505140	EPI_ISL_505140	EPI_ISL_505140	EPI_ISL_505140
A/swine/Italy/366456/2018	EPI_ISL_14751189	EPI_ISL_14751189	EPI_ISL_14751189	EPI_ISL_14751189	EPI_ISL_14751189	EPI_ISL_14751189	EPI_ISL_14751189	EPI_ISL_14751189
A/swine/Ochtrup/3800/2005	EPI_ISL_505139	EPI_ISL_505139	EPI_ISL_505139	EPI_ISL_505139	EPI_ISL_505139	EPI_ISL_505139	EPI_ISL_505139	EPI_ISL_505139
A/swine/Italy/366511/2018	EPI_ISL_14751188	EPI_ISL_14751188	EPI_ISL_14751188	EPI_ISL_14751188	EPI_ISL_14751188	EPI_ISL_14751188	EPI_ISL_14751188	EPI_ISL_14751188
A/swine/Spain/21290-1/2018	EPI_ISL_9594279	EPI_ISL_9594279	EPI_ISL_9594279	EPI_ISL_9594279	EPI_ISL_9594279	EPI_ISL_9594279	EPI_ISL_9594279	EPI_ISL_9594279
A/swine/Vienna/3817/2005	EPI_ISL_505143	EPI_ISL_505143	EPI_ISL_505143	EPI_ISL_505143	EPI_ISL_505143	EPI_ISL_505143	EPI_ISL_505143	EPI_ISL_505143
A/swine/Italy/353418/2018	EPI_ISL_14751191	EPI_ISL_14751191	EPI_ISL_14751191	EPI_ISL_14751191	EPI_ISL_14751191	EPI_ISL_14751191	EPI_ISL_14751191	EPI_ISL_14751191
A/swine/Italy/366402/2018	EPI_ISL_14751190	EPI_ISL_14751190	EPI_ISL_14751190	EPI_ISL_14751190	EPI_ISL_14751190	EPI_ISL_14751190	EPI_ISL_14751190	EPI_ISL_14751190
A/swine/Italy/711/2006	EPI_ISL_19698708	EPI_ISL_19698708	EPI_ISL_19698708	EPI_ISL_19698708	EPI_ISL_19698708	EPI_ISL_19698708	EPI_ISL_19698708	EPI_ISL_19698708
A/swine/Italy/348542/2018	EPI_ISL_14751193	EPI_ISL_14751193	EPI_ISL_14751193	EPI_ISL_14751193	EPI_ISL_14751193	EPI_ISL_14751193	EPI_ISL_14751193	EPI_ISL_14751193
A/swine/Haltern/5670/2006	EPI_ISL_505151	EPI_ISL_505151	EPI_ISL_505151	EPI_ISL_505151	EPI_ISL_505151	EPI_ISL_505151	EPI_ISL_505151	EPI_ISL_505151
A/swine/Italy/351054/2018	EPI_ISL_14751192	EPI_ISL_14751192	EPI_ISL_14751192	EPI_ISL_14751192	EPI_ISL_14751192	EPI_ISL_14751192	EPI_ISL_14751192	EPI_ISL_14751192
A/swine/Geseke/5638/2006	EPI_ISL_505150	EPI_ISL_505150	EPI_ISL_505150	EPI_ISL_505150	EPI_ISL_505150	EPI_ISL_505150	EPI_ISL_505150	EPI_ISL_505150
A/swine/Nordhorn/3777/2005	EPI_ISL_505137	EPI_ISL_505137	EPI_ISL_505137	EPI_ISL_505137	EPI_ISL_505137	EPI_ISL_505137	EPI_ISL_505137	EPI_ISL_505137
A/swine/Italy/34288/2018	EPI_ISL_14751195	EPI_ISL_14751195	EPI_ISL_14751195	EPI_ISL_14751195	EPI_ISL_14751195	EPI_ISL_14751195	EPI_ISL_14751195	EPI_ISL_14751195
A/swine/Italy/372062/2018	EPI_ISL_14751182	EPI_ISL_14751182	EPI_ISL_14751182	EPI_ISL_14751182	EPI_ISL_14751182	EPI_ISL_14751182	EPI_ISL_14751182	EPI_ISL_14751182
A/swine/Italy/410927/2018	EPI_ISL_14751170	EPI_ISL_14751170	EPI_ISL_14751170	EPI_ISL_14751170	EPI_ISL_14751170	EPI_ISL_14751170	EPI_ISL_14751170	EPI_ISL_14751170
A/swine/Italy/406588/2018	EPI_ISL_14751173	EPI_ISL_14751173	EPI_ISL_14751173	EPI_ISL_14751173	EPI_ISL_14751173	EPI_ISL_14751173	EPI_ISL_14751173	EPI_ISL_14751173
A/swine/Italy/406597/2018	EPI_ISL_14751172	EPI_ISL_14751172	EPI_ISL_14751172	EPI_ISL_14751172	EPI_ISL_14751172	EPI_ISL_14751172	EPI_ISL_14751172	EPI_ISL_14751172
A/swine/Italy/70445/2017	EPI_ISL_14763462	EPI_ISL_14763462	EPI_ISL_14763462	EPI_ISL_14763462	EPI_ISL_14763462	EPI_ISL_14763462	EPI_ISL_14763462	EPI_ISL_14763462
A/swine/Italy/18-170725/2018	EPI_ISL_19698692	EPI_ISL_19698692	EPI_ISL_19698692	EPI_ISL_19698692	EPI_ISL_19698692	EPI_ISL_19698692	EPI_ISL_19698692	EPI_ISL_19698692
A/swine/Italy/389633/2018	EPI_ISL_14751177	EPI_ISL_14751177	EPI_ISL_14751177	EPI_ISL_14751177	EPI_ISL_14751177	EPI_ISL_14751177	EPI_ISL_14751177	EPI_ISL_14751177
A/swine/Lohne/3665/2004	EPI_ISL_505135	EPI_ISL_505135	EPI_ISL_505135	EPI_ISL_505135	EPI_ISL_505135	EPI_ISL_505135	EPI_ISL_505135	EPI_ISL_505135
A/swine/Italy/389736/2018	EPI_ISL_14751176	EPI_ISL_14751176	EPI_ISL_14751176	EPI_ISL_14751176	EPI_ISL_14751176	EPI_ISL_14751176	EPI_ISL_14751176	EPI_ISL_14751176
A/swine/Borgentreich/3651/2004	EPI_ISL_505134	EPI_ISL_505134	EPI_ISL_505134	EPI_ISL_505134	EPI_ISL_505134	EPI_ISL_505134	EPI_ISL_505134	EPI_ISL_505134
A/swine/Italy/366609/2018	EPI_ISL_14751185	EPI_ISL_14751185	EPI_ISL_14751185	EPI_ISL_14751185	EPI_ISL_14751185	EPI_ISL_14751185	EPI_ISL_14751185	EPI_ISL_14751185
A/swine/Italy/17-66778-2/2017	EPI_ISL_19698694	EPI_ISL_19698694	EPI_ISL_19698694	EPI_ISL_19698694	EPI_ISL_19698694	EPI_ISL_19698694	EPI_ISL_19698694	EPI_ISL_19698694
A/swine/Spelle/3634a/2004	EPI_ISL_505133	EPI_ISL_505133	EPI_ISL_505133	EPI_ISL_505133	EPI_ISL_505133	EPI_ISL_505133	EPI_ISL_505133	EPI_ISL_505133
A/swine/Italy/17-66778-3/2017	EPI_ISL_19698695	EPI_ISL_19698695	EPI_ISL_19698695	EPI_ISL_19698695	EPI_ISL_19698695	EPI_ISL_19698695	EPI_ISL_19698695	EPI_ISL_19698695
A/swine/Italy/386145/2018	EPI_ISL_14751178	EPI_ISL_14751178	EPI_ISL_14751178	EPI_ISL_14751178	EPI_ISL_14751178	EPI_ISL_14751178	EPI_ISL_14751178	EPI_ISL_14751178
A/swine/Lippetal/3633/2004	EPI_ISL_505132	EPI_ISL_505132	EPI_ISL_505132	EPI_ISL_505132	EPI_ISL_505132	EPI_ISL_505132	EPI_ISL_505132	EPI_ISL_505132
A/swine/Italy/382158/2018	EPI_ISL_14751181	EPI_ISL_14751181	EPI_ISL_14751181	EPI_ISL_14751181	EPI_ISL_14751181	EPI_ISL_14751181	EPI_ISL_14751181	EPI_ISL_14751181
A/swine/Anderlingen/3507/2004	EPI_ISL_505131	EPI_ISL_505131	EPI_ISL_505131	EPI_ISL_505131	EPI_ISL_505131	EPI_ISL_505131	EPI_ISL_505131	EPI_ISL_505131
A/swine/Italy/384889/2018	EPI_ISL_14751180	EPI_ISL_14751180	EPI_ISL_14751180	EPI_ISL_14751180	EPI_ISL_14751180	EPI_ISL_14751180	EPI_ISL_14751180	EPI_ISL_14751180
A/swine/Visbek/3311/2004	EPI_ISL_505130	EPI_ISL_505130	EPI_ISL_505130	EPI_ISL_505130	EPI_ISL_505130	EPI_ISL_505130	EPI_ISL_505130	EPI_ISL_505130
A/swine/Italy/371405/2018	EPI_ISL_14751183	EPI_ISL_14751183	EPI_ISL_14751183	EPI_ISL_14751183	EPI_ISL_14751183	EPI_ISL_14751183	EPI_ISL_14751183	EPI_ISL_14751183
A/swine/Italy/18-170856-1/2018	EPI_ISL_19698691	EPI_ISL_19698691	EPI_ISL_19698691	EPI_ISL_19698691	EPI_ISL_19698691	EPI_ISL_19698691	EPI_ISL_19698691	EPI_ISL_19698691
A/swine/Italy/386135/2018	EPI_ISL_14751179	EPI_ISL_14751179	EPI_ISL_14751179	EPI_ISL_14751179	EPI_ISL_14751179	EPI_ISL_14751179	EPI_ISL_14751179	EPI_ISL_14751179
A/swine/Rotthalmuenster/5536/2006	EPI_ISL_505149	EPI_ISL_505149	EPI_ISL_505149	EPI_ISL_505149	EPI_ISL_505149	EPI_ISL_505149	EPI_ISL_505149	EPI_ISL_505149
A/swine/Italy/343030/2018	EPI_ISL_14751194	EPI_ISL_14751194	EPI_ISL_14751194	EPI_ISL_14751194	EPI_ISL_14751194	EPI_ISL_14751194	EPI_ISL_14751194	EPI_ISL_14751194
A/swine/Ahlen/7007/2008	EPI_ISL_505165	EPI_ISL_505165	EPI_ISL_505165	EPI_ISL_505165	EPI_ISL_505165	EPI_ISL_505165	EPI_ISL_505165	EPI_ISL_505165
A/swine/Brilon/6950/2008	EPI_ISL_505164	EPI_ISL_505164	EPI_ISL_505164	EPI_ISL_505164	EPI_ISL_505164	EPI_ISL_505164	EPI_ISL_505164	EPI_ISL_505164
A/swine/Melle/6925/2008	EPI_ISL_505163	EPI_ISL_505163	EPI_ISL_505163	EPI_ISL_505163	EPI_ISL_505163	EPI_ISL_505163	EPI_ISL_505163	EPI_ISL_505163
A/swine/Coesfeld/6693/2007	EPI_ISL_505162	EPI_ISL_505162	EPI_ISL_505162	EPI_ISL_505162	EPI_ISL_505162	EPI_ISL_505162	EPI_ISL_505162	EPI_ISL_505162
A/swine/Italy/63691/2018	EPI_ISL_14751151	EPI_ISL_14751151	EPI_ISL_14751151	EPI_ISL_14751151	EPI_ISL_14751151	EPI_ISL_14751151	EPI_ISL_14751151	EPI_ISL_14751151
A/swine/Garrel/6572/2007	EPI_ISL_505161	EPI_ISL_505161	EPI_ISL_505161	EPI_ISL_505161	EPI_ISL_505161	EPI_ISL_505161	EPI_ISL_505161	EPI_ISL_505161
A/swine/Italy/76982/2018	EPI_ISL_14751150	EPI_ISL_14751150	EPI_ISL_14751150	EPI_ISL_14751150	EPI_ISL_14751150	EPI_ISL_14751150	EPI_ISL_14751150	EPI_ISL_14751150
A/swine/Italy/98256/2018	EPI_ISL_14751153	EPI_ISL_14751153	EPI_ISL_14751153	EPI_ISL_14751153	EPI_ISL_14751153	EPI_ISL_14751153	EPI_ISL_14751153	EPI_ISL_14751153
A/swine/Sugenheim/8871/2009	EPI_ISL_505175	EPI_ISL_505175	EPI_ISL_505175	EPI_ISL_505175	EPI_ISL_505175	EPI_ISL_505175	EPI_ISL_505175	EPI_ISL_505175
A/swine/Italy/333302/2018	EPI_ISL_14751152	EPI_ISL_14751152	EPI_ISL_14751152	EPI_ISL_14751152	EPI_ISL_14751152	EPI_ISL_14751152	EPI_ISL_14751152	EPI_ISL_14751152
A/swine/Marklkofen/7028/2008	EPI_ISL_505166	EPI_ISL_505166	EPI_ISL_505166	EPI_ISL_505166	EPI_ISL_505166	EPI_ISL_505166	EPI_ISL_505166	EPI_ISL_505166
A/swine/Bottrop/8644/2009	EPI_ISL_505174	EPI_ISL_505174	EPI_ISL_505174	EPI_ISL_505174	EPI_ISL_505174	EPI_ISL_505174	EPI_ISL_505174	EPI_ISL_505174
A/swine/Harsefeld/8608/2009	EPI_ISL_505173	EPI_ISL_505173	EPI_ISL_505173	EPI_ISL_505173	EPI_ISL_505173	EPI_ISL_505173	EPI_ISL_505173	EPI_ISL_505173
A/swine/Italy/90903/2018	EPI_ISL_14751154	EPI_ISL_14751154	EPI_ISL_14751154	EPI_ISL_14751154	EPI_ISL_14751154	EPI_ISL_14751154	EPI_ISL_14751154	EPI_ISL_14751154
A/swine/Klosterseelte/8607/2009	EPI_ISL_505172	EPI_ISL_505172	EPI_ISL_505172	EPI_ISL_505172	EPI_ISL_505172	EPI_ISL_505172	EPI_ISL_505172	EPI_ISL_505172
A/swine/Italy/82829/2018	EPI_ISL_14751157	EPI_ISL_14751157	EPI_ISL_14751157	EPI_ISL_14751157	EPI_ISL_14751157	EPI_ISL_14751157	EPI_ISL_14751157	EPI_ISL_14751157
A/swine/Kleve/8532a/2009	EPI_ISL_505171	EPI_ISL_505171	EPI_ISL_505171	EPI_ISL_505171	EPI_ISL_505171	EPI_ISL_505171	EPI_ISL_505171	EPI_ISL_505171
A/swine/Italy/83983/2018	EPI_ISL_14751156	EPI_ISL_14751156	EPI_ISL_14751156	EPI_ISL_14751156	EPI_ISL_14751156	EPI_ISL_14751156	EPI_ISL_14751156	EPI_ISL_14751156
A/swine/Kerken/8479/2009	EPI_ISL_505170	EPI_ISL_505170	EPI_ISL_505170	EPI_ISL_505170	EPI_ISL_505170	EPI_ISL_505170	EPI_ISL_505170	EPI_ISL_505170
A/swine/Poland/T2/2008	EPI_ISL_505169	EPI_ISL_505169	EPI_ISL_505169	EPI_ISL_505169	EPI_ISL_505169	EPI_ISL_505169	EPI_ISL_505169	EPI_ISL_505169
A/swine/Italy/82784/2018	EPI_ISL_14751158	EPI_ISL_14751158	EPI_ISL_14751158	EPI_ISL_14751158	EPI_ISL_14751158	EPI_ISL_14751158	EPI_ISL_14751158	EPI_ISL_14751158
A/swine/Italy/87619/2018	EPI_ISL_14751155	EPI_ISL_14751155	EPI_ISL_14751155	EPI_ISL_14751155	EPI_ISL_14751155	EPI_ISL_14751155	EPI_ISL_14751155	EPI_ISL_14751155
A/swine/Wadersloh/7107a/2008	EPI_ISL_505167	EPI_ISL_505167	EPI_ISL_505167	EPI_ISL_505167	EPI_ISL_505167	EPI_ISL_505167	EPI_ISL_505167	EPI_ISL_505167
A/swine/Velen/5730/2006	EPI_ISL_505152	EPI_ISL_505152	EPI_ISL_505152	EPI_ISL_505152	EPI_ISL_505152	EPI_ISL_505152	EPI_ISL_505152	EPI_ISL_505152
A/swine/Germany/AR2279/2016	EPI_ISL_238917	EPI_ISL_238917	EPI_ISL_238917	EPI_ISL_238917	EPI_ISL_238917	EPI_ISL_238917	EPI_ISL_238917	EPI_ISL_238917
A/swine/Ostercappeln/5518/2006	EPI_ISL_505148	EPI_ISL_505148	EPI_ISL_505148	EPI_ISL_505148	EPI_ISL_505148	EPI_ISL_505148	EPI_ISL_505148	EPI_ISL_505148
A/swine/Italy/335210/2018	EPI_ISL_14751197	EPI_ISL_14751197	EPI_ISL_14751197	EPI_ISL_14751197	EPI_ISL_14751197	EPI_ISL_14751197	EPI_ISL_14751197	EPI_ISL_14751197
A/swine/Italy/339060/2018	EPI_ISL_14751196	EPI_ISL_14751196	EPI_ISL_14751196	EPI_ISL_14751196	EPI_ISL_14751196	EPI_ISL_14751196	EPI_ISL_14751196	EPI_ISL_14751196
A/swine/Nordhorn/3835/2005	EPI_ISL_505146	EPI_ISL_505146	EPI_ISL_505146	EPI_ISL_505146	EPI_ISL_505146	EPI_ISL_505146	EPI_ISL_505146	EPI_ISL_505146
A/swine/Germany/Bak1/2016	EPI_ISL_238910	EPI_ISL_238910	EPI_ISL_238910	EPI_ISL_238910	EPI_ISL_238910	EPI_ISL_238910	EPI_ISL_238910	EPI_ISL_238910
A/swine/Italy/331742/2018	EPI_ISL_14751199	EPI_ISL_14751199	EPI_ISL_14751199	EPI_ISL_14751199	EPI_ISL_14751199	EPI_ISL_14751199	EPI_ISL_14751199	EPI_ISL_14751199
A/swine/Spenge/3833/2005	EPI_ISL_505145	EPI_ISL_505145	EPI_ISL_505145	EPI_ISL_505145	EPI_ISL_505145	EPI_ISL_505145	EPI_ISL_505145	EPI_ISL_505145
A/swine/Italy/334383/2018	EPI_ISL_14751198	EPI_ISL_14751198	EPI_ISL_14751198	EPI_ISL_14751198	EPI_ISL_14751198	EPI_ISL_14751198	EPI_ISL_14751198	EPI_ISL_14751198
A/swine/Gottfrieding/3829/2005	EPI_ISL_505144	EPI_ISL_505144	EPI_ISL_505144	EPI_ISL_505144	EPI_ISL_505144	EPI_ISL_505144	EPI_ISL_505144	EPI_ISL_505144
A/swine/Bad_Wuennenberg/6405/2007	EPI_ISL_505159	EPI_ISL_505159	EPI_ISL_505159	EPI_ISL_505159	EPI_ISL_505159	EPI_ISL_505159	EPI_ISL_505159	EPI_ISL_505159
A/swine/Rotthalmuenster/6376a/2007	EPI_ISL_505158	EPI_ISL_505158	EPI_ISL_505158	EPI_ISL_505158	EPI_ISL_505158	EPI_ISL_505158	EPI_ISL_505158	EPI_ISL_505158
A/swine/IVD/6365/2007	EPI_ISL_505157	EPI_ISL_505157	EPI_ISL_505157	EPI_ISL_505157	EPI_ISL_505157	EPI_ISL_505157	EPI_ISL_505157	EPI_ISL_505157
A/swine/Heiden/6058/2007	EPI_ISL_505156	EPI_ISL_505156	EPI_ISL_505156	EPI_ISL_505156	EPI_ISL_505156	EPI_ISL_505156	EPI_ISL_505156	EPI_ISL_505156
A/swine/Dinklage/6017/2007	EPI_ISL_505155	EPI_ISL_505155	EPI_ISL_505155	EPI_ISL_505155	EPI_ISL_505155	EPI_ISL_505155	EPI_ISL_505155	EPI_ISL_505155
A/swine/Riege/6014/2007	EPI_ISL_505154	EPI_ISL_505154	EPI_ISL_505154	EPI_ISL_505154	EPI_ISL_505154	EPI_ISL_505154	EPI_ISL_505154	EPI_ISL_505154
A/swine/Lichtenau/5999/2007	EPI_ISL_505153	EPI_ISL_505153	EPI_ISL_505153	EPI_ISL_505153	EPI_ISL_505153	EPI_ISL_505153	EPI_ISL_505153	EPI_ISL_505153
A/swine/Italy/75555/2018	EPI_ISL_14751161	EPI_ISL_14751161	EPI_ISL_14751161	EPI_ISL_14751161	EPI_ISL_14751161	EPI_ISL_14751161	EPI_ISL_14751161	EPI_ISL_14751161
A/swine/England/43142/2001	EPI_ISL_129488	EPI_ISL_129488	EPI_ISL_129488	EPI_ISL_129488	EPI_ISL_129488	EPI_ISL_129488	EPI_ISL_129488	EPI_ISL_129488
A/swine/Spain/06800-1/2020	PQ580717	PQ580718	PQ580719	PQ580720	PQ580721		PQ580722	PQ580723
A/swine/Spain/45700-1/2019	MZ373120	MZ373121	MZ373122	MZ373123	MZ373124	MZ373125	MZ373126	MZ373127
A/swine/Spain/40240-1/2019	MZ373135	MZ373136	MZ373137	MZ373138	MZ373139	MZ373140	MZ373141	MZ373142
A/swine/Spain/45690-1/2016	MF872858	MF872807	MF872809	MF872855	MF872823	MF872826	MF872836	MF872803
A/swine/Spain/45690-10/2018	MZ945760	MZ945761	MZ945762	MZ945763	MZ945764	MZ945765	MZ945766	MZ945767
A/swine/Spain/45690-11/2019	MZ363743	MZ363744	MZ363745	MZ363746	MZ363747	MZ363748	MZ363749	MZ363750
A/swine/Spain/45690-12/2019	MZ363766	MZ363767	MZ363768	MZ363769	MZ363770	MZ363771	MZ363772	MZ363773
A/swine/Spain/46001-1/2019	MZ945784		MZ945785	MZ945786	MZ945787	MZ945788	MZ945789	MZ945790
A/swine/Spain/31001-1/2019	MZ373160		MZ373161	MZ373162	MZ373163	MZ373164	MZ373165	MZ373166
A/swine/Spain/46314-1/2020	MW848675		MW848674	MW848671	MW848676	MW848672	MW848670	MW848673
A/swine/Spain/46314-2/2020	MW848634	MW848633	MW848630	MW848635	MW848631	MW848637	MW848632	MW848636
A/swine/Spain/44579-1/2020	MW848766	MW848763	ON716287	MW848761	MW848760	MW848765	MW848762	MW848764
A/wild_boar/Spain/45560-1/2021	PP338805	PP338806	PP338807	PP338808	PP338809	PP338810	PP338811	PP338812
A/swine/Spain/41410-1/2021	PP338503	PP338504	PP338505	PP338506	PP338507	PP338508	PP338509	PP338510
A/swine/Spain/6176-2/2022	PQ107608	PQ107609	PQ107610	PQ107611	PQ107612	PQ107613	PQ107614	PQ107615
A/swine/Italy/380550/2019	EPI_ISL_14749620	EPI_ISL_14749620	EPI_ISL_14749620	EPI_ISL_14749620	EPI_ISL_14749620	EPI_ISL_14749620	EPI_ISL_14749620	EPI_ISL_14749620
A/swine/Italy/33271/2016	EPI_ISL_4083590	EPI_ISL_4083590	EPI_ISL_4083590	EPI_ISL_4083590	EPI_ISL_4083590	EPI_ISL_4083590	EPI_ISL_4083590	EPI_ISL_4083590
A/swine/Italy/379792/2019	EPI_ISL_14749621	EPI_ISL_14749621	EPI_ISL_14749621	EPI_ISL_14749621	EPI_ISL_14749621	EPI_ISL_14749621	EPI_ISL_14749621	EPI_ISL_14749621
A/swine/Italy/385387/2019	EPI_ISL_14749619	EPI_ISL_14749619	EPI_ISL_14749619	EPI_ISL_14749619	EPI_ISL_14749619	EPI_ISL_14749619	EPI_ISL_14749619	EPI_ISL_14749619
A/swine/Italy/91355/2019	EPI_ISL_14749649	EPI_ISL_14749649	EPI_ISL_14749649	EPI_ISL_14749649	EPI_ISL_14749649	EPI_ISL_14749649	EPI_ISL_14749649	EPI_ISL_14749649
A/swine/Italy/8745/2019	EPI_ISL_14749651	EPI_ISL_14749651	EPI_ISL_14749651	EPI_ISL_14749651	EPI_ISL_14749651	EPI_ISL_14749651	EPI_ISL_14749651	EPI_ISL_14749651
A/swine/Italy/83164/2019	EPI_ISL_14749653	EPI_ISL_14749653	EPI_ISL_14749653	EPI_ISL_14749653	EPI_ISL_14749653	EPI_ISL_14749653	EPI_ISL_14749653	EPI_ISL_14749653
A/swine/Italy/81721/2019	EPI_ISL_14749655	EPI_ISL_14749655	EPI_ISL_14749655	EPI_ISL_14749655	EPI_ISL_14749655	EPI_ISL_14749655	EPI_ISL_14749655	EPI_ISL_14749655
A/swine/Italy/64500/2019	EPI_ISL_14749659	EPI_ISL_14749659	EPI_ISL_14749659	EPI_ISL_14749659	EPI_ISL_14749659	EPI_ISL_14749659	EPI_ISL_14749659	EPI_ISL_14749659
A/swine/Italy/61705/2019	EPI_ISL_14749661	EPI_ISL_14749661	EPI_ISL_14749661	EPI_ISL_14749661	EPI_ISL_14749661	EPI_ISL_14749661	EPI_ISL_14749661	EPI_ISL_14749661
A/swine/Italy/60016/2019	EPI_ISL_14749663	EPI_ISL_14749663	EPI_ISL_14749663	EPI_ISL_14749663	EPI_ISL_14749663	EPI_ISL_14749663	EPI_ISL_14749663	EPI_ISL_14749663
A/swine/Italy/124375/2020	EPI_ISL_14764263	EPI_ISL_14764263	EPI_ISL_14764263	EPI_ISL_14764263	EPI_ISL_14764263	EPI_ISL_14764263	EPI_ISL_14764263	EPI_ISL_14764263
A/swine/Wuerusreuth/IDT10990/2009	EPI_ISL_151062	EPI_ISL_151062	EPI_ISL_151062	EPI_ISL_151062	EPI_ISL_151062	EPI_ISL_151062	EPI_ISL_151062	EPI_ISL_151062
A/swine/France/59-150357/2015	EPI_ISL_372304	EPI_ISL_372304	EPI_ISL_372304	EPI_ISL_372304	EPI_ISL_372304	EPI_ISL_372304	EPI_ISL_372304	EPI_ISL_372304
A/swine/Italy/242975/2019	EPI_ISL_14749695	EPI_ISL_14749695	EPI_ISL_14749695	EPI_ISL_14749695	EPI_ISL_14749695	EPI_ISL_14749695	EPI_ISL_14749695	EPI_ISL_14749695
A/swine/Italy/282811/2013	EPI_ISL_163605	EPI_ISL_163605	EPI_ISL_163605	EPI_ISL_163605	EPI_ISL_163605	EPI_ISL_163605	EPI_ISL_163605	EPI_ISL_163605
A/swine/Italy/308467/2019	EPI_ISL_14749641	EPI_ISL_14749641	EPI_ISL_14749641	EPI_ISL_14749641	EPI_ISL_14749641	EPI_ISL_14749641	EPI_ISL_14749641	EPI_ISL_14749641
A/swine/Italy/274944/2019	EPI_ISL_14749643	EPI_ISL_14749643	EPI_ISL_14749643	EPI_ISL_14749643	EPI_ISL_14749643	EPI_ISL_14749643	EPI_ISL_14749643	EPI_ISL_14749643
A/swine/Italy/311349/2013	EPI_ISL_163604	EPI_ISL_163604	EPI_ISL_163604	EPI_ISL_163604	EPI_ISL_163604	EPI_ISL_163604	EPI_ISL_163604	EPI_ISL_163604
A/swine/Italy/57721/2019	EPI_ISL_14749665	EPI_ISL_14749665	EPI_ISL_14749665	EPI_ISL_14749665	EPI_ISL_14749665	EPI_ISL_14749665	EPI_ISL_14749665	EPI_ISL_14749665
A/swine/Italy/187969/2013	EPI_ISL_163606	EPI_ISL_163606	EPI_ISL_163606	EPI_ISL_163606	EPI_ISL_163606	EPI_ISL_163606	EPI_ISL_163606	EPI_ISL_163606
A/swine/Italy/250481_2/2013	EPI_ISL_163607	EPI_ISL_163607	EPI_ISL_163607	EPI_ISL_163607	EPI_ISL_163607	EPI_ISL_163607	EPI_ISL_163607	EPI_ISL_163607
A/swine/Italy/56910/2020	EPI_ISL_14764481	EPI_ISL_14764481	EPI_ISL_14764481	EPI_ISL_14764481	EPI_ISL_14764481	EPI_ISL_14764481	EPI_ISL_14764481	EPI_ISL_14764481
A/swine/Italy/430612/2022	EPI_ISL_19644422	EPI_ISL_19644422	EPI_ISL_19644422	EPI_ISL_19644422	EPI_ISL_19644422	EPI_ISL_19644422	EPI_ISL_19644422	EPI_ISL_19644422
A/swine/Italy/59062/2021	EPI_ISL_19644536	EPI_ISL_19644536	EPI_ISL_19644536	EPI_ISL_19644536	EPI_ISL_19644536	EPI_ISL_19644536	EPI_ISL_19644536	EPI_ISL_19644536
A/swine/Italy/1034/2020	EPI_ISL_14764045	EPI_ISL_14764045	EPI_ISL_14764045	EPI_ISL_14764045	EPI_ISL_14764045	EPI_ISL_14764045	EPI_ISL_14764045	EPI_ISL_14764045
A/swine/Coesfeld/19552/2014	EPI_ISL_19692295	EPI_ISL_19692295	EPI_ISL_19692295	EPI_ISL_19692295	EPI_ISL_19692295	EPI_ISL_19692295	EPI_ISL_19692295	EPI_ISL_19692295
A/swine/Denmark/UCPH-S39742/2020	EPI_ISL_18746112	EPI_ISL_18746112	EPI_ISL_18746112	EPI_ISL_18746112	EPI_ISL_18746112	EPI_ISL_18746112	EPI_ISL_18746112	EPI_ISL_18746112
A/swine/Belgium/Gent-131/2000	EPI_ISL_195182	EPI_ISL_195182	EPI_ISL_195182	EPI_ISL_195182	EPI_ISL_195182	EPI_ISL_195182	EPI_ISL_195182	EPI_ISL_195182
A/swine/Germany/Borken-IDT11902/2010	EPI_ISL_195186	EPI_ISL_195186	EPI_ISL_195186	EPI_ISL_195186	EPI_ISL_195186	EPI_ISL_195186	EPI_ISL_195186	EPI_ISL_195186
A/swine/Italy/302749/2010	EPI_ISL_195187	EPI_ISL_195187	EPI_ISL_195187	EPI_ISL_195187	EPI_ISL_195187	EPI_ISL_195187	EPI_ISL_195187	EPI_ISL_195187
A/swine/Germany/Ottendorf-IDT11910/2010	EPI_ISL_195184	EPI_ISL_195184	EPI_ISL_195184	EPI_ISL_195184	EPI_ISL_195184	EPI_ISL_195184	EPI_ISL_195184	EPI_ISL_195184
A/swine/Germany/Stadtloder-IDT11945/2010	EPI_ISL_195185	EPI_ISL_195185	EPI_ISL_195185	EPI_ISL_195185	EPI_ISL_195185	EPI_ISL_195185	EPI_ISL_195185	EPI_ISL_195185
A/swine/Belgium/Izegem-538/2010	EPI_ISL_195190	EPI_ISL_195190	EPI_ISL_195190	EPI_ISL_195190	EPI_ISL_195190	EPI_ISL_195190	EPI_ISL_195190	EPI_ISL_195190
A/swine/Irkutsk/155/2017	EPI_ISL_321756	EPI_ISL_297427	EPI_ISL_297427	EPI_ISL_297427	EPI_ISL_321756	EPI_ISL_321756	EPI_ISL_297427	EPI_ISL_321756
A/swine/Spain/82108/2007	EPI_ISL_129533	EPI_ISL_129533	EPI_ISL_129533	EPI_ISL_129533	EPI_ISL_129533	EPI_ISL_129533	EPI_ISL_129533	EPI_ISL_129533
A/swine/Italy/272121-1/2002	EPI_ISL_129527	EPI_ISL_129527	EPI_ISL_129527	EPI_ISL_129527	EPI_ISL_129527	EPI_ISL_129527	EPI_ISL_129527	EPI_ISL_129527
A/swine/Gent/96/2007	EPI_ISL_129520	EPI_ISL_129520	EPI_ISL_129520	EPI_ISL_129520	EPI_ISL_129520		EPI_ISL_129520	EPI_ISL_129520
A/swine/Italy/15360-3/2001	EPI_ISL_129523	EPI_ISL_129523	EPI_ISL_129523	EPI_ISL_129523	EPI_ISL_129523	EPI_ISL_129523	EPI_ISL_129523	EPI_ISL_129523
A/swine/Belgium/Valdegem-581/2010	EPI_ISL_195191	EPI_ISL_195191	EPI_ISL_195191	EPI_ISL_195191	EPI_ISL_195191	EPI_ISL_195191	EPI_ISL_195191	EPI_ISL_195191
A/swine/Italy/55925/2011	EPI_ISL_195188	EPI_ISL_195188	EPI_ISL_195188	EPI_ISL_195188	EPI_ISL_195188	EPI_ISL_195188	EPI_ISL_195188	EPI_ISL_195188
A/swine/Spain/42386/2002	EPI_ISL_6908	EPI_ISL_6908	EPI_ISL_6908	EPI_ISL_6908	EPI_ISL_6908	EPI_ISL_6908	EPI_ISL_6908	EPI_ISL_6908
A/swine/Spain/BM38/2019	EPI_ISL_499124	EPI_ISL_499124	EPI_ISL_499124	EPI_ISL_499124	EPI_ISL_499124	EPI_ISL_499124	EPI_ISL_499124	EPI_ISL_499124
A/swine/Spain/090/2018	EPI_ISL_499123	EPI_ISL_499123	EPI_ISL_499123	EPI_ISL_499123	EPI_ISL_499123	EPI_ISL_499123	EPI_ISL_499123	EPI_ISL_499123
A/swine/Spain/100/2018	EPI_ISL_499121	EPI_ISL_499121	EPI_ISL_499121	EPI_ISL_499121	EPI_ISL_499121	EPI_ISL_499121	EPI_ISL_499121	EPI_ISL_499121
A/swine/Spain/041/2017	EPI_ISL_499120	EPI_ISL_499120	EPI_ISL_499120	EPI_ISL_499120	EPI_ISL_499120	EPI_ISL_499120	EPI_ISL_499120	EPI_ISL_499120
A/swine/Spain/BM37/2019	EPI_ISL_499125	EPI_ISL_499125	EPI_ISL_499125	EPI_ISL_499125	EPI_ISL_499125	EPI_ISL_499125	EPI_ISL_499125	EPI_ISL_499125
A/swine/Spain/143/2018	EPI_ISL_499126	EPI_ISL_499126	EPI_ISL_499126	EPI_ISL_499126	EPI_ISL_499126	EPI_ISL_499126	EPI_ISL_499126	EPI_ISL_499126
A/swine/Spain/018/2017	EPI_ISL_499127	EPI_ISL_499127	EPI_ISL_499127	EPI_ISL_499127	EPI_ISL_499127	EPI_ISL_499127	EPI_ISL_499127	EPI_ISL_499127
A/swine/Spain/001/2017	EPI_ISL_499119	EPI_ISL_499119	EPI_ISL_499119	EPI_ISL_499119	EPI_ISL_499119	EPI_ISL_499119	EPI_ISL_499119	EPI_ISL_499119
A/swine/Italy/134758/2017	EPI_ISL_14761061	EPI_ISL_14761061	EPI_ISL_14761061	EPI_ISL_14761061	EPI_ISL_14761061	EPI_ISL_14761061	EPI_ISL_14761061	EPI_ISL_14761061
A/Swine/Spain/80598LP1/2007	EPI_ISL_142643	EPI_ISL_142643	EPI_ISL_142643	EPI_ISL_142643	EPI_ISL_142643	EPI_ISL_142643	EPI_ISL_142643	EPI_ISL_142643
A/swine/Belgium/Belsele-66/2013	EPI_ISL_195217	EPI_ISL_195217	EPI_ISL_195217	EPI_ISL_195217	EPI_ISL_195217	EPI_ISL_195217	EPI_ISL_195217	EPI_ISL_195217
A/swine/Netherlands/Ysselsteyn-CVI8864A/2012	EPI_ISL_195222	EPI_ISL_195222	EPI_ISL_195222	EPI_ISL_195222	EPI_ISL_195222	EPI_ISL_195222	EPI_ISL_195222	EPI_ISL_195222
A/swine/Spain/35944/2012	EPI_ISL_195220	EPI_ISL_195220	EPI_ISL_195220	EPI_ISL_195220	EPI_ISL_195220	EPI_ISL_195220	EPI_ISL_195220	EPI_ISL_195220
A/swine/Spain/31768/2012	EPI_ISL_195221	EPI_ISL_195221	EPI_ISL_195221	EPI_ISL_195221	EPI_ISL_195221	EPI_ISL_195221	EPI_ISL_195221	EPI_ISL_195221
A/swine/Netherlands/Weert-167B/2012	EPI_ISL_195237	EPI_ISL_195237	EPI_ISL_195237	EPI_ISL_195237	EPI_ISL_195237	EPI_ISL_195237	EPI_ISL_195237	EPI_ISL_195237
A/swine/Netherlands/Asten-365/2012	EPI_ISL_195216	EPI_ISL_195216	EPI_ISL_195216	EPI_ISL_195216	EPI_ISL_195216	EPI_ISL_195216	EPI_ISL_195216	EPI_ISL_195216
A/swine/Spain/33936/2012	EPI_ISL_195219	EPI_ISL_195219	EPI_ISL_195219	EPI_ISL_195219	EPI_ISL_195219	EPI_ISL_195219	EPI_ISL_195219	EPI_ISL_195219
A/swine/France/59-120031/2012	EPI_ISL_195213	EPI_ISL_195213	EPI_ISL_195213	EPI_ISL_195213	EPI_ISL_195213	EPI_ISL_195213	EPI_ISL_195213	EPI_ISL_195213
A/swine/Belgium/Bree-205/2011	EPI_ISL_195189	EPI_ISL_195189	EPI_ISL_195189	EPI_ISL_195189	EPI_ISL_195189	EPI_ISL_195189	EPI_ISL_195189	EPI_ISL_195189
A/swine/Netherlands/Geesteren-346/2011	EPI_ISL_195194	EPI_ISL_195194	EPI_ISL_195194	EPI_ISL_195194	EPI_ISL_195194	EPI_ISL_195194	EPI_ISL_195194	EPI_ISL_195194
A/swine/Netherlands/Vragender-503/2011	EPI_ISL_195195	EPI_ISL_195195	EPI_ISL_195195	EPI_ISL_195195	EPI_ISL_195195	EPI_ISL_195195	EPI_ISL_195195	EPI_ISL_195195
A/swine/Netherlands/Roosendaal-571/2011	EPI_ISL_195192	EPI_ISL_195192	EPI_ISL_195192	EPI_ISL_195192	EPI_ISL_195192	EPI_ISL_195192	EPI_ISL_195192	EPI_ISL_195192
A/swine/Belgium/Moorslede-515/2011	EPI_ISL_195193	EPI_ISL_195193	EPI_ISL_195193	EPI_ISL_195193	EPI_ISL_195193	EPI_ISL_195193	EPI_ISL_195193	EPI_ISL_195193
A/swine/Spain/28778/2012	EPI_ISL_195198	EPI_ISL_195198	EPI_ISL_195198	EPI_ISL_195198	EPI_ISL_195198	EPI_ISL_195198	EPI_ISL_195198	EPI_ISL_195198
A/swine/Spain/16677/2011	EPI_ISL_195196	EPI_ISL_195196	EPI_ISL_195196	EPI_ISL_195196	EPI_ISL_195196	EPI_ISL_195196	EPI_ISL_195196	EPI_ISL_195196
A/swine/Hungary/4025/2013	EPI_ISL_195218	EPI_ISL_195218	EPI_ISL_195218	EPI_ISL_195218	EPI_ISL_195218	EPI_ISL_195218	EPI_ISL_195218	EPI_ISL_195218
A/swine/Germany/Atteln-IDT14453/2011	EPI_ISL_195202	EPI_ISL_195202	EPI_ISL_195202	EPI_ISL_195202	EPI_ISL_195202	EPI_ISL_195202	EPI_ISL_195202	EPI_ISL_195202
A/swine/Germany/Bad-Wunnenberg-Helmern-_IDT14829/2012	EPI_ISL_195203	EPI_ISL_195203	EPI_ISL_195203	EPI_ISL_195203	EPI_ISL_195203	EPI_ISL_195203	EPI_ISL_195203	EPI_ISL_195203
A/swine/Spain/23885/2011	EPI_ISL_195200	EPI_ISL_195200	EPI_ISL_195200	EPI_ISL_195200	EPI_ISL_195200	EPI_ISL_195200	EPI_ISL_195200	EPI_ISL_195200
A/swine/Spain/29403/2012	EPI_ISL_195201	EPI_ISL_195201	EPI_ISL_195201	EPI_ISL_195201	EPI_ISL_195201	EPI_ISL_195201	EPI_ISL_195201	EPI_ISL_195201
A/swine/Italy/245982/2011	EPI_ISL_195207	EPI_ISL_195207	EPI_ISL_195207	EPI_ISL_195207	EPI_ISL_195207	EPI_ISL_195207	EPI_ISL_195207	EPI_ISL_195207
A/swine/Hungary/M3/2010	EPI_ISL_195205	EPI_ISL_195205	EPI_ISL_195205	EPI_ISL_195205	EPI_ISL_195205	EPI_ISL_195205	EPI_ISL_195205	EPI_ISL_195205
A/swine/Belgium/113/2013	EPI_ISL_195210	EPI_ISL_195210	EPI_ISL_195210	EPI_ISL_195210	EPI_ISL_195210	EPI_ISL_195210	EPI_ISL_195210	EPI_ISL_195210
A/swine/Belgium/Glabbeek-284/2012	EPI_ISL_195211	EPI_ISL_195211	EPI_ISL_195211	EPI_ISL_195211	EPI_ISL_195211	EPI_ISL_195211	EPI_ISL_195211	EPI_ISL_195211
A/swine/Germany/Visbek-IDT13347/2011	EPI_ISL_195214	EPI_ISL_195214	EPI_ISL_195214	EPI_ISL_195214	EPI_ISL_195214	EPI_ISL_195214	EPI_ISL_195214	EPI_ISL_195214
A/swine/Germany/Coesfeld-Harle-IDT14741-1/2012	EPI_ISL_195215	EPI_ISL_195215	EPI_ISL_195215	EPI_ISL_195215	EPI_ISL_195215	EPI_ISL_195215	EPI_ISL_195215	EPI_ISL_195215
A/swine/Spain/18512/2011	EPI_ISL_195197	EPI_ISL_195197	EPI_ISL_195197	EPI_ISL_195197	EPI_ISL_195197	EPI_ISL_195197	EPI_ISL_195197	EPI_ISL_195197
A/Swine/Netherlands/GDE0050/2023	EPI_ISL_18802007	EPI_ISL_18802007	EPI_ISL_18802007	EPI_ISL_18802007	EPI_ISL_18802007	EPI_ISL_18802007	EPI_ISL_18802007	EPI_ISL_18802007
A/swine/Northern_Ireland/3016-21/2024	EPI_ISL_19498425	EPI_ISL_19498425	EPI_ISL_19498425	EPI_ISL_19498425	EPI_ISL_19498425	EPI_ISL_19498425	EPI_ISL_19498425	EPI_ISL_19498425
A/swine/Denmark/21-19158-3/2021	EPI_ISL_19751606	EPI_ISL_19751606	EPI_ISL_19751606	EPI_ISL_19751606	EPI_ISL_19751606	EPI_ISL_19751606	EPI_ISL_19751606	EPI_ISL_19751606
A/swine/Italy/401685/2020	EPI_ISL_14766975	EPI_ISL_14766975	EPI_ISL_14766975	EPI_ISL_14766975	EPI_ISL_14766975	EPI_ISL_14766975	EPI_ISL_14766975	EPI_ISL_14766975
A/swine/Italy/35820/2022	EPI_ISL_19644399	EPI_ISL_19644399	EPI_ISL_19644399	EPI_ISL_19644399	EPI_ISL_19644399	EPI_ISL_19644399	EPI_ISL_19644399	EPI_ISL_19644399
A/swine/Sachsen/ST-7/2023	EPI_ISL_19695254	EPI_ISL_19695254	EPI_ISL_19695254	EPI_ISL_19695254	EPI_ISL_19695254	EPI_ISL_19695254	EPI_ISL_19695254	EPI_ISL_19695254
A/swine/Belgorod_region/RII-110-5S/2023	EPI_ISL_18837250	EPI_ISL_18837250	EPI_ISL_18837250	EPI_ISL_18837250	EPI_ISL_18837250	EPI_ISL_18837250	EPI_ISL_18837250	EPI_ISL_18837250
A/swine/Belgorod_region/RII-72-3S/2023	EPI_ISL_18837249	EPI_ISL_18837249	EPI_ISL_18837249	EPI_ISL_18837249	EPI_ISL_18837249	EPI_ISL_18837249	EPI_ISL_18837249	EPI_ISL_18837249
A/swine/Italy/368357/2022	EPI_ISL_20170578	EPI_ISL_20170578	EPI_ISL_20170578	EPI_ISL_20170578	EPI_ISL_20170578	EPI_ISL_20170578	EPI_ISL_20170578	EPI_ISL_20170578
A/swine/Italy/31894-01/2025	EPI_ISL_20170576	EPI_ISL_20170576	EPI_ISL_20170576	EPI_ISL_20170576	EPI_ISL_20170576	EPI_ISL_20170576	EPI_ISL_20170576	EPI_ISL_20170576
A/swine/Italy/44792-01/2025	EPI_ISL_20170583	EPI_ISL_20170583	EPI_ISL_20170583	EPI_ISL_20170583	EPI_ISL_20170583	EPI_ISL_20170583	EPI_ISL_20170583	EPI_ISL_20170583
A/swine/Italy/402446-01/2022	EPI_ISL_20170580	EPI_ISL_20170580	EPI_ISL_20170580	EPI_ISL_20170580	EPI_ISL_20170580	EPI_ISL_20170580	EPI_ISL_20170580	EPI_ISL_20170580
A/swine/Italy/66081/2023	EPI_ISL_20170586	EPI_ISL_20170586	EPI_ISL_20170586	EPI_ISL_20170586	EPI_ISL_20170586	EPI_ISL_20170586	EPI_ISL_20170586	EPI_ISL_20170586
A/swine/Italy/56567-01/2023	EPI_ISL_20170585	EPI_ISL_20170585	EPI_ISL_20170585	EPI_ISL_20170585	EPI_ISL_20170585	EPI_ISL_20170585	EPI_ISL_20170585	EPI_ISL_20170585
A/swine/Italy/53139-01/2025	EPI_ISL_20170584	EPI_ISL_20170584	EPI_ISL_20170584	EPI_ISL_20170584	EPI_ISL_20170584	EPI_ISL_20170584	EPI_ISL_20170584	EPI_ISL_20170584
A/swine/Italy/111522-1/2024	EPI_ISL_20170591	EPI_ISL_20170591	EPI_ISL_20170591	EPI_ISL_20170591	EPI_ISL_20170591	EPI_ISL_20170591	EPI_ISL_20170591	EPI_ISL_20170591
A/swine/Italy/21672-01/2025	EPI_ISL_20170588	EPI_ISL_20170588	EPI_ISL_20170588	EPI_ISL_20170588	EPI_ISL_20170588	EPI_ISL_20170588	EPI_ISL_20170588	EPI_ISL_20170588
A/swine/Italy/29936/2021	EPI_ISL_20170562	EPI_ISL_20170562	EPI_ISL_20170562	EPI_ISL_20170562	EPI_ISL_20170562	EPI_ISL_20170562	EPI_ISL_20170562	EPI_ISL_20170562
A/swine/Italy/310171/2022	EPI_ISL_20170570	EPI_ISL_20170570	EPI_ISL_20170570	EPI_ISL_20170570	EPI_ISL_20170570	EPI_ISL_20170570	EPI_ISL_20170570	EPI_ISL_20170570
A/swine/Italy/31869-01/2025	EPI_ISL_20170574	EPI_ISL_20170574	EPI_ISL_20170574	EPI_ISL_20170574	EPI_ISL_20170574	EPI_ISL_20170574	EPI_ISL_20170574	EPI_ISL_20170574
A/swine/Italy/316552-3/2022	EPI_ISL_20170572	EPI_ISL_20170572	EPI_ISL_20170572	EPI_ISL_20170572	EPI_ISL_20170572	EPI_ISL_20170572	EPI_ISL_20170572	EPI_ISL_20170572
A/swine/Italy/220316/2021	EPI_ISL_20170587	EPI_ISL_20170587	EPI_ISL_20170587	EPI_ISL_20170587	EPI_ISL_20170587	EPI_ISL_20170587	EPI_ISL_20170587	EPI_ISL_20170587
A/swine/Italy/25720/2021	EPI_ISL_20170555	EPI_ISL_20170555	EPI_ISL_20170555	EPI_ISL_20170555	EPI_ISL_20170555	EPI_ISL_20170555	EPI_ISL_20170555	EPI_ISL_20170555
A/swine/Italy/27326-07/2023	EPI_ISL_20170556	EPI_ISL_20170556	EPI_ISL_20170556	EPI_ISL_20170556	EPI_ISL_20170556	EPI_ISL_20170556	EPI_ISL_20170556	EPI_ISL_20170556
A/swine/Leningrad_region/RII-6MS/2023	EPI_ISL_18837262	EPI_ISL_18837262	EPI_ISL_18837262	EPI_ISL_18837262	EPI_ISL_18837262	EPI_ISL_18837262	EPI_ISL_18837262	EPI_ISL_18837262
A/swine/Leningrad_region/RII-5MS/2023	EPI_ISL_18837261	EPI_ISL_18837261	EPI_ISL_18837261	EPI_ISL_18837261	EPI_ISL_18837261	EPI_ISL_18837261	EPI_ISL_18837261	EPI_ISL_18837261
A/swine/Italy/16130/2020	EPI_ISL_14764333	EPI_ISL_14764333	EPI_ISL_14764333	EPI_ISL_14764333	EPI_ISL_14764333	EPI_ISL_14764333	EPI_ISL_14764333	EPI_ISL_14764333
A/swine/Oryol/RII-WD2652S/2025	EPI_ISL_19849419	EPI_ISL_19849419	EPI_ISL_19849419	EPI_ISL_19849419	EPI_ISL_19849419	EPI_ISL_19849419	EPI_ISL_19849419	EPI_ISL_19849419
A/swine/Oryol/RII-WD2651S/2025	EPI_ISL_19849416	EPI_ISL_19849416	EPI_ISL_19849416	EPI_ISL_19849416	EPI_ISL_19849416	EPI_ISL_19849416	EPI_ISL_19849416	EPI_ISL_19849416
A/swine/Italy/105652/2022	EPI_ISL_19644575	EPI_ISL_19644575	EPI_ISL_19644575	EPI_ISL_19644575	EPI_ISL_19644575	EPI_ISL_19644575	EPI_ISL_19644575	EPI_ISL_19644575
A/swine/Spain/F78-2-F/2025	EPI_ISL_20239127	EPI_ISL_20239127	EPI_ISL_20239127	EPI_ISL_20239127	EPI_ISL_20239127	EPI_ISL_20239127	EPI_ISL_20239127	EPI_ISL_20239127
A/swine/Oryol/RII-WD2687S/2025	EPI_ISL_19849433	EPI_ISL_19849433	EPI_ISL_19849433	EPI_ISL_19849433	EPI_ISL_19849433	EPI_ISL_19849433	EPI_ISL_19849433	EPI_ISL_19849433
A/swine/Oryol/RII-WD2686S/2025	EPI_ISL_19849430	EPI_ISL_19849430	EPI_ISL_19849430	EPI_ISL_19849430	EPI_ISL_19849430	EPI_ISL_19849430	EPI_ISL_19849430	EPI_ISL_19849430
A/swine/Italy/308955-3/2021	EPI_ISL_19644587	EPI_ISL_19644587	EPI_ISL_19644587	EPI_ISL_19644587	EPI_ISL_19644587	EPI_ISL_19644587	EPI_ISL_19644587	EPI_ISL_19644587
A/swine/Italy/28507/2020	EPI_ISL_14764385	EPI_ISL_14764385	EPI_ISL_14764385	EPI_ISL_14764385	EPI_ISL_14764385	EPI_ISL_14764385	EPI_ISL_14764385	EPI_ISL_14764385
A/swine/Italy/52743/2021	EPI_ISL_19644546	EPI_ISL_19644546	EPI_ISL_19644546	EPI_ISL_19644546	EPI_ISL_19644546	EPI_ISL_19644546	EPI_ISL_19644546	EPI_ISL_19644546
A/swine/Italy/52824/2021	EPI_ISL_19644544	EPI_ISL_19644544	EPI_ISL_19644544	EPI_ISL_19644544	EPI_ISL_19644544	EPI_ISL_19644544	EPI_ISL_19644544	EPI_ISL_19644544
A/swine/Italy/222094-1/2022	EPI_ISL_19644581	EPI_ISL_19644581	EPI_ISL_19644581	EPI_ISL_19644581	EPI_ISL_19644581	EPI_ISL_19644581	EPI_ISL_19644581	EPI_ISL_19644581
A/swine/Italy/351191/2020	EPI_ISL_14766637	EPI_ISL_14766637	EPI_ISL_14766637	EPI_ISL_14766637	EPI_ISL_14766637	EPI_ISL_14766637	EPI_ISL_14766637	EPI_ISL_14766637
A/swine/Italy/75697/2020	EPI_ISL_14764683	EPI_ISL_14764683	EPI_ISL_14764683	EPI_ISL_14764683	EPI_ISL_14764683	EPI_ISL_14764683	EPI_ISL_14764683	EPI_ISL_14764683
A/swine/Italy/323027/2017	EPI_ISL_14762967	EPI_ISL_14762967	EPI_ISL_14762967	EPI_ISL_14762967	EPI_ISL_14762967	EPI_ISL_14762967	EPI_ISL_14762967	EPI_ISL_14762967
A/swine/Bad_Wuennenberg/14829/2012	EPI_ISL_504506	EPI_ISL_504506	EPI_ISL_504506	EPI_ISL_504506	EPI_ISL_504506	EPI_ISL_504506	EPI_ISL_504506	EPI_ISL_504506
A/swine/Bad_Wuennenberg/14810/2012	EPI_ISL_504505	EPI_ISL_504505	EPI_ISL_504505	EPI_ISL_504505	EPI_ISL_504505	EPI_ISL_504505	EPI_ISL_504505	EPI_ISL_504505
A/swine/Ruethen/14808/2012	EPI_ISL_504504	EPI_ISL_504504	EPI_ISL_504504	EPI_ISL_504504	EPI_ISL_504504	EPI_ISL_504504	EPI_ISL_504504	EPI_ISL_504504
A/swine/Rhede/17728/2013	EPI_ISL_504518	EPI_ISL_504518	EPI_ISL_504518	EPI_ISL_504518	EPI_ISL_504518	EPI_ISL_504518	EPI_ISL_504518	EPI_ISL_504518
A/swine/Bunnik/17685/2013	EPI_ISL_504517	EPI_ISL_504517	EPI_ISL_504517	EPI_ISL_504517	EPI_ISL_504517	EPI_ISL_504517	EPI_ISL_504517	EPI_ISL_504517
A/swine/Telgte/17626/2013	EPI_ISL_504516	EPI_ISL_504516	EPI_ISL_504516	EPI_ISL_504516	EPI_ISL_504516	EPI_ISL_504516	EPI_ISL_504516	EPI_ISL_504516
A/swine/Boitzenborstel/17524/2013	EPI_ISL_504515	EPI_ISL_504515	EPI_ISL_504515	EPI_ISL_504515	EPI_ISL_504515	EPI_ISL_504515	EPI_ISL_504515	EPI_ISL_504515
A/swine/Boesingen/16789/2012	EPI_ISL_504507	EPI_ISL_504507	EPI_ISL_504507	EPI_ISL_504507	EPI_ISL_504507	EPI_ISL_504507	EPI_ISL_504507	EPI_ISL_504507
A/swine/Bad_Wuennenberg/17298/2013	EPI_ISL_504514	EPI_ISL_504514	EPI_ISL_504514	EPI_ISL_504514	EPI_ISL_504514	EPI_ISL_504514	EPI_ISL_504514	EPI_ISL_504514
A/swine/Nottuln/17261/2013	EPI_ISL_504512	EPI_ISL_504512	EPI_ISL_504512	EPI_ISL_504512	EPI_ISL_504512	EPI_ISL_504512	EPI_ISL_504512	EPI_ISL_504512
A/swine/Glandorf/18169/2013	EPI_ISL_504527	EPI_ISL_504527	EPI_ISL_504527	EPI_ISL_504527	EPI_ISL_504527	EPI_ISL_504527	EPI_ISL_504527	EPI_ISL_504527
A/swine/Altenberge/18142/2013	EPI_ISL_504526	EPI_ISL_504526	EPI_ISL_504526	EPI_ISL_504526	EPI_ISL_504526	EPI_ISL_504526	EPI_ISL_504526	EPI_ISL_504526
A/swine/Nordwalde/18134/2013	EPI_ISL_504525	EPI_ISL_504525	EPI_ISL_504525	EPI_ISL_504525	EPI_ISL_504525	EPI_ISL_504525	EPI_ISL_504525	EPI_ISL_504525
A/swine/Molbergen/18109/2013	EPI_ISL_504524	EPI_ISL_504524	EPI_ISL_504524	EPI_ISL_504524	EPI_ISL_504524	EPI_ISL_504524	EPI_ISL_504524	EPI_ISL_504524
A/swine/Nottuln/18090/2013	EPI_ISL_504523	EPI_ISL_504523	EPI_ISL_504523	EPI_ISL_504523	EPI_ISL_504523	EPI_ISL_504523	EPI_ISL_504523	EPI_ISL_504523
A/swine/Nordwalde/18011/2013	EPI_ISL_504522	EPI_ISL_504522	EPI_ISL_504522	EPI_ISL_504522	EPI_ISL_504522	EPI_ISL_504522	EPI_ISL_504522	EPI_ISL_504522
A/swine/Maerschendorf/17986/2013	EPI_ISL_504521	EPI_ISL_504521	EPI_ISL_504521	EPI_ISL_504521	EPI_ISL_504521	EPI_ISL_504521	EPI_ISL_504521	EPI_ISL_504521
A/swine/Telgte/19839/2014	EPI_ISL_504535	EPI_ISL_504535	EPI_ISL_504535	EPI_ISL_504535	EPI_ISL_504535	EPI_ISL_504535	EPI_ISL_504535	EPI_ISL_504535
A/swine/Rietberg/19732/2014	EPI_ISL_504534	EPI_ISL_504534	EPI_ISL_504534	EPI_ISL_504534	EPI_ISL_504534	EPI_ISL_504534	EPI_ISL_504534	EPI_ISL_504534
A/swine/Melle/17290/2013	EPI_ISL_504513	EPI_ISL_504513	EPI_ISL_504513	EPI_ISL_504513	EPI_ISL_504513	EPI_ISL_504513	EPI_ISL_504513	EPI_ISL_504513
A/swine/Warendorf/18914/2013	EPI_ISL_504533	EPI_ISL_504533	EPI_ISL_504533	EPI_ISL_504533	EPI_ISL_504533	EPI_ISL_504533	EPI_ISL_504533	EPI_ISL_504533
A/swine/Salzkotten/17022/2013	EPI_ISL_504508	EPI_ISL_504508	EPI_ISL_504508	EPI_ISL_504508	EPI_ISL_504508	EPI_ISL_504508	EPI_ISL_504508	EPI_ISL_504508
A/swine/Lohne/17104/2013	EPI_ISL_504510	EPI_ISL_504510	EPI_ISL_504510	EPI_ISL_504510	EPI_ISL_504510	EPI_ISL_504510	EPI_ISL_504510	EPI_ISL_504510
A/swine/Ascheberg/13209/2011	EPI_ISL_504491	EPI_ISL_504491	EPI_ISL_504491	EPI_ISL_504491	EPI_ISL_504491	EPI_ISL_504491	EPI_ISL_504491	EPI_ISL_504491
A/swine/Georgsdorf/12866/2011	EPI_ISL_504490	EPI_ISL_504490	EPI_ISL_504490	EPI_ISL_504490	EPI_ISL_504490	EPI_ISL_504490	EPI_ISL_504490	EPI_ISL_504490
A/swine/Lohne/12460/2010	EPI_ISL_504489	EPI_ISL_504489	EPI_ISL_504489	EPI_ISL_504489	EPI_ISL_504489	EPI_ISL_504489	EPI_ISL_504489	EPI_ISL_504489
A/swine/Schoeppingen/12424/2010	EPI_ISL_504488	EPI_ISL_504488	EPI_ISL_504488	EPI_ISL_504488	EPI_ISL_504488	EPI_ISL_504488	EPI_ISL_504488	EPI_ISL_504488
A/swine/Emsbueren/14771/2012	EPI_ISL_504503	EPI_ISL_504503	EPI_ISL_504503	EPI_ISL_504503	EPI_ISL_504503	EPI_ISL_504503	EPI_ISL_504503	EPI_ISL_504503
A/swine/Sprakensehl/14752/2012	EPI_ISL_504502	EPI_ISL_504502	EPI_ISL_504502	EPI_ISL_504502	EPI_ISL_504502	EPI_ISL_504502	EPI_ISL_504502	EPI_ISL_504502
A/swine/Coesfeld/14741-1/2012	EPI_ISL_504501	EPI_ISL_504501	EPI_ISL_504501	EPI_ISL_504501	EPI_ISL_504501	EPI_ISL_504501	EPI_ISL_504501	EPI_ISL_504501
A/swine/Parschalling/17042/2013	EPI_ISL_504509	EPI_ISL_504509	EPI_ISL_504509	EPI_ISL_504509	EPI_ISL_504509	EPI_ISL_504509	EPI_ISL_504509	EPI_ISL_504509
A/swine/Haltern/14710/2012	EPI_ISL_504499	EPI_ISL_504499	EPI_ISL_504499	EPI_ISL_504499	EPI_ISL_504499	EPI_ISL_504499	EPI_ISL_504499	EPI_ISL_504499
A/swine/Atteln/14453/2011	EPI_ISL_504498	EPI_ISL_504498	EPI_ISL_504498	EPI_ISL_504498	EPI_ISL_504498	EPI_ISL_504498	EPI_ISL_504498	EPI_ISL_504498
A/swine/Coesfeld/19499/2014	EPI_ISL_19686298	EPI_ISL_19686298	EPI_ISL_19686298	EPI_ISL_19686298	EPI_ISL_19686298	EPI_ISL_19686298	EPI_ISL_19686298	EPI_ISL_19686298
A/swine/Boesel/14133/2011	EPI_ISL_504497	EPI_ISL_504497	EPI_ISL_504497	EPI_ISL_504497	EPI_ISL_504497	EPI_ISL_504497	EPI_ISL_504497	EPI_ISL_504497
A/swine/Italy/257769/2017	EPI_ISL_14762582	EPI_ISL_14762582	EPI_ISL_14762582	EPI_ISL_14762582	EPI_ISL_14762582	EPI_ISL_14762582	EPI_ISL_14762582	EPI_ISL_14762582
A/swine/Billerbeck/14098/2011	EPI_ISL_504496	EPI_ISL_504496	EPI_ISL_504496	EPI_ISL_504496	EPI_ISL_504496	EPI_ISL_504496	EPI_ISL_504496	EPI_ISL_504496
A/swine/Steinfurt/17118/2013	EPI_ISL_504511	EPI_ISL_504511	EPI_ISL_504511	EPI_ISL_504511	EPI_ISL_504511	EPI_ISL_504511	EPI_ISL_504511	EPI_ISL_504511
A/swine/Steinfurt/14736/2012	EPI_ISL_504500	EPI_ISL_504500	EPI_ISL_504500	EPI_ISL_504500	EPI_ISL_504500	EPI_ISL_504500	EPI_ISL_504500	EPI_ISL_504500
A/swine/Roswinkel/18812/2013	EPI_ISL_504532	EPI_ISL_504532	EPI_ISL_504532	EPI_ISL_504532	EPI_ISL_504532	EPI_ISL_504532	EPI_ISL_504532	EPI_ISL_504532
A/swine/Nordwalde/18569/2013	EPI_ISL_504531	EPI_ISL_504531	EPI_ISL_504531	EPI_ISL_504531	EPI_ISL_504531	EPI_ISL_504531	EPI_ISL_504531	EPI_ISL_504531
A/swine/Stapelfeld/18554/2013	EPI_ISL_504530	EPI_ISL_504530	EPI_ISL_504530	EPI_ISL_504530	EPI_ISL_504530	EPI_ISL_504530	EPI_ISL_504530	EPI_ISL_504530
A/swine/Italy/17-35485-4/2017	EPI_ISL_19698222	EPI_ISL_19698222	EPI_ISL_19698222	EPI_ISL_19698222	EPI_ISL_19698222	EPI_ISL_19698222	EPI_ISL_19698222	EPI_ISL_19698222
A/swine/Nordwalde/18367/2013	EPI_ISL_504529	EPI_ISL_504529	EPI_ISL_504529	EPI_ISL_504529	EPI_ISL_504529	EPI_ISL_504529	EPI_ISL_504529	EPI_ISL_504529
A/swine/Nieheim/18259/2013	EPI_ISL_504528	EPI_ISL_504528	EPI_ISL_504528	EPI_ISL_504528	EPI_ISL_504528	EPI_ISL_504528	EPI_ISL_504528	EPI_ISL_504528
A/swine/Borken/21121/2015	EPI_ISL_504543	EPI_ISL_504543	EPI_ISL_504543	EPI_ISL_504543	EPI_ISL_504543	EPI_ISL_504543	EPI_ISL_504543	EPI_ISL_504543
A/swine/Zevenaar/21030/2014	EPI_ISL_504542	EPI_ISL_504542	EPI_ISL_504542	EPI_ISL_504542	EPI_ISL_504542	EPI_ISL_504542	EPI_ISL_504542	EPI_ISL_504542
A/swine/Goldenstedt/20754/2014	EPI_ISL_504541	EPI_ISL_504541	EPI_ISL_504541	EPI_ISL_504541	EPI_ISL_504541	EPI_ISL_504541	EPI_ISL_504541	EPI_ISL_504541
A/swine/Rhede/20749/2014	EPI_ISL_504540	EPI_ISL_504540	EPI_ISL_504540	EPI_ISL_504540	EPI_ISL_504540	EPI_ISL_504540	EPI_ISL_504540	EPI_ISL_504540
A/swine/Zweiflingen/20028/2014	EPI_ISL_504539	EPI_ISL_504539	EPI_ISL_504539	EPI_ISL_504539	EPI_ISL_504539	EPI_ISL_504539	EPI_ISL_504539	EPI_ISL_504539
A/swine/Telgte/19994/2014	EPI_ISL_504538	EPI_ISL_504538	EPI_ISL_504538	EPI_ISL_504538	EPI_ISL_504538	EPI_ISL_504538	EPI_ISL_504538	EPI_ISL_504538
A/swine/Herzlake/19959/2014	EPI_ISL_504537	EPI_ISL_504537	EPI_ISL_504537	EPI_ISL_504537	EPI_ISL_504537	EPI_ISL_504537	EPI_ISL_504537	EPI_ISL_504537
A/swine/Telgte/19851/2014	EPI_ISL_504536	EPI_ISL_504536	EPI_ISL_504536	EPI_ISL_504536	EPI_ISL_504536	EPI_ISL_504536	EPI_ISL_504536	EPI_ISL_504536
A/swine/Dreierwalde/21715/2015	EPI_ISL_504551	EPI_ISL_504551	EPI_ISL_504551	EPI_ISL_504551	EPI_ISL_504551	EPI_ISL_504551	EPI_ISL_504551	EPI_ISL_504551
A/swine/Friesoythe/21704/2015	EPI_ISL_504550	EPI_ISL_504550	EPI_ISL_504550	EPI_ISL_504550	EPI_ISL_504550	EPI_ISL_504550	EPI_ISL_504550	EPI_ISL_504550
A/swine/Friesoythe/21674/2015	EPI_ISL_504549	EPI_ISL_504549	EPI_ISL_504549	EPI_ISL_504549	EPI_ISL_504549	EPI_ISL_504549	EPI_ISL_504549	EPI_ISL_504549
A/swine/Heiden/21511/2015	EPI_ISL_504548	EPI_ISL_504548	EPI_ISL_504548	EPI_ISL_504548	EPI_ISL_504548	EPI_ISL_504548	EPI_ISL_504548	EPI_ISL_504548
A/swine/Spain/21350/2015	EPI_ISL_504547	EPI_ISL_504547	EPI_ISL_504547	EPI_ISL_504547	EPI_ISL_504547	EPI_ISL_504547	EPI_ISL_504547	EPI_ISL_504547
A/swine/Wielen/21300/2015	EPI_ISL_504546	EPI_ISL_504546	EPI_ISL_504546	EPI_ISL_504546	EPI_ISL_504546	EPI_ISL_504546	EPI_ISL_504546	EPI_ISL_504546
A/swine/Borken/21229/2015	EPI_ISL_504545	EPI_ISL_504545	EPI_ISL_504545	EPI_ISL_504545	EPI_ISL_504545	EPI_ISL_504545	EPI_ISL_504545	EPI_ISL_504545
A/swine/Guenne/21206/2015	EPI_ISL_504544	EPI_ISL_504544	EPI_ISL_504544	EPI_ISL_504544	EPI_ISL_504544	EPI_ISL_504544	EPI_ISL_504544	EPI_ISL_504544
A/swine/Cloppenburg/22418/2015	EPI_ISL_504553	EPI_ISL_504553	EPI_ISL_504553	EPI_ISL_504553	EPI_ISL_504553	EPI_ISL_504553	EPI_ISL_504553	EPI_ISL_504553
A/swine/Rietberg/22412/2015	EPI_ISL_504552	EPI_ISL_504552	EPI_ISL_504552	EPI_ISL_504552	EPI_ISL_504552	EPI_ISL_504552	EPI_ISL_504552	EPI_ISL_504552
A/swine/Netherlands/AR531/2015	EPI_ISL_304045	EPI_ISL_304045	EPI_ISL_304045	EPI_ISL_304045	EPI_ISL_304045	EPI_ISL_304045	EPI_ISL_304045	EPI_ISL_304045
A/swine/Italy/14-99219-4/2014	EPI_ISL_4449160	EPI_ISL_4449160	EPI_ISL_4449160	EPI_ISL_4449160	EPI_ISL_4449160	EPI_ISL_4449160	EPI_ISL_4449160	EPI_ISL_4449160
A/swine/Lohne/13611/2011	EPI_ISL_504492	EPI_ISL_504492	EPI_ISL_504492	EPI_ISL_504492	EPI_ISL_504492	EPI_ISL_504492	EPI_ISL_504492	EPI_ISL_504492
A/swine/Orenburg/RII-17/2014	EPI_ISL_906142	EPI_ISL_906142	EPI_ISL_906142	EPI_ISL_906142	EPI_ISL_906142	EPI_ISL_906142	EPI_ISL_906142	EPI_ISL_906142
A/swine/Orenburg/RII-53/2014	EPI_ISL_906141	EPI_ISL_906141	EPI_ISL_906141	EPI_ISL_906141	EPI_ISL_906141	EPI_ISL_906141	EPI_ISL_906141	EPI_ISL_906141
A/swine/Orenburg/RII-84/2014	EPI_ISL_906140	EPI_ISL_906140	EPI_ISL_906140	EPI_ISL_906140	EPI_ISL_906140	EPI_ISL_906140	EPI_ISL_906140	EPI_ISL_906140
A/swine/Orenburg/RII-19/2014	EPI_ISL_906143	EPI_ISL_906143	EPI_ISL_906143	EPI_ISL_906143	EPI_ISL_906143	EPI_ISL_906143	EPI_ISL_906143	EPI_ISL_906143
A/swine/Hoerstel/13612-1/2011	EPI_ISL_504493	EPI_ISL_504493	EPI_ISL_504493	EPI_ISL_504493	EPI_ISL_504493	EPI_ISL_504493	EPI_ISL_504493	EPI_ISL_504493
A/swine/Haren/13906/2011	EPI_ISL_504495	EPI_ISL_504495	EPI_ISL_504495	EPI_ISL_504495	EPI_ISL_504495	EPI_ISL_504495	EPI_ISL_504495	EPI_ISL_504495
A/swine/Italy/134414/2014	EPI_ISL_278869	EPI_ISL_278869	EPI_ISL_278869	EPI_ISL_278869	EPI_ISL_278869	EPI_ISL_278869	EPI_ISL_278869	EPI_ISL_278869
A/swine/Italy/352498/2013	EPI_ISL_278887	EPI_ISL_278887	EPI_ISL_278887	EPI_ISL_278887	EPI_ISL_278887	EPI_ISL_278887	EPI_ISL_278887	EPI_ISL_278887
A/swine/Italy/341031-3/2014	EPI_ISL_278856	EPI_ISL_278856	EPI_ISL_278856	EPI_ISL_278856	EPI_ISL_278856	EPI_ISL_278856	EPI_ISL_278856	EPI_ISL_278856
A/swine/Italy/348315/2014	EPI_ISL_278857	EPI_ISL_278857	EPI_ISL_278857	EPI_ISL_278857	EPI_ISL_278857	EPI_ISL_278857	EPI_ISL_278857	EPI_ISL_278857
A/swine/Italy/282852/2013	EPI_ISL_278909	EPI_ISL_278909	EPI_ISL_278909	EPI_ISL_278909	EPI_ISL_278909	EPI_ISL_278909	EPI_ISL_278909	EPI_ISL_278909
A/swine/Italy/100176-1/2013	EPI_ISL_278917	EPI_ISL_278917	EPI_ISL_278917	EPI_ISL_278917	EPI_ISL_278917	EPI_ISL_278917	EPI_ISL_278917	EPI_ISL_278917
A/swine/Italy/337155/2012	EPI_ISL_278913	EPI_ISL_278913	EPI_ISL_278913	EPI_ISL_278913	EPI_ISL_278913	EPI_ISL_278913	EPI_ISL_278913	EPI_ISL_278913
A/swine/Italy/13602/2013	EPI_ISL_278914	EPI_ISL_278914	EPI_ISL_278914	EPI_ISL_278914	EPI_ISL_278914	EPI_ISL_278914	EPI_ISL_278914	EPI_ISL_278914
A/swine/Italy/319159-3/2010	EPI_ISL_278920	EPI_ISL_278920	EPI_ISL_278920	EPI_ISL_278920	EPI_ISL_278920	EPI_ISL_278920	EPI_ISL_278920	EPI_ISL_278920
A/swine/Italy/171855/2011	EPI_ISL_278922	EPI_ISL_278922	EPI_ISL_278922	EPI_ISL_278922	EPI_ISL_278922	EPI_ISL_278922	EPI_ISL_278922	EPI_ISL_278922
A/swine/Italy/133457-2/2014	EPI_ISL_278883	EPI_ISL_278883	EPI_ISL_278883	EPI_ISL_278883	EPI_ISL_278883	EPI_ISL_278883	EPI_ISL_278883	EPI_ISL_278883
A/swine/Italy/61352/2014	EPI_ISL_278894	EPI_ISL_278894	EPI_ISL_278894	EPI_ISL_278894	EPI_ISL_278894	EPI_ISL_278894	EPI_ISL_278894	EPI_ISL_278894
A/swine/Italy/23870/2014	EPI_ISL_278889	EPI_ISL_278889	EPI_ISL_278889	EPI_ISL_278889	EPI_ISL_278889	EPI_ISL_278889	EPI_ISL_278889	EPI_ISL_278889
A/swine/Italy/340032/2013	EPI_ISL_278900	EPI_ISL_278900	EPI_ISL_278900	EPI_ISL_278900	EPI_ISL_278900	EPI_ISL_278900	EPI_ISL_278900	EPI_ISL_278900
A/swine/Italy/23398/2015	EPI_ISL_278848	EPI_ISL_278848	EPI_ISL_278848	EPI_ISL_278848	EPI_ISL_278848	EPI_ISL_278848	EPI_ISL_278848	EPI_ISL_278848
A/swine/Italy/226022/2019	EPI_ISL_14749697	EPI_ISL_14749697	EPI_ISL_14749697	EPI_ISL_14749697	EPI_ISL_14749697	EPI_ISL_14749697	EPI_ISL_14749697	EPI_ISL_14749697
A/swine/Italy/211295/2019	EPI_ISL_14749698	EPI_ISL_14749698	EPI_ISL_14749698	EPI_ISL_14749698	EPI_ISL_14749698	EPI_ISL_14749698	EPI_ISL_14749698	EPI_ISL_14749698
A/swine/Italy/248147-8/2015	EPI_ISL_278827	EPI_ISL_278827	EPI_ISL_278827	EPI_ISL_278827	EPI_ISL_278827	EPI_ISL_278827	EPI_ISL_278827	EPI_ISL_278827
A/swine/Italy/1103/2015	EPI_ISL_278844	EPI_ISL_278844	EPI_ISL_278844	EPI_ISL_278844	EPI_ISL_278844	EPI_ISL_278844	EPI_ISL_278844	EPI_ISL_278844
A/swine/Italy/240849/2015	EPI_ISL_278826	EPI_ISL_278826	EPI_ISL_278826	EPI_ISL_278826	EPI_ISL_278826	EPI_ISL_278826	EPI_ISL_278826	EPI_ISL_278826
A/swine/Italy/17234/2015	EPI_ISL_278847	EPI_ISL_278847	EPI_ISL_278847	EPI_ISL_278847	EPI_ISL_278847	EPI_ISL_278847	EPI_ISL_278847	EPI_ISL_278847
A/swine/Italy/358481-1/2014	EPI_ISL_278841	EPI_ISL_278841	EPI_ISL_278841	EPI_ISL_278841	EPI_ISL_278841	EPI_ISL_278841	EPI_ISL_278841	EPI_ISL_278841
A/swine/Italy/359582-2/2014	EPI_ISL_278842	EPI_ISL_278842	EPI_ISL_278842	EPI_ISL_278842	EPI_ISL_278842	EPI_ISL_278842	EPI_ISL_278842	EPI_ISL_278842
A/swine/Italy/359814/2014	EPI_ISL_278843	EPI_ISL_278843	EPI_ISL_278843	EPI_ISL_278843	EPI_ISL_278843	EPI_ISL_278843	EPI_ISL_278843	EPI_ISL_278843
A/swine/Italy/335254/2014	EPI_ISL_278855	EPI_ISL_278855	EPI_ISL_278855	EPI_ISL_278855	EPI_ISL_278855	EPI_ISL_278855	EPI_ISL_278855	EPI_ISL_278855
A/swine/Italy/229049/2015	EPI_ISL_278824	EPI_ISL_278824	EPI_ISL_278824	EPI_ISL_278824	EPI_ISL_278824	EPI_ISL_278824	EPI_ISL_278824	EPI_ISL_278824
A/swine/Italy/181249/2019	EPI_ISL_14749705	EPI_ISL_14749705	EPI_ISL_14749705	EPI_ISL_14749705	EPI_ISL_14749705	EPI_ISL_14749705	EPI_ISL_14749705	EPI_ISL_14749705
A/swine/Italy/18087/2019	EPI_ISL_14749706	EPI_ISL_14749706	EPI_ISL_14749706	EPI_ISL_14749706	EPI_ISL_14749706	EPI_ISL_14749706	EPI_ISL_14749706	EPI_ISL_14749706
A/swine/Italy/147972/2019	EPI_ISL_14749710	EPI_ISL_14749710	EPI_ISL_14749710	EPI_ISL_14749710	EPI_ISL_14749710	EPI_ISL_14749710	EPI_ISL_14749710	EPI_ISL_14749710
A/swine/Italy/128572/2019	EPI_ISL_14749712	EPI_ISL_14749712	EPI_ISL_14749712	EPI_ISL_14749712	EPI_ISL_14749712	EPI_ISL_14749712	EPI_ISL_14749712	EPI_ISL_14749712
A/swine/Italy/115472/2019	EPI_ISL_14749717	EPI_ISL_14749717	EPI_ISL_14749717	EPI_ISL_14749717	EPI_ISL_14749717	EPI_ISL_14749717	EPI_ISL_14749717	EPI_ISL_14749717
A/swine/Italy/115269/2019	EPI_ISL_14749718	EPI_ISL_14749718	EPI_ISL_14749718	EPI_ISL_14749718	EPI_ISL_14749718	EPI_ISL_14749718	EPI_ISL_14749718	EPI_ISL_14749718
A/swine/Heiden/5945/2007	EPI_ISL_504418	EPI_ISL_504418	EPI_ISL_504418	EPI_ISL_504418	EPI_ISL_504418	EPI_ISL_504418	EPI_ISL_504418	EPI_ISL_504418
A/swine/Herford/5932/2007	EPI_ISL_504417	EPI_ISL_504417	EPI_ISL_504417	EPI_ISL_504417	EPI_ISL_504417	EPI_ISL_504417	EPI_ISL_504417	EPI_ISL_504417
A/swine/Gnas/5926/2007	EPI_ISL_504416	EPI_ISL_504416	EPI_ISL_504416	EPI_ISL_504416	EPI_ISL_504416	EPI_ISL_504416	EPI_ISL_504416	EPI_ISL_504416
A/swine/Spenge/6671a/2007	EPI_ISL_504431	EPI_ISL_504431	EPI_ISL_504431	EPI_ISL_504431	EPI_ISL_504431	EPI_ISL_504431	EPI_ISL_504431	EPI_ISL_504431
A/swine/Warendorf/6639a/2007	EPI_ISL_504430	EPI_ISL_504430	EPI_ISL_504430	EPI_ISL_504430	EPI_ISL_504430	EPI_ISL_504430	EPI_ISL_504430	EPI_ISL_504430
A/swine/Balge/6607/2007	EPI_ISL_504429	EPI_ISL_504429	EPI_ISL_504429	EPI_ISL_504429	EPI_ISL_504429	EPI_ISL_504429	EPI_ISL_504429	EPI_ISL_504429
A/swine/Feldbach/6605/2007	EPI_ISL_504428	EPI_ISL_504428	EPI_ISL_504428	EPI_ISL_504428	EPI_ISL_504428	EPI_ISL_504428	EPI_ISL_504428	EPI_ISL_504428
A/swine/Doerentrup/6485/2007	EPI_ISL_504427	EPI_ISL_504427	EPI_ISL_504427	EPI_ISL_504427	EPI_ISL_504427	EPI_ISL_504427	EPI_ISL_504427	EPI_ISL_504427
A/swine/Georgsmarienhuette/6391/2007	EPI_ISL_504426	EPI_ISL_504426	EPI_ISL_504426	EPI_ISL_504426	EPI_ISL_504426	EPI_ISL_504426	EPI_ISL_504426	EPI_ISL_504426
A/swine/Holzwickede/6367a/2007	EPI_ISL_504425	EPI_ISL_504425	EPI_ISL_504425	EPI_ISL_504425	EPI_ISL_504425	EPI_ISL_504425	EPI_ISL_504425	EPI_ISL_504425
A/swine/Rinkerode/5967/2007	EPI_ISL_504419	EPI_ISL_504419	EPI_ISL_504419	EPI_ISL_504419	EPI_ISL_504419	EPI_ISL_504419	EPI_ISL_504419	EPI_ISL_504419
A/swine/Neuenrade/6259/2007	EPI_ISL_504424	EPI_ISL_504424	EPI_ISL_504424	EPI_ISL_504424	EPI_ISL_504424	EPI_ISL_504424	EPI_ISL_504424	EPI_ISL_504424
A/swine/Brakel/6890/2008	EPI_ISL_504438	EPI_ISL_504438	EPI_ISL_504438	EPI_ISL_504438	EPI_ISL_504438	EPI_ISL_504438	EPI_ISL_504438	EPI_ISL_504438
A/swine/Bielefeld/6851/2008	EPI_ISL_504437	EPI_ISL_504437	EPI_ISL_504437	EPI_ISL_504437	EPI_ISL_504437	EPI_ISL_504437	EPI_ISL_504437	EPI_ISL_504437
A/swine/Meschede/6850/2008	EPI_ISL_504436	EPI_ISL_504436	EPI_ISL_504436	EPI_ISL_504436	EPI_ISL_504436	EPI_ISL_504436	EPI_ISL_504436	EPI_ISL_504436
A/swine/Oelsen/6809/2008	EPI_ISL_504435	EPI_ISL_504435	EPI_ISL_504435	EPI_ISL_504435	EPI_ISL_504435	EPI_ISL_504435	EPI_ISL_504435	EPI_ISL_504435
A/swine/Roehrse/6764/2008	EPI_ISL_504434	EPI_ISL_504434	EPI_ISL_504434	EPI_ISL_504434	EPI_ISL_504434	EPI_ISL_504434	EPI_ISL_504434	EPI_ISL_504434
A/swine/Warendorf/6727/2007	EPI_ISL_504433	EPI_ISL_504433	EPI_ISL_504433	EPI_ISL_504433	EPI_ISL_504433	EPI_ISL_504433	EPI_ISL_504433	EPI_ISL_504433
A/swine/Isterberg/6682/2007	EPI_ISL_504432	EPI_ISL_504432	EPI_ISL_504432	EPI_ISL_504432	EPI_ISL_504432	EPI_ISL_504432	EPI_ISL_504432	EPI_ISL_504432
A/swine/Bueren/6971-2/2008	EPI_ISL_504447	EPI_ISL_504447	EPI_ISL_504447	EPI_ISL_504447	EPI_ISL_504447	EPI_ISL_504447	EPI_ISL_504447	EPI_ISL_504447
A/swine/Bueren/6971-1/2008	EPI_ISL_504446	EPI_ISL_504446	EPI_ISL_504446	EPI_ISL_504446	EPI_ISL_504446	EPI_ISL_504446	EPI_ISL_504446	EPI_ISL_504446
A/swine/Marsberg/6947/2008	EPI_ISL_504445	EPI_ISL_504445	EPI_ISL_504445	EPI_ISL_504445	EPI_ISL_504445	EPI_ISL_504445	EPI_ISL_504445	EPI_ISL_504445
A/swine/Reken/6891-4/2008	EPI_ISL_504439	EPI_ISL_504439	EPI_ISL_504439	EPI_ISL_504439	EPI_ISL_504439	EPI_ISL_504439	EPI_ISL_504439	EPI_ISL_504439
A/swine/Melle/6908/2008	EPI_ISL_504444	EPI_ISL_504444	EPI_ISL_504444	EPI_ISL_504444	EPI_ISL_504444	EPI_ISL_504444	EPI_ISL_504444	EPI_ISL_504444
A/swine/Melle/6137/2007	EPI_ISL_504421	EPI_ISL_504421	EPI_ISL_504421	EPI_ISL_504421	EPI_ISL_504421	EPI_ISL_504421	EPI_ISL_504421	EPI_ISL_504421
A/swine/Vreden/6235/2007	EPI_ISL_504423	EPI_ISL_504423	EPI_ISL_504423	EPI_ISL_504423	EPI_ISL_504423	EPI_ISL_504423	EPI_ISL_504423	EPI_ISL_504423
A/swine/Salzkotten/5275/2006	EPI_ISL_504398	EPI_ISL_504398	EPI_ISL_504398	EPI_ISL_504398	EPI_ISL_504398	EPI_ISL_504398	EPI_ISL_504398	EPI_ISL_504398
A/swine/Nienburg/5208/2006	EPI_ISL_504397	EPI_ISL_504397	EPI_ISL_504397	EPI_ISL_504397	EPI_ISL_504397	EPI_ISL_504397	EPI_ISL_504397	EPI_ISL_504397
A/swine/Gescher/5194/2006	EPI_ISL_504396	EPI_ISL_504396	EPI_ISL_504396	EPI_ISL_504396	EPI_ISL_504396	EPI_ISL_504396	EPI_ISL_504396	EPI_ISL_504396
A/swine/Melle/5190/2006	EPI_ISL_504395	EPI_ISL_504395	EPI_ISL_504395	EPI_ISL_504395	EPI_ISL_504395	EPI_ISL_504395	EPI_ISL_504395	EPI_ISL_504395
A/swine/Bad_Rothenfelde/5179/2006	EPI_ISL_504394	EPI_ISL_504394	EPI_ISL_504394	EPI_ISL_504394	EPI_ISL_504394	EPI_ISL_504394	EPI_ISL_504394	EPI_ISL_504394
A/swine/Hilter/5143/2006	EPI_ISL_504393	EPI_ISL_504393	EPI_ISL_504393	EPI_ISL_504393	EPI_ISL_504393	EPI_ISL_504393	EPI_ISL_504393	EPI_ISL_504393
A/swine/Spenge/5117/2006	EPI_ISL_504392	EPI_ISL_504392	EPI_ISL_504392	EPI_ISL_504392	EPI_ISL_504392	EPI_ISL_504392	EPI_ISL_504392	EPI_ISL_504392
A/swine/Papenburg/5564/2006	EPI_ISL_504407	EPI_ISL_504407	EPI_ISL_504407	EPI_ISL_504407	EPI_ISL_504407	EPI_ISL_504407	EPI_ISL_504407	EPI_ISL_504407
A/swine/Italy/280086/2017	EPI_ISL_14762672	EPI_ISL_14762672	EPI_ISL_14762672	EPI_ISL_14762672	EPI_ISL_14762672	EPI_ISL_14762672	EPI_ISL_14762672	EPI_ISL_14762672
A/swine/Raddestorf/5483/2006	EPI_ISL_504406	EPI_ISL_504406	EPI_ISL_504406	EPI_ISL_504406	EPI_ISL_504406	EPI_ISL_504406	EPI_ISL_504406	EPI_ISL_504406
A/swine/Friedberg/6140/2007	EPI_ISL_504422	EPI_ISL_504422	EPI_ISL_504422	EPI_ISL_504422	EPI_ISL_504422	EPI_ISL_504422	EPI_ISL_504422	EPI_ISL_504422
A/swine/Erwitte/5477/2006	EPI_ISL_504405	EPI_ISL_504405	EPI_ISL_504405	EPI_ISL_504405	EPI_ISL_504405	EPI_ISL_504405	EPI_ISL_504405	EPI_ISL_504405
A/swine/Bueren/5439/2006	EPI_ISL_504403	EPI_ISL_504403	EPI_ISL_504403	EPI_ISL_504403	EPI_ISL_504403	EPI_ISL_504403	EPI_ISL_504403	EPI_ISL_504403
A/swine/Osterhofen/5418/2006	EPI_ISL_504402	EPI_ISL_504402	EPI_ISL_504402	EPI_ISL_504402	EPI_ISL_504402	EPI_ISL_504402	EPI_ISL_504402	EPI_ISL_504402
A/swine/IVD/5911/2007	EPI_ISL_504415	EPI_ISL_504415	EPI_ISL_504415	EPI_ISL_504415	EPI_ISL_504415	EPI_ISL_504415	EPI_ISL_504415	EPI_ISL_504415
A/swine/Feldbach/5907/2007	EPI_ISL_504414	EPI_ISL_504414	EPI_ISL_504414	EPI_ISL_504414	EPI_ISL_504414	EPI_ISL_504414	EPI_ISL_504414	EPI_ISL_504414
A/swine/Rotthalmuenster/5877/2007	EPI_ISL_504413	EPI_ISL_504413	EPI_ISL_504413	EPI_ISL_504413	EPI_ISL_504413	EPI_ISL_504413	EPI_ISL_504413	EPI_ISL_504413
A/swine/Vilsbiburg/5735/2006	EPI_ISL_504412	EPI_ISL_504412	EPI_ISL_504412	EPI_ISL_504412	EPI_ISL_504412	EPI_ISL_504412	EPI_ISL_504412	EPI_ISL_504412
A/swine/Vilsbiburg/5733/2006	EPI_ISL_504411	EPI_ISL_504411	EPI_ISL_504411	EPI_ISL_504411	EPI_ISL_504411	EPI_ISL_504411	EPI_ISL_504411	EPI_ISL_504411
A/swine/Reken/5731/2006	EPI_ISL_504410	EPI_ISL_504410	EPI_ISL_504410	EPI_ISL_504410	EPI_ISL_504410	EPI_ISL_504410	EPI_ISL_504410	EPI_ISL_504410
A/swine/Reken/5580/2006	EPI_ISL_504409	EPI_ISL_504409	EPI_ISL_504409	EPI_ISL_504409	EPI_ISL_504409	EPI_ISL_504409	EPI_ISL_504409	EPI_ISL_504409
A/swine/Stadtlohn/5570/2006	EPI_ISL_504408	EPI_ISL_504408	EPI_ISL_504408	EPI_ISL_504408	EPI_ISL_504408	EPI_ISL_504408	EPI_ISL_504408	EPI_ISL_504408
A/swine/Harmstrub/5445/2006	EPI_ISL_504404	EPI_ISL_504404	EPI_ISL_504404	EPI_ISL_504404	EPI_ISL_504404	EPI_ISL_504404	EPI_ISL_504404	EPI_ISL_504404
A/swine/Ostbevern/6907/2008	EPI_ISL_504443	EPI_ISL_504443	EPI_ISL_504443	EPI_ISL_504443	EPI_ISL_504443	EPI_ISL_504443	EPI_ISL_504443	EPI_ISL_504443
A/swine/Nienburg/6906/2008	EPI_ISL_504442	EPI_ISL_504442	EPI_ISL_504442	EPI_ISL_504442	EPI_ISL_504442	EPI_ISL_504442	EPI_ISL_504442	EPI_ISL_504442
A/swine/Stemwede/8583/2009	EPI_ISL_504469	EPI_ISL_504469	EPI_ISL_504469	EPI_ISL_504469	EPI_ISL_504469	EPI_ISL_504469	EPI_ISL_504469	EPI_ISL_504469
A/swine/Sassenberg/8395-1/2008	EPI_ISL_504468	EPI_ISL_504468	EPI_ISL_504468	EPI_ISL_504468	EPI_ISL_504468	EPI_ISL_504468	EPI_ISL_504468	EPI_ISL_504468
A/swine/Goldenstedt/8310a/2008	EPI_ISL_504467	EPI_ISL_504467	EPI_ISL_504467	EPI_ISL_504467	EPI_ISL_504467	EPI_ISL_504467	EPI_ISL_504467	EPI_ISL_504467
A/swine/Damme/8154/2008	EPI_ISL_504466	EPI_ISL_504466	EPI_ISL_504466	EPI_ISL_504466	EPI_ISL_504466	EPI_ISL_504466	EPI_ISL_504466	EPI_ISL_504466
A/swine/Iserlohn/8153/2008	EPI_ISL_504465	EPI_ISL_504465	EPI_ISL_504465	EPI_ISL_504465	EPI_ISL_504465	EPI_ISL_504465	EPI_ISL_504465	EPI_ISL_504465
A/swine/Borgentreich/8083/2008	EPI_ISL_504464	EPI_ISL_504464	EPI_ISL_504464	EPI_ISL_504464	EPI_ISL_504464	EPI_ISL_504464	EPI_ISL_504464	EPI_ISL_504464
A/swine/Telgte/10014/2009	EPI_ISL_504479	EPI_ISL_504479	EPI_ISL_504479	EPI_ISL_504479	EPI_ISL_504479	EPI_ISL_504479	EPI_ISL_504479	EPI_ISL_504479
A/swine/Kevelaer/9939/2009	EPI_ISL_504478	EPI_ISL_504478	EPI_ISL_504478	EPI_ISL_504478	EPI_ISL_504478	EPI_ISL_504478	EPI_ISL_504478	EPI_ISL_504478
A/swine/Lohne/9719a/2009	EPI_ISL_504477	EPI_ISL_504477	EPI_ISL_504477	EPI_ISL_504477	EPI_ISL_504477	EPI_ISL_504477	EPI_ISL_504477	EPI_ISL_504477
A/swine/Tetenbuell/9718/2009	EPI_ISL_504476	EPI_ISL_504476	EPI_ISL_504476	EPI_ISL_504476	EPI_ISL_504476	EPI_ISL_504476	EPI_ISL_504476	EPI_ISL_504476
A/swine/Spenge/8584/2009	EPI_ISL_504470	EPI_ISL_504470	EPI_ISL_504470	EPI_ISL_504470	EPI_ISL_504470	EPI_ISL_504470	EPI_ISL_504470	EPI_ISL_504470
A/swine/Deinstedt/9695/2009	EPI_ISL_504475	EPI_ISL_504475	EPI_ISL_504475	EPI_ISL_504475	EPI_ISL_504475	EPI_ISL_504475	EPI_ISL_504475	EPI_ISL_504475
A/swine/Garrel/9093/2009	EPI_ISL_504473	EPI_ISL_504473	EPI_ISL_504473	EPI_ISL_504473	EPI_ISL_504473	EPI_ISL_504473	EPI_ISL_504473	EPI_ISL_504473
A/swine/Warstein/9037/2009	EPI_ISL_504472	EPI_ISL_504472	EPI_ISL_504472	EPI_ISL_504472	EPI_ISL_504472	EPI_ISL_504472	EPI_ISL_504472	EPI_ISL_504472
A/swine/Friesoythe/12219/2010	EPI_ISL_504487	EPI_ISL_504487	EPI_ISL_504487	EPI_ISL_504487	EPI_ISL_504487	EPI_ISL_504487	EPI_ISL_504487	EPI_ISL_504487
A/swine/Borken/11902/2010	EPI_ISL_504486	EPI_ISL_504486	EPI_ISL_504486	EPI_ISL_504486	EPI_ISL_504486	EPI_ISL_504486	EPI_ISL_504486	EPI_ISL_504486
A/swine/Boesel/11289/2010	EPI_ISL_504485	EPI_ISL_504485	EPI_ISL_504485	EPI_ISL_504485	EPI_ISL_504485	EPI_ISL_504485	EPI_ISL_504485	EPI_ISL_504485
A/swine/Sendenhorst/10745a/2009	EPI_ISL_504484	EPI_ISL_504484	EPI_ISL_504484	EPI_ISL_504484	EPI_ISL_504484	EPI_ISL_504484	EPI_ISL_504484	EPI_ISL_504484
A/swine/Warendorf/10670/2009	EPI_ISL_504483	EPI_ISL_504483	EPI_ISL_504483	EPI_ISL_504483	EPI_ISL_504483	EPI_ISL_504483	EPI_ISL_504483	EPI_ISL_504483
A/swine/Warendorf/10669/2009	EPI_ISL_504482	EPI_ISL_504482	EPI_ISL_504482	EPI_ISL_504482	EPI_ISL_504482	EPI_ISL_504482	EPI_ISL_504482	EPI_ISL_504482
A/swine/Bottrop/10478a/2009	EPI_ISL_504481	EPI_ISL_504481	EPI_ISL_504481	EPI_ISL_504481	EPI_ISL_504481	EPI_ISL_504481	EPI_ISL_504481	EPI_ISL_504481
A/swine/Westerstede/10029/2009	EPI_ISL_504480	EPI_ISL_504480	EPI_ISL_504480	EPI_ISL_504480	EPI_ISL_504480	EPI_ISL_504480	EPI_ISL_504480	EPI_ISL_504480
A/swine/Willebadessen/9666/2009	EPI_ISL_504474	EPI_ISL_504474	EPI_ISL_504474	EPI_ISL_504474	EPI_ISL_504474	EPI_ISL_504474	EPI_ISL_504474	EPI_ISL_504474
A/swine/Enger/8648/2009	EPI_ISL_504471	EPI_ISL_504471	EPI_ISL_504471	EPI_ISL_504471	EPI_ISL_504471	EPI_ISL_504471	EPI_ISL_504471	EPI_ISL_504471
A/swine/Paderborn/7588/2008	EPI_ISL_504456	EPI_ISL_504456	EPI_ISL_504456	EPI_ISL_504456	EPI_ISL_504456	EPI_ISL_504456	EPI_ISL_504456	EPI_ISL_504456
A/swine/Hungary/13509/2007	EPI_ISL_29309	EPI_ISL_29309	EPI_ISL_29309	EPI_ISL_29309	EPI_ISL_29309	EPI_ISL_29309	EPI_ISL_29309	EPI_ISL_29309
A/swine/Nordkirchen/6904/2008	EPI_ISL_504441	EPI_ISL_504441	EPI_ISL_504441	EPI_ISL_504441	EPI_ISL_504441	EPI_ISL_504441	EPI_ISL_504441	EPI_ISL_504441
A/swine/Reken/6891-5/2008	EPI_ISL_504440	EPI_ISL_504440	EPI_ISL_504440	EPI_ISL_504440	EPI_ISL_504440	EPI_ISL_504440	EPI_ISL_504440	EPI_ISL_504440
A/swine/Freren/7424/2008	EPI_ISL_504455	EPI_ISL_504455	EPI_ISL_504455	EPI_ISL_504455	EPI_ISL_504455	EPI_ISL_504455	EPI_ISL_504455	EPI_ISL_504455
A/swine/Bad_Wuennenberg/7188/2008	EPI_ISL_504454	EPI_ISL_504454	EPI_ISL_504454	EPI_ISL_504454	EPI_ISL_504454	EPI_ISL_504454	EPI_ISL_504454	EPI_ISL_504454
A/swine/Bad_Griesbach/7186/2008	EPI_ISL_504453	EPI_ISL_504453	EPI_ISL_504453	EPI_ISL_504453	EPI_ISL_504453	EPI_ISL_504453	EPI_ISL_504453	EPI_ISL_504453
A/swine/Vreden/7175-1/2008	EPI_ISL_504452	EPI_ISL_504452	EPI_ISL_504452	EPI_ISL_504452	EPI_ISL_504452	EPI_ISL_504452	EPI_ISL_504452	EPI_ISL_504452
A/swine/Ruethen/7174/2008	EPI_ISL_504451	EPI_ISL_504451	EPI_ISL_504451	EPI_ISL_504451	EPI_ISL_504451	EPI_ISL_504451	EPI_ISL_504451	EPI_ISL_504451
A/swine/Langen/7124/2008	EPI_ISL_504450	EPI_ISL_504450	EPI_ISL_504450	EPI_ISL_504450	EPI_ISL_504450	EPI_ISL_504450	EPI_ISL_504450	EPI_ISL_504450
A/swine/Vreden/7123/2008	EPI_ISL_504449	EPI_ISL_504449	EPI_ISL_504449	EPI_ISL_504449	EPI_ISL_504449	EPI_ISL_504449	EPI_ISL_504449	EPI_ISL_504449
A/swine/Langen/7114/2008	EPI_ISL_504448	EPI_ISL_504448	EPI_ISL_504448	EPI_ISL_504448	EPI_ISL_504448	EPI_ISL_504448	EPI_ISL_504448	EPI_ISL_504448
A/swine/Ostenfelde/8082/2008	EPI_ISL_504463	EPI_ISL_504463	EPI_ISL_504463	EPI_ISL_504463	EPI_ISL_504463	EPI_ISL_504463	EPI_ISL_504463	EPI_ISL_504463
A/swine/Sassenberg/7957/2008	EPI_ISL_504462	EPI_ISL_504462	EPI_ISL_504462	EPI_ISL_504462	EPI_ISL_504462	EPI_ISL_504462	EPI_ISL_504462	EPI_ISL_504462
A/swine/Rheine/7912a/2008	EPI_ISL_504461	EPI_ISL_504461	EPI_ISL_504461	EPI_ISL_504461	EPI_ISL_504461	EPI_ISL_504461	EPI_ISL_504461	EPI_ISL_504461
A/swine/Wiefelstede/7905/2008	EPI_ISL_504460	EPI_ISL_504460	EPI_ISL_504460	EPI_ISL_504460	EPI_ISL_504460	EPI_ISL_504460	EPI_ISL_504460	EPI_ISL_504460
A/swine/Drensteinfurt/7825/2008	EPI_ISL_504459	EPI_ISL_504459	EPI_ISL_504459	EPI_ISL_504459	EPI_ISL_504459	EPI_ISL_504459	EPI_ISL_504459	EPI_ISL_504459
A/swine/Vreden/7613-2/2008	EPI_ISL_504458	EPI_ISL_504458	EPI_ISL_504458	EPI_ISL_504458	EPI_ISL_504458	EPI_ISL_504458	EPI_ISL_504458	EPI_ISL_504458
A/swine/Vreden/7613-1/2008	EPI_ISL_504457	EPI_ISL_504457	EPI_ISL_504457	EPI_ISL_504457	EPI_ISL_504457	EPI_ISL_504457	EPI_ISL_504457	EPI_ISL_504457
A/swine/Schnaitsee/4700/2005	EPI_ISL_504384	EPI_ISL_504384	EPI_ISL_504384	EPI_ISL_504384	EPI_ISL_504384	EPI_ISL_504384	EPI_ISL_504384	EPI_ISL_504384
A/swine/Hoerstel/13612-2/2011	EPI_ISL_504494	EPI_ISL_504494	EPI_ISL_504494	EPI_ISL_504494	EPI_ISL_504494	EPI_ISL_504494	EPI_ISL_504494	EPI_ISL_504494
A/swine/Welver/4701/2005	EPI_ISL_504385	EPI_ISL_504385	EPI_ISL_504385	EPI_ISL_504385	EPI_ISL_504385	EPI_ISL_504385	EPI_ISL_504385	EPI_ISL_504385
A/swine/Kirchham/4778/2005	EPI_ISL_504387	EPI_ISL_504387	EPI_ISL_504387	EPI_ISL_504387	EPI_ISL_504387	EPI_ISL_504387	EPI_ISL_504387	EPI_ISL_504387
A/swine/Italy/116840-2/2010	EPI_ISL_278972	EPI_ISL_278972	EPI_ISL_278972	EPI_ISL_278972	EPI_ISL_278972	EPI_ISL_278972	EPI_ISL_278972	EPI_ISL_278972
A/swine/Italy/716/2006	EPI_ISL_19718295	EPI_ISL_19718295	EPI_ISL_19718295	EPI_ISL_19718295	EPI_ISL_19718295	EPI_ISL_19718295	EPI_ISL_19718295	EPI_ISL_19718295
A/swine/Bissendorf/IDT1864/03	EPI_ISL_29102	EPI_ISL_29102	EPI_ISL_29102	EPI_ISL_29102	EPI_ISL_29102	EPI_ISL_29102	EPI_ISL_29102	EPI_ISL_29102
A/swine/Hannover/3906/2005	EPI_ISL_504360	EPI_ISL_504360	EPI_ISL_504360	EPI_ISL_504360	EPI_ISL_504360	EPI_ISL_504360	EPI_ISL_504360	EPI_ISL_504360
A/swine/Herzebrock-Clarholz/4193/2005	EPI_ISL_504374	EPI_ISL_504374	EPI_ISL_504374	EPI_ISL_504374	EPI_ISL_504374	EPI_ISL_504374	EPI_ISL_504374	EPI_ISL_504374
A/swine/Rhede/4098/2005	EPI_ISL_504370	EPI_ISL_504370	EPI_ISL_504370	EPI_ISL_504370	EPI_ISL_504370	EPI_ISL_504370	EPI_ISL_504370	EPI_ISL_504370
A/swine/Damme/4091/2005	EPI_ISL_504369	EPI_ISL_504369	EPI_ISL_504369	EPI_ISL_504369	EPI_ISL_504369	EPI_ISL_504369	EPI_ISL_504369	EPI_ISL_504369
A/swine/Cloppenburg/4056/2005	EPI_ISL_504368	EPI_ISL_504368	EPI_ISL_504368	EPI_ISL_504368	EPI_ISL_504368	EPI_ISL_504368	EPI_ISL_504368	EPI_ISL_504368
A/swine/Brilon/4685/2005	EPI_ISL_504383	EPI_ISL_504383	EPI_ISL_504383	EPI_ISL_504383	EPI_ISL_504383	EPI_ISL_504383	EPI_ISL_504383	EPI_ISL_504383
A/swine/Elze/4624/2005	EPI_ISL_504382	EPI_ISL_504382	EPI_ISL_504382	EPI_ISL_504382	EPI_ISL_504382	EPI_ISL_504382	EPI_ISL_504382	EPI_ISL_504382
A/swine/Wettrup/4615/2005	EPI_ISL_504381	EPI_ISL_504381	EPI_ISL_504381	EPI_ISL_504381	EPI_ISL_504381	EPI_ISL_504381	EPI_ISL_504381	EPI_ISL_504381
A/swine/Nottuln/3921/2005	EPI_ISL_504361	EPI_ISL_504361	EPI_ISL_504361	EPI_ISL_504361	EPI_ISL_504361	EPI_ISL_504361	EPI_ISL_504361	EPI_ISL_504361
A/swine/Schapen/4566/2005	EPI_ISL_504380	EPI_ISL_504380	EPI_ISL_504380	EPI_ISL_504380	EPI_ISL_504380	EPI_ISL_504380	EPI_ISL_504380	EPI_ISL_504380
A/swine/Neuenhaus/4515/2005	EPI_ISL_504379	EPI_ISL_504379	EPI_ISL_504379	EPI_ISL_504379	EPI_ISL_504379	EPI_ISL_504379	EPI_ISL_504379	EPI_ISL_504379
A/swine/Feldbach/4262/2005	EPI_ISL_504376	EPI_ISL_504376	EPI_ISL_504376	EPI_ISL_504376	EPI_ISL_504376	EPI_ISL_504376	EPI_ISL_504376	EPI_ISL_504376
A/swine/Daseburg/5022/2006	EPI_ISL_504391	EPI_ISL_504391	EPI_ISL_504391	EPI_ISL_504391	EPI_ISL_504391	EPI_ISL_504391	EPI_ISL_504391	EPI_ISL_504391
A/swine/Asendorf/4966/2006	EPI_ISL_504390	EPI_ISL_504390	EPI_ISL_504390	EPI_ISL_504390	EPI_ISL_504390	EPI_ISL_504390	EPI_ISL_504390	EPI_ISL_504390
A/swine/Nordhuemmling/4917/2006	EPI_ISL_504389	EPI_ISL_504389	EPI_ISL_504389	EPI_ISL_504389	EPI_ISL_504389	EPI_ISL_504389	EPI_ISL_504389	EPI_ISL_504389
A/swine/Borgentreich/4858/2006	EPI_ISL_504388	EPI_ISL_504388	EPI_ISL_504388	EPI_ISL_504388	EPI_ISL_504388	EPI_ISL_504388	EPI_ISL_504388	EPI_ISL_504388
A/swine/Italy/66945/2006	EPI_ISL_12859	EPI_ISL_12859	EPI_ISL_12859	EPI_ISL_12859	EPI_ISL_12859	EPI_ISL_12859	EPI_ISL_12859	EPI_ISL_12859
A/swine/Isterberg/3951/2005	EPI_ISL_504362	EPI_ISL_504362	EPI_ISL_504362	EPI_ISL_504362	EPI_ISL_504362	EPI_ISL_504362	EPI_ISL_504362	EPI_ISL_504362
A/swine/Melle/3962/2005	EPI_ISL_504363	EPI_ISL_504363	EPI_ISL_504363	EPI_ISL_504363	EPI_ISL_504363	EPI_ISL_504363	EPI_ISL_504363	EPI_ISL_504363
A/swine/Ruhstorf/3972/2005	EPI_ISL_504364	EPI_ISL_504364	EPI_ISL_504364	EPI_ISL_504364	EPI_ISL_504364	EPI_ISL_504364	EPI_ISL_504364	EPI_ISL_504364
A/swine/Appel/3339/2004	EPI_ISL_504350	EPI_ISL_504350	EPI_ISL_504350	EPI_ISL_504350	EPI_ISL_504350	EPI_ISL_504350	EPI_ISL_504350	EPI_ISL_504350
A/swine/Delmenhorst/3025/2004	EPI_ISL_504348	EPI_ISL_504348	EPI_ISL_504348	EPI_ISL_504348	EPI_ISL_504348	EPI_ISL_504348	EPI_ISL_504348	EPI_ISL_504348
A/swine/Uedem/3024/2004	EPI_ISL_504347	EPI_ISL_504347	EPI_ISL_504347	EPI_ISL_504347	EPI_ISL_504347	EPI_ISL_504347	EPI_ISL_504347	EPI_ISL_504347
A/swine/Kevelaer/2892/2004	EPI_ISL_504346	EPI_ISL_504346	EPI_ISL_504346	EPI_ISL_504346	EPI_ISL_504346	EPI_ISL_504346	EPI_ISL_504346	EPI_ISL_504346
A/swine/Grebenau/3887/2005	EPI_ISL_504359	EPI_ISL_504359	EPI_ISL_504359	EPI_ISL_504359	EPI_ISL_504359	EPI_ISL_504359	EPI_ISL_504359	EPI_ISL_504359
A/swine/Huerth/3871/2005	EPI_ISL_504358	EPI_ISL_504358	EPI_ISL_504358	EPI_ISL_504358	EPI_ISL_504358	EPI_ISL_504358	EPI_ISL_504358	EPI_ISL_504358
A/swine/Huerth/3870/2005	EPI_ISL_504357	EPI_ISL_504357	EPI_ISL_504357	EPI_ISL_504357	EPI_ISL_504357	EPI_ISL_504357	EPI_ISL_504357	EPI_ISL_504357
A/swine/Bohmte/3856/2005	EPI_ISL_504356	EPI_ISL_504356	EPI_ISL_504356	EPI_ISL_504356	EPI_ISL_504356	EPI_ISL_504356	EPI_ISL_504356	EPI_ISL_504356
A/swine/Geseke/3766/2004	EPI_ISL_504355	EPI_ISL_504355	EPI_ISL_504355	EPI_ISL_504355	EPI_ISL_504355	EPI_ISL_504355	EPI_ISL_504355	EPI_ISL_504355
A/swine/Melle/3764/2004	EPI_ISL_504354	EPI_ISL_504354	EPI_ISL_504354	EPI_ISL_504354	EPI_ISL_504354	EPI_ISL_504354	EPI_ISL_504354	EPI_ISL_504354
A/swine/Hoerstel/3763/2004	EPI_ISL_504353	EPI_ISL_504353	EPI_ISL_504353	EPI_ISL_504353	EPI_ISL_504353	EPI_ISL_504353	EPI_ISL_504353	EPI_ISL_504353
A/swine/Sassenberg/3762/2004	EPI_ISL_504352	EPI_ISL_504352	EPI_ISL_504352	EPI_ISL_504352	EPI_ISL_504352	EPI_ISL_504352	EPI_ISL_504352	EPI_ISL_504352
A/swine/Osnabrueck/4050/2005	EPI_ISL_504367	EPI_ISL_504367	EPI_ISL_504367	EPI_ISL_504367	EPI_ISL_504367	EPI_ISL_504367	EPI_ISL_504367	EPI_ISL_504367
A/swine/Gescher/4011/2005	EPI_ISL_504366	EPI_ISL_504366	EPI_ISL_504366	EPI_ISL_504366	EPI_ISL_504366	EPI_ISL_504366	EPI_ISL_504366	EPI_ISL_504366
A/swine/Krempel/4722/2005	EPI_ISL_504386	EPI_ISL_504386	EPI_ISL_504386	EPI_ISL_504386	EPI_ISL_504386	EPI_ISL_504386	EPI_ISL_504386	EPI_ISL_504386
A/swine/Italy/102079/2018	EPI_ISL_14751284	EPI_ISL_14751284	EPI_ISL_14751284	EPI_ISL_14751284	EPI_ISL_14751284	EPI_ISL_14751284	EPI_ISL_14751284	EPI_ISL_14751284
A/swine/Italy/203689/2018	EPI_ISL_14751234	EPI_ISL_14751234	EPI_ISL_14751234	EPI_ISL_14751234	EPI_ISL_14751234	EPI_ISL_14751234	EPI_ISL_14751234	EPI_ISL_14751234
A/swine/Gent/172/2008	EPI_ISL_5162612	EPI_ISL_5162612	EPI_ISL_5162612	EPI_ISL_5162612	EPI_ISL_5162612	EPI_ISL_5162612	EPI_ISL_5162612	EPI_ISL_5162612
A/swine/Germany/R655/2012	EPI_ISL_133484	EPI_ISL_133484	EPI_ISL_133484	EPI_ISL_133484	EPI_ISL_133484	EPI_ISL_133484	EPI_ISL_133484	EPI_ISL_133484
A/swine/Bakum/IDT1769/2003	EPI_ISL_30583	EPI_ISL_30583	EPI_ISL_30583	EPI_ISL_30583	EPI_ISL_30583	EPI_ISL_30583	EPI_ISL_30583	EPI_ISL_30583
A/swine/Irkutsk/85/2018	EPI_ISL_321596	EPI_ISL_321596	EPI_ISL_321596	EPI_ISL_321596	EPI_ISL_321596	EPI_ISL_321596	EPI_ISL_321596	EPI_ISL_321596
A/swine/Damme/IDT5673/2006	EPI_ISL_30589	EPI_ISL_30589	EPI_ISL_30589	EPI_ISL_30589	EPI_ISL_30589	EPI_ISL_30589	EPI_ISL_30589	EPI_ISL_30589
A/swine/Bondelum/IDT5959/2007	EPI_ISL_30591	EPI_ISL_30591	EPI_ISL_30591	EPI_ISL_30591	EPI_ISL_30591	EPI_ISL_30591	EPI_ISL_30591	EPI_ISL_30591
A/swine/Denmark/2015_05755_1p1/2015	EPI_ISL_4081576	EPI_ISL_4081576	EPI_ISL_4081576	EPI_ISL_4081576	EPI_ISL_4081576	EPI_ISL_4081576	EPI_ISL_4081576	EPI_ISL_4081576
A/Swine/Spain/SF32071/2007	EPI_ISL_128940	EPI_ISL_128940	EPI_ISL_128940	EPI_ISL_128940	EPI_ISL_128940	EPI_ISL_128940	EPI_ISL_128940	EPI_ISL_128940
A/swine/Melle/IDT5706/2006	EPI_ISL_30590	EPI_ISL_30590	EPI_ISL_30590	EPI_ISL_30590	EPI_ISL_30590	EPI_ISL_30590	EPI_ISL_30590	EPI_ISL_30590
A/swine/Germany/R325/2009	EPI_ISL_133354	EPI_ISL_133354	EPI_ISL_133354	EPI_ISL_133354	EPI_ISL_133354	EPI_ISL_133354	EPI_ISL_133354	EPI_ISL_133354
A/swine/Germany/R2807/2009	EPI_ISL_133356	EPI_ISL_133356	EPI_ISL_133356	EPI_ISL_133356	EPI_ISL_133356	EPI_ISL_133356	EPI_ISL_133356	EPI_ISL_133356
A/Sus_scrofa/France/59-140441/2014	EPI_ISL_387370	EPI_ISL_387370	EPI_ISL_387370	EPI_ISL_387370	EPI_ISL_387370	EPI_ISL_387370	EPI_ISL_387370	EPI_ISL_387370
A/swine/Spain/14/2011	EPI_ISL_149811	EPI_ISL_149811	EPI_ISL_149811	EPI_ISL_149811	EPI_ISL_149811	EPI_ISL_149811	EPI_ISL_149811	EPI_ISL_149811
A/Sus_scrofa/France/62-140458/2014	EPI_ISL_387372	EPI_ISL_387372	EPI_ISL_387372	EPI_ISL_387372	EPI_ISL_387372	EPI_ISL_387372	EPI_ISL_387372	EPI_ISL_387372
A/Sus_scrofa/France/62-160219/2016	EPI_ISL_387373	EPI_ISL_387373	EPI_ISL_387373	EPI_ISL_387373	EPI_ISL_387373	EPI_ISL_387373	EPI_ISL_387373	EPI_ISL_387373
A/swine/Germany/R494/2010	EPI_ISL_133360	EPI_ISL_133360	EPI_ISL_133360	EPI_ISL_133360	EPI_ISL_133360	EPI_ISL_133360	EPI_ISL_133360	EPI_ISL_133360
A/swine/Germany/R83/2011	EPI_ISL_133383	EPI_ISL_133383	EPI_ISL_133383	EPI_ISL_133383	EPI_ISL_133383	EPI_ISL_133383	EPI_ISL_133383	EPI_ISL_133383
A/swine/Spain/11/2010	EPI_ISL_149789	EPI_ISL_149789	EPI_ISL_149789	EPI_ISL_149789	EPI_ISL_149789	EPI_ISL_149789	EPI_ISL_149789	EPI_ISL_149789
A/swine/Spain/12/2010	EPI_ISL_149793	EPI_ISL_149793	EPI_ISL_149793	EPI_ISL_149793	EPI_ISL_149793	EPI_ISL_149793	EPI_ISL_149793	EPI_ISL_149793
A/swine/Spain/13/2010	EPI_ISL_149797	EPI_ISL_149797	EPI_ISL_149797	EPI_ISL_149797	EPI_ISL_149797	EPI_ISL_149797	EPI_ISL_149797	EPI_ISL_149797
A/swine/Italy/352246/2018	EPI_ISL_14755003	EPI_ISL_14755003	EPI_ISL_14755003	EPI_ISL_14755003	EPI_ISL_14755003	EPI_ISL_14755003	EPI_ISL_14755003	EPI_ISL_14755003
A/swine/Italy/97220/2018	EPI_ISL_14755005	EPI_ISL_14755005	EPI_ISL_14755005	EPI_ISL_14755005	EPI_ISL_14755005	EPI_ISL_14755005	EPI_ISL_14755005	EPI_ISL_14755005
A/swine/Italy/366568/2018	EPI_ISL_14755004	EPI_ISL_14755004	EPI_ISL_14755004	EPI_ISL_14755004	EPI_ISL_14755004	EPI_ISL_14755004	EPI_ISL_14755004	EPI_ISL_14755004
A/swine/Italy/37649/2017	EPI_ISL_14755017	EPI_ISL_14755017	EPI_ISL_14755017	EPI_ISL_14755017	EPI_ISL_14755017	EPI_ISL_14755017	EPI_ISL_14755017	EPI_ISL_14755017
A/swine/Italy/328572/2018	EPI_ISL_14754956	EPI_ISL_14754956	EPI_ISL_14754956	EPI_ISL_14754956	EPI_ISL_14754956	EPI_ISL_14754956	EPI_ISL_14754956	EPI_ISL_14754956
A/swine/Italy/363525/2017	EPI_ISL_14763118	EPI_ISL_14763118	EPI_ISL_14763118	EPI_ISL_14763118	EPI_ISL_14763118	EPI_ISL_14763118	EPI_ISL_14763118	EPI_ISL_14763118
A/swine/Italy/262253/2018	EPI_ISL_14751221	EPI_ISL_14751221	EPI_ISL_14751221	EPI_ISL_14751221	EPI_ISL_14751221	EPI_ISL_14751221	EPI_ISL_14751221	EPI_ISL_14751221
A/swine/Italy/257055/2018	EPI_ISL_14751223	EPI_ISL_14751223	EPI_ISL_14751223	EPI_ISL_14751223	EPI_ISL_14751223	EPI_ISL_14751223	EPI_ISL_14751223	EPI_ISL_14751223
A/swine/Stresow/7919a/2008	EPI_ISL_505117	EPI_ISL_505117	EPI_ISL_505117	EPI_ISL_505117	EPI_ISL_505117	EPI_ISL_505117	EPI_ISL_505117	EPI_ISL_505117
A/swine/Holtrup/6358/2007	EPI_ISL_505116	EPI_ISL_505116	EPI_ISL_505116	EPI_ISL_505116	EPI_ISL_505116	EPI_ISL_505116	EPI_ISL_505116	EPI_ISL_505116
A/swine/Feldbach/4589/2005	EPI_ISL_505115	EPI_ISL_505115	EPI_ISL_505115	EPI_ISL_505115	EPI_ISL_505115	EPI_ISL_505115	EPI_ISL_505115	EPI_ISL_505115
A/swine/Luenne/4529/2005	EPI_ISL_505114	EPI_ISL_505114	EPI_ISL_505114	EPI_ISL_505114	EPI_ISL_505114	EPI_ISL_505114	EPI_ISL_505114	EPI_ISL_505114
A/swine/Hassendorf/2929/2004	EPI_ISL_505113	EPI_ISL_505113	EPI_ISL_505113	EPI_ISL_505113	EPI_ISL_505113	EPI_ISL_505113	EPI_ISL_505113	EPI_ISL_505113
A/swine/Spain/54008/2004	EPI_ISL_5286	EPI_ISL_5286	EPI_ISL_5286	EPI_ISL_5286	EPI_ISL_5286	EPI_ISL_5286	EPI_ISL_5286	EPI_ISL_5286
A/swine/Italy/39230/2017	EPI_ISL_505085	EPI_ISL_505085	EPI_ISL_505085	EPI_ISL_505085	EPI_ISL_505085	EPI_ISL_505085	EPI_ISL_505085	EPI_ISL_505085
A/swine/Italy/39106/2017	EPI_ISL_505091	EPI_ISL_505091	EPI_ISL_505091	EPI_ISL_505091	EPI_ISL_505091	EPI_ISL_505091	EPI_ISL_505091	EPI_ISL_505091
A/swine/Italy/16713/2016	EPI_ISL_505089	EPI_ISL_505089	EPI_ISL_505089	EPI_ISL_505089	EPI_ISL_505089	EPI_ISL_505089	EPI_ISL_505089	EPI_ISL_505089
A/swine/Spain/33601/2001	EPI_ISL_5141	EPI_ISL_5141	EPI_ISL_5141	EPI_ISL_5141	EPI_ISL_5141	EPI_ISL_5141	EPI_ISL_5141	EPI_ISL_5141
A/swine/Spain/39139/2002	EPI_ISL_5142	EPI_ISL_5142	EPI_ISL_5142	EPI_ISL_5142	EPI_ISL_5142	EPI_ISL_5142	EPI_ISL_5142	EPI_ISL_5142
A/swine/Italy/198816/2017	EPI_ISL_14755044	EPI_ISL_14755044	EPI_ISL_14755044	EPI_ISL_14755044	EPI_ISL_14755044	EPI_ISL_14755044	EPI_ISL_14755044	EPI_ISL_14755044
A/swine/Italy/179815/2017	EPI_ISL_14755047	EPI_ISL_14755047	EPI_ISL_14755047	EPI_ISL_14755047	EPI_ISL_14755047	EPI_ISL_14755047	EPI_ISL_14755047	EPI_ISL_14755047
A/swine/Italy/179819/2017	EPI_ISL_14755046	EPI_ISL_14755046	EPI_ISL_14755046	EPI_ISL_14755046	EPI_ISL_14755046	EPI_ISL_14755046	EPI_ISL_14755046	EPI_ISL_14755046
A/swine/Italy/161449/2017	EPI_ISL_14755051	EPI_ISL_14755051	EPI_ISL_14755051	EPI_ISL_14755051	EPI_ISL_14755051	EPI_ISL_14755051	EPI_ISL_14755051	EPI_ISL_14755051
A/swine/Nordkirchen/IDT1993/2003	EPI_ISL_26009	EPI_ISL_26009	EPI_ISL_26009	EPI_ISL_26009	EPI_ISL_26009	EPI_ISL_26009	EPI_ISL_26009	EPI_ISL_26009
A/swine/Denmark/5255-1p1/2015	EPI_ISL_247093	EPI_ISL_247093	EPI_ISL_247093	EPI_ISL_247093	EPI_ISL_247093	EPI_ISL_247093	EPI_ISL_247093	EPI_ISL_247093
A/swine/Denmark/15164-1p1/2014	EPI_ISL_247092	EPI_ISL_247092	EPI_ISL_247092	EPI_ISL_247092	EPI_ISL_247092	EPI_ISL_247092	EPI_ISL_247092	EPI_ISL_247092
A/swine/Italy/19-34766-3/2019	EPI_ISL_19698699	EPI_ISL_19698699	EPI_ISL_19698699	EPI_ISL_19698699	EPI_ISL_19698699	EPI_ISL_19698699	EPI_ISL_19698699	EPI_ISL_19698699
A/swine/Italy/81485/2018	EPI_ISL_14751159	EPI_ISL_14751159	EPI_ISL_14751159	EPI_ISL_14751159	EPI_ISL_14751159	EPI_ISL_14751159	EPI_ISL_14751159	EPI_ISL_14751159
A/swine/Germany/Bak20/2016	EPI_ISL_238914	EPI_ISL_238914	EPI_ISL_238914	EPI_ISL_238914	EPI_ISL_238914	EPI_ISL_238914	EPI_ISL_238914	EPI_ISL_238914
A/swine/Germany/R452/2013	EPI_ISL_247104	EPI_ISL_247104	EPI_ISL_247104	EPI_ISL_247104	EPI_ISL_247104	EPI_ISL_247104	EPI_ISL_247104	EPI_ISL_247104
A/swine/Germany/R1341/2014	EPI_ISL_247110	EPI_ISL_247110	EPI_ISL_247110	EPI_ISL_247110	EPI_ISL_247110	EPI_ISL_247110	EPI_ISL_247110	EPI_ISL_247110
A/swine/Spain/50001-4/2019	MW848681	MW851890	MW848678	PZ022955	MW848679	MW848677	MW848682	MW848680
A/swine/Spain/02/2010	EPI_ISL_149795				EPI_ISL_149795	EPI_ISL_149795		EPI_ISL_149795
A/swine/Bieganow/1/2001	EPI_ISL_129447				EPI_ISL_129447	EPI_ISL_129447		EPI_ISL_129447
A/swine/Gent/28/2010	EPI_ISL_5162506				EPI_ISL_5162506	EPI_ISL_5162506		EPI_ISL_5162506
A/swine/Serbia/2/2017	EPI_ISL_501502	EPI_ISL_501502	EPI_ISL_501502		EPI_ISL_501502	EPI_ISL_501502	EPI_ISL_501502	EPI_ISL_501502
A/swine/Serbia/3/2016	EPI_ISL_501503				EPI_ISL_501503	EPI_ISL_501503		EPI_ISL_501503
A/swine/Netherlands/Gent-193/2019	EPI_ISL_430866				EPI_ISL_430866	EPI_ISL_430866		EPI_ISL_430866
A/Swine/Netherlands/GDE001/2022	EPI_ISL_19131229				EPI_ISL_19131229	EPI_ISL_19131229		EPI_ISL_19131229
A/sw/Nordrhein-Westfalen/100/2022	EPI_ISL_16690373	EPI_ISL_16690373	EPI_ISL_16690373		EPI_ISL_16690373	EPI_ISL_16690373	EPI_ISL_16690373	EPI_ISL_16690373
A/swine/England/453/06	EPI_ISL_199472	EPI_ISL_199472			EPI_ISL_199472	EPI_ISL_199472		EPI_ISL_199472
A/swine/Belgium/111/2013	EPI_ISL_195151	EPI_ISL_195151	EPI_ISL_195151		EPI_ISL_195151	EPI_ISL_195151	EPI_ISL_195151	EPI_ISL_195151
A/swine/Gent/112/2007	EPI_ISL_129559	EPI_ISL_129559	EPI_ISL_129559		EPI_ISL_129559	EPI_ISL_129559	EPI_ISL_129559	EPI_ISL_129559
A/swine/Spain/22210-1/2022	PQ107666	PQ107667	PQ107668		PQ107669	PQ107670	PQ107671	PQ107672
A/swine/Cloppenburg/17355/2013	EPI_ISL_505268				EPI_ISL_505268	EPI_ISL_505268		EPI_ISL_505268
A/swine/Spain/10/2011	EPI_ISL_149801	EPI_ISL_149801	EPI_ISL_149801		EPI_ISL_149801	EPI_ISL_149801	EPI_ISL_149801	EPI_ISL_149801
A/Sus_scrofa/France/61-140350/2014	EPI_ISL_387371				EPI_ISL_387371	EPI_ISL_387371		EPI_ISL_387371
A/swine/Cotes_d'Armor/800/00	EPI_ISL_2480	EPI_ISL_2480	EPI_ISL_2480		EPI_ISL_2480	EPI_ISL_2480	EPI_ISL_2480	EPI_ISL_2480
A/swine/Germany-NI/R1190/2014	EPI_ISL_222085				EPI_ISL_222085	EPI_ISL_222085		EPI_ISL_222085
A/swine/Nordrhein-Westfalen/23/2023	EPI_ISL_18873319	EPI_ISL_18873319	EPI_ISL_18873319		EPI_ISL_18873319	EPI_ISL_18873319	EPI_ISL_18873319	EPI_ISL_18873319
A/sw/Sachsen-Anhalt/3/2022	EPI_ISL_12589313				EPI_ISL_12589313	EPI_ISL_12589313		EPI_ISL_12589313
A/swine/Nordrhein-Westfalen/132/2025	EPI_ISL_20177956	EPI_ISL_20177956	EPI_ISL_20177956		EPI_ISL_20177956	EPI_ISL_20177956	EPI_ISL_20177956	EPI_ISL_20177956
A/swine/Spain/112/2018	EPI_ISL_499149				EPI_ISL_499149	EPI_ISL_499149		EPI_ISL_499149
A/swine/Spain/37900/2019	EPI_ISL_9593380	EPI_ISL_9593380	EPI_ISL_9593380		EPI_ISL_9593380		EPI_ISL_9593380	EPI_ISL_9593380
A/swine/Spain/50840/2019	EPI_ISL_9593382	EPI_ISL_9593382	EPI_ISL_9593382		EPI_ISL_9593382		EPI_ISL_9593382	EPI_ISL_9593382
A/swine/Spain/50001-1/2019	MZ945791	MZ945792	MZ945793		MZ945795		MZ945796	MZ945797
A/swine/Spain/6370-3/2018	MZ373092	MZ462373	MZ373093		MZ373095		MZ373096	MZ373097
A/swine/Lutol/3/2000		EPI_ISL_129529	EPI_ISL_129529				EPI_ISL_129529	
A/swine/Nordrhein-Westfalen/28/2024		EPI_ISL_18889615	EPI_ISL_18889615				EPI_ISL_18889615	
A/Cambodia/E0826360/2020	EPI_ISL_1367566	EPI_ISL_1367566	EPI_ISL_1367566	EPI_ISL_1367566	EPI_ISL_1367566	EPI_ISL_1367566	EPI_ISL_1367566	EPI_ISL_1367566
A/Jena/VI5258/2009	EPI489532	EPI489533	EPI489534	EPI489535	EPI489536	EPI489537	EPI489538	EPI489539
A/swine/Spain/F67-21-N-S/2025	PX855329.1	PX855222.1	PX855080.1	PX845313.1	PX850993.1	PX855439.1	PX851162.1	PX852134.1
A/swine/Spain/F67-26-N-S/2025	PX855330.1	PX855223.1	PX855081.1	PX845314.1	PX850994.1	PX855440.1	PX851163.1	PX852135.1
A/swine/Spain/F68-27-F-S/2025	PX855331.1	PX855224.1	PX855082.1	PX845312.1	PX851049.1	PX855441.1	PX851164.1	PX852136.1
A/swine/Spain/21290-1/2019	MZ373098	MZ462371	MZ373099	MZ373100	MZ373101	MZ373102	MZ373103	MZ373104
A/swine/Spain/F20-2-12-N/2024	PX855269	PX855161	PX855017	PX845303	PX851036	PX855376	PX851095	PX852075
A/swine/Spain/F21-13-N/2024	PX855274	PX855165	PX855022	PX845304	PX851037	PX855381	PX851100	PX852080
A/swine/Spain/F22-3-2-F/2024	PX855279	PX855170	PX855027	PX845305	PX851043	PX855386	PX851105	PX852085
A/Roma/ISS9825/2009				EPI_ISL_98350				
A/Italy/212/2009				EPI_ISL_65697				
A/Italy/221/2009				EPI_ISL_65706				
A/Italy/227/2009				EPI_ISL_65712				
A/Sweden/19/2009				EPI_ISL_65724				
A/Paris/3706/2009				EPI_ISL_164085	EPI535779			EPI535782
A/Centre/5461/2009				EPI_ISL_164091	EPI535827			EPI535830
A/Lorraine/5510/2009				EPI_ISL_164094	EPI535851			EPI535854
A/Picardie/5772/2009				EPI_ISL_164095	EPI535859			EPI535862
A/Paris/5501/2009				EPI_ISL_164092	EPI535835			EPI535838
A/Paris/5509/2009				EPI_ISL_164093	EPI535843			EPI535846
A/Lorraine/7214/2009				EPI_ISL_164098	EPI535883			EPI535886
A/Franche_Comte/7661/2009				EPI_ISL_164102	EPI535915			EPI535918
A/Paris/370/2010				EPI_ISL_164103	EPI535923			EPI535926
A/Bretagne/7639/2009				EPI_ISL_164101	EPI535907			EPI535910
A/Nord_Pas_de_Calais/450/2010				EPI_ISL_164104	EPI535931			EPI535934
A/Nord_Pas_de_Calais/4785/2009				EPI_ISL_164105	EPI535939			EPI535942
A/Paris/1910/2010				EPI_ISL_164110	EPI535978			EPI535981
A/Nord_Pas_de_Calais/2111/2010				EPI_ISL_164111	EPI535986			EPI535989
A/Centre/2236/2010				EPI_ISL_164112	EPI535994			EPI535997
A/Paris/2251/2010				EPI_ISL_164113	EPI536002			EPI536005
A/Paris/2207/2010				EPI_ISL_164127	EPI536114			EPI536117
A/Pays_de_Loire/2362/2010				EPI_ISL_164128	EPI536122			EPI536125
A/Umea/7/2009				EPI_ISL_65854				
A/Umea/10/2009				EPI_ISL_65857				
A/Umea/9/2009				EPI_ISL_65856				
A/Orebro/1/2009				EPI_ISL_65859				
A/Umea/11/2009				EPI_ISL_65858				
A/Stockholm/99/2009				EPI_ISL_65861				
A/Stockholm/105/2009				EPI_ISL_65938				
A/Linkoping/1/2009				EPI_ISL_65943				
A/Stockholm/107/2009				EPI_ISL_65945				
A/Stockholm/106/2009				EPI_ISL_65944				
A/Orebro/3/2009				EPI_ISL_65957				
A/Gothenburg/2/2009				EPI_ISL_65959				
A/ENG/667/2009				EPI_ISL_65961				
A/ENG/631/2009				EPI_ISL_65963				
A/ENG/630/2009				EPI_ISL_65962				
A/ENG/92920018/2009				EPI_ISL_65964				
A/ENG/624/2009				EPI_ISL_65966				
A/ENG/626/2009				EPI_ISL_65969				
A/ENG/625/2009				EPI_ISL_65968				
A/ENG/525/2009				EPI_ISL_65977				
A/ENG/611/2009				EPI_ISL_65978				
A/ENG/92840014/2009				EPI_ISL_65980				
A/ENG/617/2009				EPI_ISL_65982				
A/ENG/92880010/2009				EPI_ISL_65984				
A/Milan/76/2009				EPI_ISL_33218				
A/Milan/79/2009				EPI_ISL_33219				
A/ENG/481/2009				EPI_ISL_65988				
A/ENG/495/2009				EPI_ISL_65992				
A/ENG/92900284/2009				EPI_ISL_65999				
A/ENG/526/2009				EPI_ISL_66005				
A/Orenburg/IIV2974/2009				EPI_ISL_66015	EPI230278			EPI230281
A/Salekhard/01/2009				EPI_ISL_66018	EPI230294			EPI230297
A/Russia/190/2009				EPI_ISL_66046	EPI230409			EPI230412
A/Catalonia/NS092145684/2009				EPI_ISL_66056				
A/Catalonia/S2060/2009				EPI_ISL_66061				
A/Ireland/59830/2010				EPI_ISL_99120				
A/Ireland/71786/2010				EPI_ISL_99127				
A/Ireland/68835/2010				EPI_ISL_99126				
A/Ireland/72756/2010				EPI_ISL_99131				
A/Ireland/71608/2010				EPI_ISL_99130				
A/Crete_GR/1038/2011				EPI_ISL_99161				
A/Cherkasy/332/2009				EPI_ISL_66453				
A/Cherkasy/353/2009				EPI_ISL_66455				
A/Dnipropetrovsk/1171/2009				EPI_ISL_66459				
A/Dnipropetrovsk/1175/2009				EPI_ISL_66458				
A/Dnipropetrovsk/1181/2009				EPI_ISL_66460				
A/Dnipropetrovsk/272/2009				EPI_ISL_66465				
A/Moldova/G-104/2009				EPI_ISL_68460				
A/Moldova/G-140/2009				EPI_ISL_66475				
A/Moldova/G-123/2009				EPI_ISL_66474				
A/Moldova/G-157/2009				EPI_ISL_66477				
A/Moldova/G-152/2009				EPI_ISL_66476				
A/Moldova/G-186/2009				EPI_ISL_66529				
A/Moldova/G-72/2009				EPI_ISL_66488				
A/Kyiv/377/2009				EPI_ISL_66502				
A/Lviv/682/2009				EPI_ISL_68471				
A/Latvia/11-1189/2009				EPI_ISL_66521				
A/Chernihiv/452/2009				EPI_ISL_66520				
A/Latvia/11-552/2009				EPI_ISL_66523				
A/Latvia/11-686/2009				EPI_ISL_66522				
A/Cyprus/S2330/2009				EPI_ISL_66531				
A/St_Petersburg/5/2009				EPI_ISL_66538				
A/Denmark/528/2009				EPI_ISL_60210	EPI190215			EPI190218
A/Tomsk/03/2009				EPI_ISL_66839	EPI233315			EPI233316
A/Catalonia/S2102/2009				EPI_ISL_67040				
A/Catalonia/S2118/2009				EPI_ISL_67043				
A/Catalonia/S2143/2009				EPI_ISL_67045				
A/Austria/03/2011				EPI_ISL_99823				
A/Austria/07/2011				EPI_ISL_99827				
A/Austria/13/2011				EPI_ISL_99833				
A/Austria/15/2011				EPI_ISL_99835				
A/Austria/14/2011				EPI_ISL_99834				
A/Austria/16/2011				EPI_ISL_99836				
A/Austria/19/2011				EPI_ISL_99839				
A/Austria/20/2011				EPI_ISL_99840				
A/Russia/100/2009				EPI_ISL_67081	EPI234527			EPI234530
A/Kurgan/01/2009				EPI_ISL_67080	EPI234519			EPI234522
A/Russia/4/2009				EPI_ISL_67085	EPI234559			EPI234562
A/Austria/37/2011				EPI_ISL_99858				
A/Austria/50/2011				EPI_ISL_99889				
A/England/687/2010				EPI_ISL_99908				
A/Austria/75/2011				EPI_ISL_100027				
A/Austria/86/2011				EPI_ISL_100040				
A/Tomsk/06/2009				EPI_ISL_67436	EPI235362			EPI235365
A/Ivano-Frankivsk/240/2009				EPI_ISL_67534				
A/Kyiv/251/2009				EPI_ISL_67536				
A/Rivne/516/2009				EPI_ISL_67538				
A/Azores/13092/2009				EPI_ISL_67540				
A/Chernivtsi/842/2009				EPI_ISL_67543				
A/Lviv/420/2009				EPI_ISL_67544				
A/Ivano-Frankivsk/237/2009				EPI_ISL_67548				
A/Zakarpatska/831/2009				EPI_ISL_67553				
A/Sumy/795/2009				EPI_ISL_67554				
A/Cherkasy/744/2009				EPI_ISL_67565				
A/Bayern/62/2009				EPI_ISL_31915				
A/Nordrhein-Westfalen/99/2009				EPI_ISL_73734				
A/Berlin/133/2009				EPI_ISL_68479				
A/Belgium/G4423/2009				EPI_ISL_67583				
A/Austria/122/2011				EPI_ISL_100490				
A/ENG/677/2009				EPI_ISL_67939				
A/ENG/613/2009				EPI_ISL_67938				
A/ENG/672/2009				EPI_ISL_67940				
A/ENG/676/2009				EPI_ISL_67944				
A/ENG/615/2009				EPI_ISL_67950				
A/ENG/674/2009				EPI_ISL_67956				
A/ENG/654/2009				EPI_ISL_67959				
A/SC/23/2009				EPI_ISL_67961				
A/SC/24/2009				EPI_ISL_67962				
A/ENG/610/2009				EPI_ISL_67967				
A/ENG/92800056/2009				EPI_ISL_67968				
A/ENG/666/2009				EPI_ISL_67971				
A/ENG/603/2009				EPI_ISL_67970				
A/Austria/01/2009				EPI_ISL_100741				
A/ENG/605/2009				EPI_ISL_67973				
A/ENG/92820911/2009				EPI_ISL_67975				
A/Austria/05/2009				EPI_ISL_100745				
A/ENG/607/2009				EPI_ISL_67979				
A/ENG/92840702/2009				EPI_ISL_67978				
A/Austria/08/2009				EPI_ISL_100748				
A/ENG/635/2009				EPI_ISL_67983				
A/Austria/10/2009				EPI_ISL_100753				
A/Austria/09/2009				EPI_ISL_100752				
A/Austria/12/2009				EPI_ISL_100757				
A/Austria/14/2009				EPI_ISL_100780				
A/Karasuk/01/2010				EPI_ISL_68134	EPI237343			EPI237346
A/Perm/01/2009				EPI_ISL_68137				
A/Volin/226/2009				EPI_ISL_68451				
A/Slovenia/4061/2009				EPI_ISL_68455				
A/Switzerland/2463780/2009				EPI_ISL_68457				
A/Brandenburg/55/2009				EPI_ISL_68477				
A/Chernihiv/858/2009				EPI_ISL_68476				
A/Scotland/91800797/2009				EPI_ISL_101291				
A/England/634/2009				EPI_ISL_101305				
A/England/675/2009				EPI_ISL_101307				
A/Austria/28/2009				EPI_ISL_101306				
A/England/202/2009				EPI_ISL_101308				
A/England/197/2009				EPI_ISL_32520				
A/England/200/2009				EPI_ISL_30626				
A/England/XFL00137/2009				EPI_ISL_101320				
A/Austria/36/2009				EPI_ISL_101326				
A/Austria/37/2009				EPI_ISL_101329				
A/Austria/39/2009				EPI_ISL_101331				
A/England/246/2009				EPI_ISL_101355				
A/England/223/2009				EPI_ISL_32518				
A/England/201/2009				EPI_ISL_32508				
A/England/XFL00200/2009				EPI_ISL_101375				
A/England/XFL00300/2009				EPI_ISL_101377				
A/England/XFL00275/2009				EPI_ISL_101376				
A/England/XFL00354/2009				EPI_ISL_101383				
A/England/263/2009				EPI_ISL_101398				
A/England/359/2009				EPI_ISL_101406				
A/England/381/2009				EPI_ISL_101408				
A/England/384/2009				EPI_ISL_101410				
A/England/388/2009				EPI_ISL_101413				
A/England/395/2009				EPI_ISL_101433				
A/England/418/2009				EPI_ISL_101487				
A/England/423/2009				EPI_ISL_101505				
A/England/428/2009				EPI_ISL_101570				
A/Austria/41/2009				EPI_ISL_101601				
A/Austria/40/2009				EPI_ISL_101600				
A/England/430/2009				EPI_ISL_101613				
A/Scotland/10/2009				EPI_ISL_101649				
A/IIV-V.Novgorod/185/2009				EPI_ISL_1347007	EPI1853193			EPI1853196
A/ENG/256/2009				EPI_ISL_69034				
A/Eng/XFL00481/2009				EPI_ISL_69037				
A/ENG/265/2009				EPI_ISL_69038				
A/ENG/263/2009				EPI_ISL_69043				
A/Ancona/10/2009				EPI_ISL_69091				
A/Ancona/01/2010				EPI_ISL_69090				
A/Ancona/15/2009				EPI_ISL_69093				
A/Ancona/11/2009				EPI_ISL_69092				
A/Ancona/17/2009				EPI_ISL_69095				
A/Ancona/16/2009				EPI_ISL_69094				
A/Ancona/238/2009				EPI_ISL_69096				
A/Ancona/263/2009				EPI_ISL_69098				
A/Ancona/310/2009				EPI_ISL_69101				
A/Ancona/348/2009				EPI_ISL_69103				
A/Ancona/353/2009				EPI_ISL_69105				
A/Ancona/56/2009				EPI_ISL_69109				
A/Ancona/508/2009				EPI_ISL_69108				
A/Ancona/68/2009				EPI_ISL_69113				
A/Ancona/86/2009				EPI_ISL_69117				
A/Milan/239/2009				EPI_ISL_69137				
A/Milan/236/2009				EPI_ISL_69136				
A/Milan/295/2009				EPI_ISL_69140				
A/Milan/348/2009				EPI_ISL_69147				
A/Milan/326/2009				EPI_ISL_69146				
A/Milan/433/2009				EPI_ISL_69149				
A/Milan/568/2009				EPI_ISL_69151				
A/Pavia/188/2009				EPI_ISL_69155				
A/Pavia/62/2009				EPI_ISL_69157				
A/Pavia/55/2009				EPI_ISL_69159				
A/Austria/47/2009				EPI_ISL_101926				
A/Pavia/77/2009				EPI_ISL_69158				
A/Austria/49/2009				EPI_ISL_101928				
A/Pavia/66/2009				EPI_ISL_69160				
A/Austria/52/2009				EPI_ISL_101931				
A/Pavia/81/2009				EPI_ISL_69163				
A/Pavia/82/2009				EPI_ISL_69162				
A/Pavia/71/2009				EPI_ISL_69165				
A/Pavia/76/2009				EPI_ISL_69166				
A/Pavia/64/2009				EPI_ISL_69168				
A/Austria/59/2009				EPI_ISL_101938				
A/Pavia/79/2009				EPI_ISL_69173				
A/Pavia/69/2009				EPI_ISL_69172				
A/Pavia/65/2009				EPI_ISL_69175				
A/Austria/63/2009				EPI_ISL_101942				
A/Pavia/191/2009				EPI_ISL_69181				
A/Pavia/189/2009				EPI_ISL_69183				
A/Pavia/15/2009				EPI_ISL_69185				
A/Pavia/13/2009				EPI_ISL_69184				
A/Pavia/42/2009				EPI_ISL_69189				
A/Pavia/44/2009				EPI_ISL_69191				
A/Pavia/10/2009				EPI_ISL_69190				
A/Pavia/52/2009				EPI_ISL_69193				
A/Austria/70/2009				EPI_ISL_101960				
A/Pavia/14/2009				EPI_ISL_69197				
A/Pavia/49/2009				EPI_ISL_69199				
A/Austria/76/2009				EPI_ISL_101966				
A/Pavia/12/2009				EPI_ISL_69201				
A/Austria/78/2009				EPI_ISL_101968				
A/Hamburg/05/2009				EPI_ISL_101971				
A/Pavia/45/2009				EPI_ISL_69205				
A/Pavia/80/2009				EPI_ISL_69207				
A/Pavia/58/2009				EPI_ISL_69206				
A/Helsinki/P18/2009				EPI_ISL_101991				
A/Austria/81/2009				EPI_ISL_102102				
A/Roma/ISS16/2009				EPI_ISL_69353				
A/Austria/85/2009				EPI_ISL_102120				
A/Roma/ISS1897/2009				EPI_ISL_69357				
A/Roma/ISS1941/2009				EPI_ISL_69359				
A/Roma/ISS190/2009				EPI_ISL_69358				
A/Roma/ISS233/2009				EPI_ISL_69363				
A/Austria/93/2009				EPI_ISL_102130				
A/Roma/ISS253/2009				EPI_ISL_69365				
A/Austria/94/2009				EPI_ISL_102132				
A/Roma/ISS239/2009				EPI_ISL_69364				
A/Roma/ISS287/2009				EPI_ISL_69367				
A/Austria/96/2009				EPI_ISL_102137				
A/Roma/ISS3595/2009				EPI_ISL_69370				
A/Austria/98/2009				EPI_ISL_102141				
A/Austria/97/2009				EPI_ISL_102140				
A/Roma/ISS5/2009				EPI_ISL_69377				
A/Roma/ISS52/2009				EPI_ISL_69379				
A/Austria/102/2009				EPI_ISL_102146				
A/Roma/ISS68/2009				EPI_ISL_69384				
A/Roma/ISS81/2009				EPI_ISL_69388				
A/Austria/109/2009				EPI_ISL_102243				
A/Austria/110/2009				EPI_ISL_102257				
A/Austria/111/2010				EPI_ISL_102279				
A/Austria/113/2009				EPI_ISL_102281				
A/IIV-Vladimir/181/2009				EPI_ISL_1347504				
A/IIV-Yaroslavl/196/2009				EPI_ISL_1347550	EPI1853209			EPI1853212
A/Austria/115/2009				EPI_ISL_102469				
A/Austria/119/2010				EPI_ISL_102476				
A/Austria/124/2009				EPI_ISL_102482				
A/Austria/127/2009				EPI_ISL_102485				
A/Austria/132/2009				EPI_ISL_102495				
A/Austria/133/2009				EPI_ISL_102496				
A/Magadan/02/2009				EPI_ISL_69728				
A/IIV-Orenburg/12/2010				EPI_ISL_1347689	EPI1853219			EPI1853222
A/Austria/145/2009				EPI_ISL_102545				
A/Roma/ISS10000/2010				EPI_ISL_102579				
A/Roma/ISS9999/2010				EPI_ISL_102578				
A/Austria/146/2009				EPI_ISL_102585				
A/Austria/150/2009				EPI_ISL_102697				
A/Austria/151/20010				EPI_ISL_102701				
A/Austria/152/2009				EPI_ISL_102714				
A/Austria/153/2009				EPI_ISL_102727				
A/Austria/156/2009				EPI_ISL_102997				
A/Austria/159/2009				EPI_ISL_103002				
A/Austria/166/2009				EPI_ISL_103018				
A/Austria/171/2009				EPI_ISL_103023				
A/Austria/170/2009				EPI_ISL_103022				
A/Austria/172/2009				EPI_ISL_103024				
A/Belgorod/05/2009				EPI_ISL_70270				
A/Austria/179/2009				EPI_ISL_103057				
A/Austria/182/2009				EPI_ISL_103067				
A/Austria/181/2009				EPI_ISL_103066				
A/Austria/184/2009				EPI_ISL_103103				
A/Austria/185/2009				EPI_ISL_103104				
A/Belarus/24/2009				EPI_ISL_63681				
A/St-Petersburg/99/2009				EPI_ISL_70348				
A/Macedonia/26/2010				EPI_ISL_70355				
A/Macedonia/24/2010				EPI_ISL_70354				
A/Macedonia/7/2010				EPI_ISL_70356				
A/Bosnia/1189/2009				EPI_ISL_70359				
A/Bosnia/960/2009				EPI_ISL_70361				
A/Bosnia/1208/2009				EPI_ISL_70360				
A/Austria/191/2009				EPI_ISL_103242				
A/Austria/199/2009				EPI_ISL_103328				
A/Austria/200/2009				EPI_ISL_103331				
A/Austria/205/2009				EPI_ISL_103456				
A/Austria/207/2009				EPI_ISL_103458				
A/Austria/211/2009				EPI_ISL_103535				
A/Austria/213/2009				EPI_ISL_103537				
A/Austria/214/2009				EPI_ISL_103538				
A/Austria/216/2009				EPI_ISL_103540				
A/Austria/223/2009				EPI_ISL_103547				
A/Austria/222/2009				EPI_ISL_103546				
A/Austria/225/2009				EPI_ISL_103549				
A/Austria/227/2009				EPI_ISL_103551				
A/ENG/93240682/2009				EPI_ISL_70819				
A/ENG/645/2009				EPI_ISL_70821				
A/ENG/662/2009				EPI_ISL_70824				
A/ENG/93280030/2009				EPI_ISL_70826				
A/ENG/653/2009				EPI_ISL_70831				
A/ENG/652/2009				EPI_ISL_70830				
A/ENG/621/2009				EPI_ISL_70833				
A/ENG/660/2009				EPI_ISL_70836				
A/ENG/92900329/2009				EPI_ISL_70841				
A/ENG/92900350/2009				EPI_ISL_70842				
A/ENG/92900376/2009				EPI_ISL_70845				
A/ENG/92900383/2009				EPI_ISL_70847				
A/ENG/92900386/2009				EPI_ISL_70848				
A/ENG/636/2009				EPI_ISL_70851				
A/ENG/686/2009				EPI_ISL_70853				
A/ENG/92960009/2009				EPI_ISL_70856				
A/ENG/93000118/2009				EPI_ISL_70865				
A/ENG/93040011/2009				EPI_ISL_70871				
A/ENG/93040018/2009				EPI_ISL_70873				
A/ENG/93040014/2009				EPI_ISL_70872				
A/ENG/93040048/2009				EPI_ISL_70876				
A/Austria/233/2009				EPI_ISL_103651				
A/ENG/93040124/2009				EPI_ISL_70883				
A/ENG/93040139/2009				EPI_ISL_70885				
A/Austria/236/2009				EPI_ISL_103654				
A/ENG/93040147/2009				EPI_ISL_70886				
A/ENG/93060032/2009				EPI_ISL_70890				
A/Austria/242/2009				EPI_ISL_103660				
A/ENG/93540705/2009				EPI_ISL_70895				
A/ENG/634/2009				EPI_ISL_76173				
A/ENG/620/2009				EPI_ISL_70900				
A/ENG/93040152/2009				EPI_ISL_70902				
A/Rome/627/2009				EPI_ISL_70929				
A/Rome/626/2009				EPI_ISL_70928				
A/Rome/630/2009				EPI_ISL_70932				
A/Rome/632/2009				EPI_ISL_70934				
A/Rome/637/2009				EPI_ISL_70939				
A/Rome/639/2009				EPI_ISL_70941				
A/Rome/647/2009				EPI_ISL_70949				
A/Rome/646/2009				EPI_ISL_70948				
A/Rome/648/2009				EPI_ISL_70950				
A/Rome/652/2009				EPI_ISL_70954				
A/Rome/655/2009				EPI_ISL_70957				
A/Rome/654/2009				EPI_ISL_70956				
A/Rome/657/2009				EPI_ISL_70959				
A/Rome/656/2009				EPI_ISL_70958				
A/Rome/658/2009				EPI_ISL_70960				
A/Rome/660/2009				EPI_ISL_70962				
A/Rome/664/2009				EPI_ISL_70966				
A/Rome/667/2009				EPI_ISL_70969				
A/Rome/666/2009				EPI_ISL_70968				
A/Austria/249/2009				EPI_ISL_103765				
A/Austria/252/2009				EPI_ISL_103769				
A/Austria/253/2009				EPI_ISL_103771				
A/Austria/257/2009				EPI_ISL_103780				
A/Austria/260/2009				EPI_ISL_103785				
A/Austria/264/2009				EPI_ISL_103791				
A/Austria/267/2009				EPI_ISL_103831				
A/Austria/268/2009				EPI_ISL_103834				
A/Kastoria/245/2010				EPI_ISL_71122				
A/Katerini/2790/2009				EPI_ISL_71125				
A/Katerini/240/2010				EPI_ISL_71124				
A/Kerkira/985/2009				EPI_ISL_71127				
A/Kavala/219/2010				EPI_ISL_71126				
A/Serres/211/2010				EPI_ISL_71129				
A/Thessaloniki/206/2010				EPI_ISL_71131				
A/Thessaloniki/218/2010				EPI_ISL_71133				
A/Thessaloniki/213/2010				EPI_ISL_71132				
A/Thessaloniki/225/2010				EPI_ISL_71135				
A/Thessaloniki/228/2010				EPI_ISL_71136				
A/Thessaloniki/4183/2009				EPI_ISL_71157				
A/Thessaloniki/384/2009				EPI_ISL_71156				
A/Thessaloniki/434/2009				EPI_ISL_71159				
A/Thessaloniki/449/2009				EPI_ISL_71160				
A/Thesssaloniki/2904/2009				EPI_ISL_71163				
A/ENG/94640078/2009				EPI_ISL_71173				
A/ENG/94640080/2009				EPI_ISL_71175				
A/ENG/94740049/2009				EPI_ISL_71176				
A/ENG/94740138/2009				EPI_ISL_71179				
A/ENG/94740139/2009				EPI_ISL_71180				
A/ENG/94760027/2009				EPI_ISL_71182				
A/ENG/00380005/2009				EPI_ISL_71187				
A/ENG/00380004/2009				EPI_ISL_71186				
A/ENG/00380013/2009				EPI_ISL_71189				
A/ENG/00380009/2009				EPI_ISL_71188				
A/ENG/00380015/2009				EPI_ISL_71190				
A/ENG/00380020/2009				EPI_ISL_71192				
A/ENG/94780010/2009				EPI_ISL_71200				
A/ENG/94780023/2009				EPI_ISL_71203				
A/ENG/94780029/2009				EPI_ISL_71206				
A/ENG/94920013/2009				EPI_ISL_71208				
A/Madrid/RC1/2009				EPI_ISL_71210				
A/Madrid/RC12/2009				EPI_ISL_71213				
A/Madrid/RC2/2009				EPI_ISL_71215				
A/Madrid/RC4/2009				EPI_ISL_71217				
A/Germany-MV/HGW4/09				EPI_ISL_71225				
A/Athens/INS85/2009				EPI_ISL_71231				
A/Aarhus/INS82/2009				EPI_ISL_71230				
A/Brussels/INS71/2009				EPI_ISL_71232				
A/Copenhagen/INS96/2009				EPI_ISL_71234				
A/Malmoe/1/2010				EPI_ISL_71332				
A/Austria/278/2009				EPI_ISL_104147				
A/Austria/280/2009				EPI_ISL_104167				
A/Austria/283/2009				EPI_ISL_104185				
A/Austria/284/2009				EPI_ISL_104187				
A/Austria/285/2009				EPI_ISL_104188				
A/Netherlands/1132/2009				EPI_ISL_71449				
A/Hamburg/INS92/2009				EPI_ISL_71480				
A/Austria/293/2009				EPI_ISL_104961				
A/Austria/294/2009				EPI_ISL_104963				
A/Austria/296/2009				EPI_ISL_105000				
A/Austria/298/2009				EPI_ISL_105042				
A/Austria/303/2009				EPI_ISL_105057				
A/Austria/302/2009				EPI_ISL_105056				
A/Austria/308/2009				EPI_ISL_105124				
A/Austria/309/2009				EPI_ISL_105126				
A/Austria/311/2009				EPI_ISL_105130				
A/Austria/313/2009				EPI_ISL_105704				
A/Austria/314/2009				EPI_ISL_105707				
A/Austria/316/2009				EPI_ISL_105709				
A/Austria/320/2009				EPI_ISL_105713				
A/Austria/325/2009				EPI_ISL_105793				
A/Austria/328/2009				EPI_ISL_105796				
A/Austria/330/2009				EPI_ISL_105798				
A/Bayern/75/2009				EPI_ISL_175364				
A/Brandenburg/28/2009				EPI_ISL_73693				
A/Brandenburg/24/2009				EPI_ISL_73692				
A/Brandenburg/37/2009				EPI_ISL_73695				
A/Brandenburg/42/2009				EPI_ISL_175361				
A/Brandenburg/43/2009				EPI_ISL_175382				
A/Berlin/147/2009				EPI_ISL_73701				
A/Berlin/130/2009				EPI_ISL_73700				
A/Berlin/187/2009				EPI_ISL_73703				
A/Bremen/18/2009				EPI_ISL_175368				
A/Baden-Wuerttemberg/459/2009				EPI_ISL_73713				
A/Baden-Wuerttemberg/490/2009				EPI_ISL_73715				
A/Hamburg/6/2009				EPI_ISL_175363				
A/Hessen/48/2009				EPI_ISL_73720				
A/Mecklenburg-Vorpommern/6/2009				EPI_ISL_175406				
A/Mecklenburg-Vorpommern/1/2009				EPI_ISL_175355				
A/Nordrhein-Westfalen/152/2009				EPI_ISL_73729				
A/Nordrhein-Westfalen/137/2009				EPI_ISL_73728				
A/Nordrhein-Westfalen/94/2009				EPI_ISL_73733				
A/Niedersachsen/134/2009				EPI_ISL_73737				
A/Niedersachsen/216/2009				EPI_ISL_73739				
A/Niedersachsen/91/2009				EPI_ISL_73749				
A/Niedersachsen/88/2009				EPI_ISL_73748				
A/Niedersachsen/92/2009				EPI_ISL_73750				
A/Rheinland-Pfalz/43/2009				EPI_ISL_73752				
A/Rheinland-Pfalz/86/2009				EPI_ISL_175404				
A/Sachsen/129/2009				EPI_ISL_73757				
A/Sachsen/180/2009				EPI_ISL_73760				
A/Sachsen/97/2009				EPI_ISL_175372				
A/Sachsen-Anhalt/127/2009				EPI_ISL_73765				
A/Sachsen-Anhalt/137/2009				EPI_ISL_73768				
A/Schleswig-Holstein/16/2009				EPI_ISL_73773				
A/Baden-Wuerttemberg/10/2010				EPI_ISL_73779				
A/Thueringen/227/2009				EPI_ISL_73778				
A/Baden-Wuerttemberg/8/2010				EPI_ISL_73781				
A/Baden-Wuerttemberg/4/2010				EPI_ISL_73780				
A/Sachsen/4/2010				EPI_ISL_73782				
A/Tver/IIV-183/2009				EPI_ISL_73785				
A/Yaroslavl/IIV-198/2009				EPI_ISL_73786				
A/Orenburg/IIV-13/2010				EPI_ISL_73804	EPI254062			EPI254065
A/Paris/1710/2010				EPI_ISL_106782				
A/Bilthoven/4310901550/2009				EPI_ISL_74040				
A/Bilthoven/4360902795/2009				EPI_ISL_74047				
A/Bilthoven/4360902781/2009				EPI_ISL_74046				
A/Bilthoven/4360903089/2009				EPI_ISL_74050				
A/Bilthoven/4360903107/2009				EPI_ISL_74052				
A/Bilthoven/4360903118/2009				EPI_ISL_74055				
A/Bilthoven/4360903109/2009				EPI_ISL_74054				
A/Bilthoven/4360903600/2009				EPI_ISL_74057				
A/Bilthoven/4360903119/2009				EPI_ISL_74056				
A/Bilthoven/4360903707/2009				EPI_ISL_74058				
A/Yaroslavl/IIV-196/2009				EPI_ISL_74207				
A/Albania/2193/2009				EPI_ISL_74444				
A/Lisboa/111/2009				EPI_ISL_77480				
A/France/6808/09				EPI_ISL_74457				
A/Poland/902/2009				EPI_ISL_74458				
A/Athens/2243/2010				EPI_ISL_74461				
A/Livadia/1851/2010				EPI_ISL_74460				
A/Athens/2316/2010				EPI_ISL_74463				
A/Pirgos/2277/2010				EPI_ISL_74462				
A/Bulgaria/1642/2009				EPI_ISL_74466				
A/Ireland/M79555/2009				EPI_ISL_74476				
A/Slovenia/5662/2009				EPI_ISL_74479				
A/Slovenia/5711/2009				EPI_ISL_74481				
A/Slovenia/5681/2009				EPI_ISL_74480				
A/Latvia/12-1488/2009				EPI_ISL_74760				
A/Iceland/173/2009				EPI_ISL_74489				
A/Iceland/162/2009				EPI_ISL_74742				
A/Iceland/179/2009				EPI_ISL_74491				
A/Slovenia/4240/2009				EPI_ISL_74493				
A/Iceland/180/2009				EPI_ISL_74744				
A/Slovenia/5555/2009				EPI_ISL_74499				
A/Slovenia/5535/2009				EPI_ISL_74498				
A/Slovenia/5613/2009				EPI_ISL_74501				
A/Salamanca/37/2009				EPI_ISL_74507				
A/Soria/36/2009				EPI_ISL_74506				
A/Iceland183/2009				EPI_ISL_74521				
A/Macedonia/3369/2009				EPI_ISL_74523				
A/Macedonia/3302/2009				EPI_ISL_74522				
A/Cyprus/5870/2010				EPI_ISL_74525				
A/Cyprus/5800/2010				EPI_ISL_74524				
A/Ostrava_221/10				EPI_ISL_74536				
A/Thessaloniki/791/2010				EPI_ISL_74539				
A/Thessaloniki/788/2010				EPI_ISL_74538				
A/Marseille/3416/2009				EPI_ISL_74540				
A/Luxembourg/42/2010				EPI_ISL_74751				
A/Luxembourg/251/2010				EPI_ISL_74753				
A/Luxembourg/184/2010				EPI_ISL_74752				
A/Belgium/G4747/2009				EPI_ISL_74754				
A/Samos_Island/2161/2010				EPI_ISL_74756				
A/Latvia/2-37/2010				EPI_ISL_74761				
A/Aarhus/INS116/2009				EPI_ISL_75091				
A/Aarhus/INS118/2009				EPI_ISL_75092				
A/Athens/INS126/2009				EPI_ISL_75096				
A/Athens/INS156/2009				EPI_ISL_75098				
A/Athens/INS160/2009				EPI_ISL_75101				
A/Athens/INS159/2009				EPI_ISL_75100				
A/Athens/INS162/2009				EPI_ISL_75103				
A/Athens/INS166/2009				EPI_ISL_75107				
A/Bonn/INS178/2010				EPI_ISL_75113	EPI258463			EPI258466
A/Copenhagen/INS144/2009				EPI_ISL_75133				
A/Madrid/INS129/2009				EPI_ISL_75139				
A/Madrid/INS186/2009				EPI_ISL_75145				
A/Tallinn/INS181/2009				EPI_ISL_75151				
A/Tallinn/INS183/2010				EPI_ISL_75153	EPI258783			EPI258786
A/Tallinn/INS182/2010				EPI_ISL_75152	EPI258775			EPI258778
A/Terrassa/INS172/2009				EPI_ISL_75154				
A/Terrassa/INS174/2009				EPI_ISL_75156				
A/Tessenderlo/INS191/2009				EPI_ISL_75159				
A/Tessenderlo/INS138/2009				EPI_ISL_75158				
A/Tessenderlo/INS192/2009				EPI_ISL_75160				
A/Warsaw/INS146/2009				EPI_ISL_75163				
A/Vienna/INS179/2010				EPI_ISL_75162	EPI258855			EPI258858
A/Rome/682/2009				EPI_ISL_75333				
A/Rome/681/2009				EPI_ISL_75332				
A/Rome/684/2009				EPI_ISL_75335				
A/Rome/683/2009				EPI_ISL_75334				
A/Rome/685/2009				EPI_ISL_75336				
A/Oslo/INS110/2009				EPI_ISL_75359				
A/Stockholm/3/2010				EPI_ISL_75788				
A/Arkhangelsk/CRIE-GNY/2009				EPI_ISL_75790				
A/Ivanovo/CRIE-KOE/2009				EPI_ISL_75807				
A/Stavropol/CRIE-BLV/2009				EPI_ISL_75808				
A/Moscow_oblast/CRIE-DEI/2009				EPI_ISL_75813				
A/Yakutsk/CRIE-EAV/2009				EPI_ISL_75817				
A/Orel/CRIE-KAI1/2009				EPI_ISL_75816				
A/Athens.GR/3712/2010				EPI_ISL_206895				
A/Kaliningrad/CRIE-KG/2009				EPI_ISL_75823				
A/Kaliningrad/CRIE-DA/2009				EPI_ISL_75824				
A/Patra.GR/2664/2010				EPI_ISL_206896				
A/Moscow/CRIE-Th/2009				EPI_ISL_75826				
A/Moscow/CRIE-GSE/2009				EPI_ISL_75828				
A/Astrakhan/CRIE-PIV/2009				EPI_ISL_75830				
A/Perm/CRIE-SHEO/2009				EPI_ISL_75833				
A/Tumen/CRIE-KIN/2009				EPI_ISL_75832				
A/Rostov_oblast/CRIE-SHAV/2009				EPI_ISL_75835				
A/Murmansk/CRIE-SLV/2009				EPI_ISL_75840				
A/Murmansk/CRIE-JAS/2009				EPI_ISL_75844				
A/Murmansk/CRIE-PVR/2009				EPI_ISL_75846				
A/Moscow_oblast/CRIE-SKV/2009				EPI_ISL_75851				
A/Ulyanovsk/CRIE-SHTA/2009				EPI_ISL_75854				
A/St.Petersburg/CRIE-PHP/2009				EPI_ISL_75857				
A/Moscow_oblast/CRIE-BGI/2009				EPI_ISL_75858				
A/Athens.GR/728/2009				EPI_ISL_220852				
A/Barcelona/INS190/2009				EPI_ISL_76063				
A/ENG/XFL00473/2009				EPI_ISL_76153				
A/ENG/219/2009				EPI_ISL_76152				
A/SC/10/2009				EPI_ISL_76155				
A/ENG/246/2009				EPI_ISL_76159				
A/ENG/XFL00418/2009				EPI_ISL_76160				
A/ENG/254/2009				EPI_ISL_76162				
A/ENG/XFL00304/2009				EPI_ISL_76169				
A/ENG/XFL00275/2009				EPI_ISL_76168				
A/ENG/266/2009				EPI_ISL_76177				
A/ENG/XFL00482/2009				EPI_ISL_76176				
A/ENG/382/2009				EPI_ISL_76181				
A/ENG/385/2009				EPI_ISL_76183				
A/ENG/386/2009				EPI_ISL_76184				
A/ENG/402/2009				EPI_ISL_76189				
A/ENG/423/2009				EPI_ISL_76190				
A/ENG/433/2009				EPI_ISL_76194				
A/ENG/253/2009				EPI_ISL_76196				
A/ENG/414/2009				EPI_ISL_76199				
A/Netherlands/1084/2009				EPI_ISL_76458				
A/Netherlands/1493b/2009				EPI_ISL_76461				
A/Netherlands/2243/2009				EPI_ISL_76464				
A/Netherlands/2445b/2009				EPI_ISL_76467				
A/Netherlands/2457b/2009				EPI_ISL_76468				
A/Netherlands/2631b/2009				EPI_ISL_76470	EPI269493			EPI269496
A/Malmoe/2/2010				EPI_ISL_76485				
A/Gdansk/037/2009				EPI_ISL_76488				
A/Athens/INS274/2009				EPI_ISL_76834				
A/Bonn/INS277/2009				EPI_ISL_76836				
A/Vienna/INS291/2009				EPI_ISL_76845				
A/Aarhus/INS237/2009				EPI_ISL_76858				
A/Aarhus/INS241/2009				EPI_ISL_76861				
A/Aarhus/INS240/2009				EPI_ISL_76860				
A/Athens/INS257/2009				EPI_ISL_76868				
A/Athens/INS261/2009				EPI_ISL_76871				
A/Athens/INS260/2009				EPI_ISL_76870				
A/Athens/INS263/2009				EPI_ISL_76873				
A/Athens/INS266/2009				EPI_ISL_76875				
A/Athens/INS268/2009				EPI_ISL_76877				
A/Athens/INS270/2009				EPI_ISL_76879				
A/Athens/INS269/2009				EPI_ISL_76878				
A/Bochum/INS249/2009				EPI_ISL_76881				
A/Bonn/INS280/2009				EPI_ISL_76883				
A/Bochum/INS250/2009				EPI_ISL_76882				
A/Brussels/INS209/2009				EPI_ISL_76887				
A/Brussels/INS208/2009				EPI_ISL_76886				
A/Madrid/INS222/2009				EPI_ISL_76897				
A/Madrid/INS225/2009				EPI_ISL_76899				
A/Madrid/INS223/2009				EPI_ISL_76898				
A/Munich/INS247/2009				EPI_ISL_76901				
A/Munich/INS246/2009				EPI_ISL_76900				
A/Bayern/74/2009				EPI_ISL_282926				
A/Mecklenburg-Vorpommern/T2639/2009				EPI_ISL_175367				
A/Berlin/10/2010				EPI_ISL_175379				
A/Sachsen-Anhalt/9/2010				EPI_ISL_175380				
A/Bayern/77/2009				EPI_ISL_175387				
A/Berlin/90/2009				EPI_ISL_175389				
A/Hamburg/16/2009				EPI_ISL_175392				
A/Berlin/199/2009				EPI_ISL_175399				
A/Schleswig-Holstein/1/2010				EPI_ISL_175402				
A/Bayern/T4324/2010				EPI_ISL_175400				
A/Hamburg/10/2009				EPI_ISL_175409				
A/Baden-Wuerttemberg/13/2010				EPI_ISL_175416				
A/Berlin/14/2010				EPI_ISL_175420				
A/Nordrhein-Westfalen/11/2010				EPI_ISL_175426				
A/Baden-Wuerttemberg/14/2010				EPI_ISL_175425				
A/Nordrhein-Westfalen/14/2010				EPI_ISL_175430				
A/Berlin/18/2010				EPI_ISL_175431				
A/Lisboa/105/2009				EPI_ISL_77477				
A/Lisboa/159/2009				EPI_ISL_77485				
A/Lisboa/29/2009				EPI_ISL_77491				
A/Lisboa/2/2010				EPI_ISL_77490				
A/Lisboa/31/2009				EPI_ISL_77492				
A/Lisboa/4/2010				EPI_ISL_77495				
A/Lisboa/51/2009				EPI_ISL_77497				
A/Lisboa/5/2010				EPI_ISL_77496				
A/Lisboa/58/2009				EPI_ISL_77499				
A/Lisboa/69/2009				EPI_ISL_77510				
A/Lisboa/71/2009				EPI_ISL_77512				
A/Lisboa/74/2009				EPI_ISL_77515				
A/Lisboa/76/2009				EPI_ISL_77517				
A/Lisboa/75/2009				EPI_ISL_77516				
A/Lisboa/78/2009				EPI_ISL_77519				
A/Lisboa/77/2009				EPI_ISL_77518				
A/Lisboa/79/2009				EPI_ISL_77520				
A/Lisboa/81/2009				EPI_ISL_77522				
A/Saratov/07/2010				EPI_ISL_77681				
A/St._Petersburg/204/2010				EPI_ISL_77683	EPI278897			EPI278898
A/St._Petersburg/103/2010				EPI_ISL_77685				
A/Ukraine/199/2010				EPI_ISL_77713				
A/Ukraine/203/2009				EPI_ISL_77714				
A/Dnipropetrovsk/448/2010				EPI_ISL_77717				
A/Dnipropetrovsk/445/2010				EPI_ISL_77716				
A/Chita/03/2009				EPI_ISL_77815				
A/Athens/INS353/2009				EPI_ISL_77820				
A/Athens/INS357/2009				EPI_ISL_77823				
A/Athens/INS358/2009				EPI_ISL_77824				
A/Berlin/INS361/2009				EPI_ISL_77826				
A/Madrid/INS299/2009				EPI_ISL_77881				
A/Madrid/INS298/2009				EPI_ISL_77880				
A/ENG/93720014/2009				EPI_ISL_78144				
A/ENG/801/2009				EPI_ISL_78146				
A/ENG/93780034/2009				EPI_ISL_78149				
A/ENG/93760003/2009				EPI_ISL_78148				
A/ENG/93780041/2009				EPI_ISL_78150				
A/ENG/93820003/2009				EPI_ISL_78153				
A/ENG/93840010/2009				EPI_ISL_78157				
A/ENG/93820019/2009				EPI_ISL_78156				
A/ENG/93880062/2009				EPI_ISL_78167				
A/SC/93880057/2009				EPI_ISL_78166				
A/ENG/93960018/2009				EPI_ISL_78171				
A/ENG/1005/2009				EPI_ISL_78173				
A/SC/93980120/2009				EPI_ISL_78172				
A/ENG/707/2009				EPI_ISL_78177				
A/ENG/706/2009				EPI_ISL_78176				
A/ENG/709/2009				EPI_ISL_78179				
A/ENG/708/2009				EPI_ISL_78178				
A/ENG/1008/2009				EPI_ISL_78182				
A/ENG/94020500/2009				EPI_ISL_78186				
A/ENG/94060040/2009				EPI_ISL_78191				
A/ENG/1012/2009				EPI_ISL_78195				
A/ENG/720/2009				EPI_ISL_78196				
A/ENG/721/2009				EPI_ISL_78198				
A/ENG/724/2009				EPI_ISL_78203				
A/ENG/94120043/2009				EPI_ISL_78205				
A/ENG/1014/2009				EPI_ISL_78207				
A/ENG/94120045/2009				EPI_ISL_78206				
A/ENG/1023/2009				EPI_ISL_78216				
A/SC/94160459/2009				EPI_ISL_78222				
A/SC/29/2009				EPI_ISL_78225				
A/SC/89/2009				EPI_ISL_78227				
A/SC/91/2009				EPI_ISL_78226				
A/SC/94180012/2009				EPI_ISL_78228				
A/ENG/733/2009				EPI_ISL_78233				
A/ENG/731/2009				EPI_ISL_78236				
A/ENG/995/2009				EPI_ISL_78239				
A/ENG/94200007/2009				EPI_ISL_78238				
A/ENG/736/2009				EPI_ISL_78243				
A/ENG/740/2009				EPI_ISL_78242				
A/SC/94280017/2009				EPI_ISL_78260				
A/ENG/94280027/2009				EPI_ISL_78263				
A/ENG/94300096/2009				EPI_ISL_78267				
A/ENG/94300093/2009				EPI_ISL_78266				
A/ENG/1081/2009				EPI_ISL_78271				
A/ENG/750/2009				EPI_ISL_78270				
A/ENG/743/2009				EPI_ISL_78274				
A/ENG/94320741/2009				EPI_ISL_78276				
A/SC/37/2009				EPI_ISL_78278				
A/ENG/764/2009				EPI_ISL_78280				
A/ENG/94340249/2009				EPI_ISL_78287				
A/ENG/94340253/2009				EPI_ISL_78288				
A/ENG/94340816/2009				EPI_ISL_78293				
A/ENG/772/2009				EPI_ISL_78299				
A/SC/39/2009				EPI_ISL_78302				
A/ENG/94400248/2009				EPI_ISL_78307				
A/ENG/94400574/2009				EPI_ISL_78308				
A/SC/94420090/2009				EPI_ISL_78311				
A/SC/94420091/2009				EPI_ISL_78312				
A/ENG/813/2009				EPI_ISL_78316				
A/ENG/809/2009				EPI_ISL_78319				
A/ENG/795/2009				EPI_ISL_78320				
A/ENG/825/2009				EPI_ISL_78323				
A/ENG/822/2009				EPI_ISL_78322				
A/ENG/837/2009				EPI_ISL_78333				
A/ENG/832/2009				EPI_ISL_78332				
A/ENG/834/2009				EPI_ISL_78334				
A/SC/61/2009				EPI_ISL_78343				
A/ENG/841/2009				EPI_ISL_78342				
A/ENG/842/2009				EPI_ISL_78345				
A/SC/66/2009				EPI_ISL_78348				
A/ENG/94700021/2009				EPI_ISL_78350				
A/ENG/94760192/2009				EPI_ISL_78363				
A/ENG/94760211/2009				EPI_ISL_78365				
A/SC/80/2009				EPI_ISL_78371				
A/ENG/859/2009				EPI_ISL_78383				
A/ENG/861/2009				EPI_ISL_78382				
A/ENG/94860699/2009				EPI_ISL_78387				
A/ENG/868/2009				EPI_ISL_78386				
A/ENG/94700035/2009				EPI_ISL_78391				
A/ENG/94760209/2009				EPI_ISL_78393				
A/ENG/94800066/2009				EPI_ISL_78397				
A/ENG/94780318/2009				EPI_ISL_78396				
A/ENG/94800096/2009				EPI_ISL_78399				
A/ENG/887/2009				EPI_ISL_78401				
A/ENG/903/2009				EPI_ISL_78402				
A/ENG/94840777/2009				EPI_ISL_78407				
A/ENG/865/2009				EPI_ISL_78412				
A/ENG/898/2009				EPI_ISL_78415				
A/ENG/94860684/2009				EPI_ISL_78416				
A/SC/84/2009				EPI_ISL_78419				
A/ENG/899/2009				EPI_ISL_78418				
A/SC/83/2009				EPI_ISL_78420				
A/ENG/94880537/2009				EPI_ISL_78425				
A/ENG/921/2009				EPI_ISL_78427				
A/ENG/920/2009				EPI_ISL_78426				
A/ENG/1048/2009				EPI_ISL_78429				
A/SC/98/2009				EPI_ISL_78428				
A/ENG/941/2009				EPI_ISL_78431				
A/ENG/940/2009				EPI_ISL_78433				
A/SC/100/2009				EPI_ISL_78439				
A/ENG/933/2009				EPI_ISL_78441				
A/ENG/1055/2009				EPI_ISL_78444				
A/SC/101/2009				EPI_ISL_78448				
A/SC/104/2009				EPI_ISL_78458				
A/ENG/888/2009				EPI_ISL_78464				
A/ENG/895/2009				EPI_ISL_78469				
A/ENG/897/2009				EPI_ISL_78470				
A/Germany/AF2206/2010				EPI_ISL_78507				
A/Germany/AF2208/2010				EPI_ISL_78509				
A/Germany/AF2207/2010				EPI_ISL_78508				
A/Germany/AF2210/2010				EPI_ISL_78511				
A/Germany/AF2209/2010				EPI_ISL_78510				
A/Germany/AF2211/2010				EPI_ISL_78512				
A/Athens/INS389/2010				EPI_ISL_78733	EPI277117			EPI277120
A/Athens/INS391/2010				EPI_ISL_78735	EPI277133			EPI277136
A/Athens/INS390/2010				EPI_ISL_78734	EPI277125			EPI277128
A/Athens/INS396/2010				EPI_ISL_78737	EPI277149			EPI277152
A/Athens/INS394/2010				EPI_ISL_78736	EPI277141			EPI277144
A/Athens/INS398/2010				EPI_ISL_78739	EPI277165			EPI277168
A/Athens/INS397/2010				EPI_ISL_78738	EPI277157			EPI277160
A/Athens/INS412/2010				EPI_ISL_78741	EPI277181			EPI277184
A/Athens/INS411/2010				EPI_ISL_78740	EPI277173			EPI277176
A/Athens/INS414/2010				EPI_ISL_78743	EPI277197			EPI277200
A/Athens/INS413/2010				EPI_ISL_78742	EPI277189			EPI277192
A/Athens/INS419/2010				EPI_ISL_78745	EPI277213			EPI277216
A/Athens/INS417/2010				EPI_ISL_78744	EPI277205			EPI277208
A/Athens/INS421/2010				EPI_ISL_78747	EPI277229			EPI277232
A/Athens/INS420/2010				EPI_ISL_78746	EPI277221			EPI277224
A/Bochum/INS375/2009				EPI_ISL_78755				
A/Berlin/INS430/2010				EPI_ISL_78754	EPI277285			EPI277288
A/Frankfurt/INS403/2010				EPI_ISL_78761	EPI277334			EPI277337
A/Frankfurt/INS402/2010				EPI_ISL_78760	EPI277326			EPI277329
A/Tallinn/INS372/2009				EPI_ISL_78781				
A/Tallinn/INS373/2010				EPI_ISL_78782	EPI277502			EPI277505
A/Warsaw/INS405/2009				EPI_ISL_78785				
A/Vienna/INS368/2010				EPI_ISL_78784	EPI277518			EPI277521
A/Wurzburg/INS382/2009				EPI_ISL_78788				
A/Moscow/WR1866N/2009				EPI_ISL_78851				
A/Moldova/112/2010				EPI_ISL_78877				
A/Moldova/14/2010				EPI_ISL_78879				
A/Moldova/143/2010				EPI_ISL_78878				
A/Moldova/227/2010				EPI_ISL_78881				
A/Moldova/226/2010				EPI_ISL_78880				
A/Moldova/30/2010				EPI_ISL_78883				
A/Moldova/288/2010				EPI_ISL_78882				
A/Moldova/3245/2009				EPI_ISL_78885				
A/Moldova/3710/2009				EPI_ISL_78887				
A/Moldova/351/2010				EPI_ISL_78886				
A/Moldova/379/2010				EPI_ISL_78888				
A/Moldova/502/2010				EPI_ISL_78890				
A/Moldova/61/2010				EPI_ISL_78895				
A/Moldova/599/2010				EPI_ISL_78894				
A/Moldova/639/2010				EPI_ISL_78897				
A/Moldova/63/2010				EPI_ISL_78896				
A/Moldova/717/2010				EPI_ISL_78899				
A/Moldova/66/2010				EPI_ISL_78898				
A/Moldova/773/2010				EPI_ISL_78901				
A/Moldova/726/2010				EPI_ISL_78900				
A/Moldova/838/2010				EPI_ISL_78903				
A/Moldova/8/2010				EPI_ISL_78902				
A/Moldova/881/2010				EPI_ISL_78905				
A/Moldova/860/2010				EPI_ISL_78904				
A/Moldova/92/2010				EPI_ISL_78907				
A/Moldova/906/2010				EPI_ISL_78906				
A/Moldova/93/2010				EPI_ISL_78908				
A/Ukraine/123/2010				EPI_ISL_79191				
A/Ukraine/132/2010				EPI_ISL_79190				
A/Ukraine/131/2010				EPI_ISL_79193				
A/Ukraine/122/2010				EPI_ISL_79192				
A/Latvia/2-764/2010				EPI_ISL_79195				
A/Latvia/2-953/2010				EPI_ISL_79194				
A/Vologda/3/2010				EPI_ISL_79199				
A/St._Petersburg/182/2010				EPI_ISL_79201				
A/St._Petersburg/20/2010				EPI_ISL_79200				
A/Belgorod/2/2010				EPI_ISL_79202				
A/Dniprodzerdzinsk/290/2009				EPI_ISL_79212				
A/Argos/2231/2010				EPI_ISL_79214				
A/Slovakia/1580/2010				EPI_ISL_79217				
A/Slovakia/246/2009				EPI_ISL_79218				
A/Norway/238/2010				EPI_ISL_79223				
A/Norway/445/2010				EPI_ISL_79224				
A/Finland/714/2009(H1N1)				EPI_ISL_145294				
A/Finland/717/2009(H1N1)				EPI_ISL_145297				
A/Madrid/1377194/2009				EPI_ISL_80263				
A/Stockholm/5/2010				EPI_ISL_81055				
A/Valencia/GP158/2009				EPI_ISL_82224				
A/Andalucia/GP201/2009				EPI_ISL_82229				
A/Andalucia/GP199/2009				EPI_ISL_82228				
A/Andalucia/GP234/2009				EPI_ISL_82233				
A/Andalucia/GP232/2009				EPI_ISL_82232				
A/Galicia/GP1009/2009				EPI_ISL_82283				
A/Galicia/GP1012/2009				EPI_ISL_82284				
A/Valencia/GP1131/2009				EPI_ISL_82295				
A/Madrid/GP1168/2009				EPI_ISL_82297				
A/CastillayLeon/GP1208/2009				EPI_ISL_82298				
A/Navarra/RR4356/2009				EPI_ISL_82331				
A/Navarra/RR4369/2009				EPI_ISL_82333				
A/Navarra/RR4366/2009				EPI_ISL_82332				
A/Finland/567/2009				EPI_ISL_83355				
A/Finland/569/2009				EPI_ISL_83357				
A/Finland/571/2009				EPI_ISL_83358				
A/Finland/577/2009				EPI_ISL_83361				
A/Finland/576/2009				EPI_ISL_83360				
A/Finland/582/2009				EPI_ISL_83366				
A/Finland/584/2009				EPI_ISL_83368		EPI_ISL_150396		
A/Finland/597/2009				EPI_ISL_83375				
A/Finland/596/2009				EPI_ISL_83374				
A/Finland/599/2009				EPI_ISL_83377				
A/Finland/602/2009				EPI_ISL_83380				
A/Finland/609/2009				EPI_ISL_83387				
A/Finland/612/2009				EPI_ISL_83390				
A/Finland/616/2009				EPI_ISL_83393				
A/Finland/630/2009				EPI_ISL_83407				
A/Finland/634/2009				EPI_ISL_83411				
A/Finland/636/2009				EPI_ISL_83413		EPI_ISL_150395		
A/Finland/641/2009				EPI_ISL_83414				
A/Finland/644/2009				EPI_ISL_83417				
A/Finland/643/2009				EPI_ISL_83416				
A/Finland/645/2009				EPI_ISL_83418				
A/Finland/649/2009				EPI_ISL_83422				
A/Finland/656/2009				EPI_ISL_83427				
A/Finland/658/2009				EPI_ISL_83429				
A/Finland/657/2009				EPI_ISL_83428				
A/Finland/660/2009				EPI_ISL_83431				
A/Finland/661/2009				EPI_ISL_83432				
A/Finland/671/2009				EPI_ISL_83441				
A/Finland/673/2009				EPI_ISL_83443				
A/Finland/684/2009				EPI_ISL_83451				
A/Finland/683/2009				EPI_ISL_83450				
A/Finland/690/2009				EPI_ISL_83457				
A/Finland/700/2009				EPI_ISL_83467				
A/Finland/709/2009				EPI_ISL_83471				
A/Finland/3/2010				EPI_ISL_83473				
A/Finland/2/2010				EPI_ISL_83472				
A/Finland/5/2010				EPI_ISL_83475				
A/Finland/4/2010				EPI_ISL_83474				
A/Finland/572/2009				EPI_ISL_83477				
A/Finland/570/2009				EPI_ISL_83476				
A/Finland/670/2009				EPI_ISL_83478				
A/Finland/679/2009				EPI_ISL_83481				
A/Finland/703/2009				EPI_ISL_83483				
A/England/4880374/2010				EPI_ISL_83907	EPI294668			EPI294669
A/England/3220137/2010				EPI_ISL_83909	EPI294683			EPI294684
A/England/118/2010				EPI_ISL_85743	EPI294675			EPI294676
A/England/4780352/2010				EPI_ISL_83910				
A/Stockholm/13/2010				EPI_ISL_85741	EPI484612			EPI484613
A/Cataluna/GP367/2009				EPI_ISL_84201				
A/Cataluna/GP366/2009				EPI_ISL_84200				
A/Cataluna/GP459/2009				EPI_ISL_84205				
A/Cataluna/GP396/2009				EPI_ISL_84204				
A/Cataluna/GP239/2009				EPI_ISL_84215				
A/Cataluna/GP35/2009				EPI_ISL_84220				
A/Bulgaria/034/2010				EPI_ISL_84227				
A/Bulgaria/033/2010				EPI_ISL_84226				
A/Bulgaria/035/2010				EPI_ISL_84228				
A/Slovakia/1614/2010				EPI_ISL_84235				
A/Slovakia/1624/2010				EPI_ISL_84237				
A/Slovakia/1623/2010				EPI_ISL_84236				
A/Slovakia/1626/2010				EPI_ISL_84239				
A/Slovakia/1625/2010				EPI_ISL_84238				
A/Switzerland/3628801/2010				EPI_ISL_84241				
A/Slovakia/1634/2010				EPI_ISL_84240				
A/Switzerland/3628824/2010				EPI_ISL_84242				
A/England/85/2010				EPI_ISL_84245				
A/England/79/2010				EPI_ISL_84244				
A/England/87/2010				EPI_ISL_84247				
A/England/86/2010				EPI_ISL_84246				
A/England/91/2010				EPI_ISL_84249				
A/England/90/2010				EPI_ISL_84248				
A/England/93/2010				EPI_ISL_84251				
A/England/83/2010				EPI_ISL_84250				
A/England/99/2010				EPI_ISL_84253				
A/England/4500186/2010				EPI_ISL_84252				
A/England/117/2010				EPI_ISL_84255				
A/England/106/2010				EPI_ISL_84254				
A/England/124/2010				EPI_ISL_84257				
A/England/107/2010				EPI_ISL_84256				
A/England/126/2010				EPI_ISL_84259				
A/England/125/2010				EPI_ISL_84258				
A/England/139/2010				EPI_ISL_84261				
A/England/119/2010				EPI_ISL_85744				
A/England/4860049/2010				EPI_ISL_84263				
A/England/4840022/2010				EPI_ISL_84262				
A/England/4960201/2010				EPI_ISL_84265				
A/England/4940126/2010				EPI_ISL_84264				
A/England/4980078/2010				EPI_ISL_84267				
A/England/4980074/2010				EPI_ISL_84266				
A/England/5000135/2010				EPI_ISL_84269				
A/England/5000125/2010				EPI_ISL_84268				
A/England/68/2010				EPI_ISL_84271				
A/England/5500192/2010				EPI_ISL_84270				
A/England/4380108/2010				EPI_ISL_84273				
A/England/3380426/2010				EPI_ISL_84272				
A/England/142/2010				EPI_ISL_85746				
A/England/4640543/2010				EPI_ISL_84274				
A/England/4920303/2010				EPI_ISL_84277				
A/England/4880378/2010				EPI_ISL_84276				
A/England/280/2010				EPI_ISL_84279				
A/England/4940476/2010				EPI_ISL_84278				
A/England/5040499/2010				EPI_ISL_84280				
A/England/182/2010				EPI_ISL_118457				
A/England/226/2010				EPI_ISL_118459				
A/England/193/2010				EPI_ISL_118458				
A/England/287/2010				EPI_ISL_118461				
A/England/272/2010				EPI_ISL_118460				
A/England/181/2010				EPI_ISL_118463				
A/England/67/2010				EPI_ISL_118462				
A/England/209/2010				EPI_ISL_118465				
A/England/190/2010				EPI_ISL_118464				
A/Stockholm/12/2010				EPI_ISL_85735				
A/Stockholm/11/2010				EPI_ISL_85734				
A/Jonkoping/1/2010				EPI_ISL_85736				
A/Stockholm/9/2010				EPI_ISL_85739				
A/Stockholm/8/2010				EPI_ISL_85740				
A/England/127/2010				EPI_ISL_85745				
A/England/151/2010				EPI_ISL_85747				
A/La_Reunion/803/2010				EPI_ISL_85751				
A/La_Reunion/823/2010				EPI_ISL_85753				
A/La_Reunion/815/2010				EPI_ISL_85752				
A/Madrid/SO8034/10				EPI_ISL_85755				
A/Lyon/CHU/43.28/2010				EPI_ISL_85754				
A/Navarra/RR6914/10				EPI_ISL_85757				
A/Milano/4/2010				EPI_ISL_85756				
A/Perugia/1/2010				EPI_ISL_85759				
A/Northern_Ireland/1/2010				EPI_ISL_85758				
A/Luxembourg/498/2010				EPI_ISL_85763				
A/Valladolid/53/2010				EPI_ISL_85762				
A/Luxembourg/519/2010				EPI_ISL_85765				
A/Luxembourg/511/2010				EPI_ISL_85764				
A/Luxembourg/542/2010				EPI_ISL_85767				
A/Luxembourg/521/2010				EPI_ISL_85766				
A/PaisVasco/RR6909/10				EPI_ISL_85769				
A/Luxembourg/548/2010				EPI_ISL_85768				
A/Stockholm/14/2010				EPI_ISL_85833				
A/Stockholm/15/2010				EPI_ISL_85832				
A/Berlin/12/2010				EPI_ISL_85947				
A/Baden-Wurttemberg/14/2010				EPI_ISL_85946				
A/England/143/2010				EPI_ISL_85950				
A/Latvia/12-42162/2010				EPI_ISL_85957				
A/Latvia/12-35825/2010				EPI_ISL_85956				
A/Nordrhein-Westfalen/12/2010				EPI_ISL_85961				
A/Nordrhein-Westfalen/13/2010				EPI_ISL_85962				
A/Karlmar/1/2010				EPI_ISL_86161				
A/Halmstad/1/2010				EPI_ISL_86162				
A/Vaxjo/2/2010				EPI_ISL_86164				
A/Moscow/IIV-33/2010				EPI_ISL_86197	EPI307162			EPI307165
A/Norway/1227/2010				EPI_ISL_94686				
A/Norway/1068/2010				EPI_ISL_86460				
A/Stockholm/19/2010				EPI_ISL_93759				
A/Denmark/104/2010				EPI_ISL_87244				
A/Denmark/107/2010				EPI_ISL_87247				
A/Denmark/109/2010				EPI_ISL_87249				
A/Denmark/108/2010				EPI_ISL_87248				
A/Denmark/111/2010				EPI_ISL_87251				
A/Denmark/114/2010				EPI_ISL_87253				
A/Denmark/113/2010				EPI_ISL_87252				
A/Denmark/116/2010				EPI_ISL_87255				
A/Denmark/115/2010				EPI_ISL_87986				
A/Denmark/125/2010				EPI_ISL_87257				
A/Denmark/127/2010				EPI_ISL_87259				
A/Denmark/130/2010				EPI_ISL_87261				
A/Denmark/129/2010				EPI_ISL_87260				
A/Denmark/132/2010				EPI_ISL_87263				
A/Denmark/131/2010				EPI_ISL_87262				
A/Denmark/134/2010				EPI_ISL_87265				
A/Denmark/133/2010				EPI_ISL_87264				
A/Denmark/137/2010				EPI_ISL_87266				
A/Vladivistok/7/2010				EPI_ISL_87285	EPI306385			EPI306381
A/Croatia/18576-1/2010				EPI_ISL_87985				
A/Croatia/17897-2/2010				EPI_ISL_87984				
A/Denmark/120/2010				EPI_ISL_88959				
A/England/334/2010				EPI_ISL_87989				
A/England/404/2010				EPI_ISL_87991				
A/England/375/2010				EPI_ISL_87990				
A/Geneva/4195415/2010				EPI_ISL_90784				
A/Ireland/6534/2010				EPI_ISL_87999				
A/Ireland/72392/2010				EPI_ISL_88000				
A/Poitiers/33/2011				EPI_ISL_88005				
A/Paris/2301/2010				EPI_ISL_88004				
A/Slovenia/1195/2010				EPI_ISL_88007				
A/Slovenia/1098/2010				EPI_ISL_88006				
A/Stockholm/17/2010				EPI_ISL_88051				
A/Karlstad/1/2010				EPI_ISL_88053				
A/St.Petersburg/14/2010				EPI_ISL_88210				
A/Portugal/04/2009				EPI_ISL_154082				
A/Portugal/03/2009				EPI_ISL_154081				
A/Portugal/08/2009				EPI_ISL_154086				
A/Portugal/09/2009				EPI_ISL_154087				
A/Portugal/07/2009				EPI_ISL_154085				
A/Portugal/17/2009				EPI_ISL_154094				
A/Portugal/14/2009				EPI_ISL_154092				
A/Portugal/19/2009				EPI_ISL_154096				
A/Portugal/31/2009				EPI_ISL_154103				
A/Portugal/46/2009				EPI_ISL_154107				
A/Portugal/53/2009				EPI_ISL_154110				
A/Portugal/63/2009				EPI_ISL_154111				
A/Portugal/47/2009				EPI_ISL_154108				
A/Portugal/78/2009				EPI_ISL_154115				
A/Portugal/64/2009				EPI_ISL_154112				
A/Portugal/66/2009				EPI_ISL_154113				
A/Portugal/02/2010				EPI_ISL_154122				
A/Portugal/114/2009				EPI_ISL_154120				
A/Portugal/01/2010				EPI_ISL_154121				
A/Denmark/118/2010				EPI_ISL_88958				
A/Lyon/47.431/2009				EPI_ISL_89018				
A/Lyon/48.49/2009				EPI_ISL_89021				
A/Lyon/48.425/2009				EPI_ISL_89020				
A/Corsica/52/2009				EPI_ISL_89341				
A/Corsica/40/2009				EPI_ISL_89345				
A/Corsica/18/2009				EPI_ISL_89349				
A/Corsica/9/2009				EPI_ISL_89379				
A/Corsica/4/2009				EPI_ISL_89381				
A/Corsica/5/2009				EPI_ISL_89380				
A/Corsica/45/2009				EPI_ISL_89385				
A/Corsica/16/2009				EPI_ISL_89384				
A/LaRioja/RR8065/2010				EPI_ISL_122216				
A/Lisboa/6/2010				EPI_ISL_122314				
A/Athens.GR/918/2009				EPI_ISL_220855				
A/Athens.GR/820/2009				EPI_ISL_220854				
A/Athens.GR/939/2009				EPI_ISL_220859				
A/Athens.GR/926/2009				EPI_ISL_220858				
A/Athens.GR/919/2009				EPI_ISL_220856				
A/Athens.GR/968/2009				EPI_ISL_220862				
A/Athens.GR/943/2009				EPI_ISL_220865				
A/Athens.GR/4469/2009				EPI_ISL_220868				
A/Argos.GR/2231/2010				EPI_ISL_220883				
A/Pirgos.GR/2277/2010				EPI_ISL_220882				
A/Livadia.GR/1851/2010				EPI_ISL_220881				
A/Athens.GR/2316/2010				EPI_ISL_220886				
A/Samos_Island.GR/2161/2010				EPI_ISL_220885				
A/Athens.GR/2243/2010				EPI_ISL_220884				
A/Malmoe/4/2010				EPI_ISL_89881				
A/Malmoe/7/2010				EPI_ISL_89887				
A/Malmoe/8/2010				EPI_ISL_89888				
A/Milan/04/2010				EPI_ISL_89983				
A/Milan/03/2010				EPI_ISL_89982				
A/Milan/10/2010				EPI_ISL_89985				
A/Milan/05/2010				EPI_ISL_89984				
A/Austria/593095/2010				EPI_ISL_90710				
A/Finland/26/2010				EPI_ISL_96780				
A/La_Rioja/RR6966/2010				EPI_ISL_90737				
A/La_Rioja/RR6968/2010				EPI_ISL_90738				
A/Limoges/1159/2010				EPI_ISL_90743				
A/Lyon/3/2010				EPI_ISL_90744				
A/Salamanca/63/2010				EPI_ISL_90753				
A/Zamora/55/2010				EPI_ISL_90755				
A/Trieste/04/2011				EPI_ISL_90757				
A/Luxembourg/568/2010				EPI_ISL_90783				
A/Luxembourg/562/2010				EPI_ISL_90782				
A/England/374/2010				EPI_ISL_90791				
A/England/468/2010				EPI_ISL_90793				
A/England/377/2010				EPI_ISL_90792				
A/England/672/2010				EPI_ISL_90794				
A/England/676/2010				EPI_ISL_90796				
A/Catalonia/43/2009				EPI_ISL_30259				
A/Ireland/35477/2009				EPI_ISL_60199				
A/Ireland/35489/2009				EPI_ISL_60200				
A/Luxembourg/806/2009				EPI_ISL_60203				
A/Ukraine/259/2009				EPI_ISL_60205				
A/Belgium/204/2009				EPI_ISL_60206				
A/Belgium/239/2009				EPI_ISL_60209				
A/Denmark/525/2009				EPI_ISL_60213				
A/Macedonia/63/2009				EPI_ISL_60215				
A/Malta/2SP/2009				EPI_ISL_60218				
A/Malta/1DS/2009				EPI_ISL_60219				
A/Greece/434/2009				EPI_ISL_60223				
A/Slovenia/2106/2009				EPI_ISL_60233				
A/Slovenia/2617/2009				EPI_ISL_60239				
A/Slovenia/2322/2009				EPI_ISL_60242				
A/Slovenia/2628/2009				EPI_ISL_60244				
A/Slovenia/2221/2009				EPI_ISL_60245				
A/Slovenia/2312/2009				EPI_ISL_60246				
A/Cyprus/S25/2009				EPI_ISL_60253				
A/Cyprus/S9/2009				EPI_ISL_60254				
A/Cyprus/S14/2009				EPI_ISL_60256				
A/Bratislava/1239/2009				EPI_ISL_60267				
A/Malta/MV566597/2009				EPI_ISL_60269				
A/Malta/MV567217/2009				EPI_ISL_60270				
A/England/249/2009				EPI_ISL_129391				
A/Modra/1156/2009				EPI_ISL_60278				
A/Moldova/34/2009				EPI_ISL_60279				
A/England/343/2009				EPI_ISL_93049				
A/England/348/2009				EPI_ISL_93053				
A/England/350/2009				EPI_ISL_129394				
A/England/349/2009				EPI_ISL_93054				
A/Latvia/7-833/2009				EPI_ISL_60287				
A/Lisboa/28/2009				EPI_ISL_60288				
A/England/365/2009				EPI_ISL_93060				
A/England/380/2009				EPI_ISL_93064				
A/England/391/2009				EPI_ISL_129396				
A/England/401/2009				EPI_ISL_93069				
A/England/399/2009				EPI_ISL_93068				
A/Ireland/3/2009				EPI_ISL_93073				
A/Ireland/10/2009				EPI_ISL_93072				
A/Ireland/5/2009				EPI_ISL_93075				
A/England/415/2009				EPI_ISL_93076				
A/England/432/2009				EPI_ISL_93081				
A/England/451/2009				EPI_ISL_93087				
A/England/450/2009				EPI_ISL_93086				
A/England/865/2009				EPI_ISL_93089				
A/England/857/2009				EPI_ISL_93088				
A/England/876/2009				EPI_ISL_93090				
A/England/869/2009				EPI_ISL_93092				
A/England/872/2009				EPI_ISL_93096				
A/England/898/2009				EPI_ISL_93099				
A/England/902/2009				EPI_ISL_93098				
A/England/950/2009				EPI_ISL_93100				
A/England/1213/2009				EPI_ISL_93104				
A/England/H093780041/2009				EPI_ISL_93111				
A/Netherlands/2631_1202/2010				EPI_ISL_93244	EPI324287			EPI324290
A/Paris/1156/2010				EPI_ISL_93453				
A/Paris/7976/2010				EPI_ISL_93452				
A/Paris/1158/2010				EPI_ISL_93455				
A/Paris/1157/2010				EPI_ISL_93454				
A/Paris/1159/2010				EPI_ISL_93456				
A/Rome/PTV7/2009				EPI_ISL_93463				
A/Rome/PTV6/2009				EPI_ISL_93462				
A/Rome/PTV8/2009				EPI_ISL_93464				
A/Rome/PTV10/2009				EPI_ISL_93466				
A/Rome/PTV18/2009				EPI_ISL_93474				
A/Stockholm/64/2009				EPI_ISL_60709				
A/Bulgaria/340/2009				EPI_ISL_60871				
A/Bratislava/1258/2009				EPI_ISL_60873				
A/Lithuania/193K/2009				EPI_ISL_60877				
A/Bosnia-Herzegovina/28Sw/2009				EPI_ISL_60878				
A/Iceland/10736/2009				EPI_ISL_60881				
A/Brandenburg/20/2009				EPI_ISL_60975				
A/Catalonia/317/2009				EPI_ISL_60978				
A/Catalonia/331/2009				EPI_ISL_60979				
A/Catalonia/NS508/2009				EPI_ISL_61011				
A/Catalonia/NS867/2009				EPI_ISL_61020				
A/Catalonia/S1107/2009				EPI_ISL_61030				
A/Catalonia/S1113/2009				EPI_ISL_61031				
A/Catalonia/S1120/2009				EPI_ISL_61033				
A/Catalonia/S1128/2009				EPI_ISL_61036				
A/Catalonia/S1153/2009				EPI_ISL_61040				
A/Catalonia/S1173/2009				EPI_ISL_61046				
A/Catalonia/S1187/2009				EPI_ISL_61051				
A/Catalonia/S1207/2009				EPI_ISL_61058				
A/Catalonia/S1209/2009				EPI_ISL_61060				
A/Catalonia/S1227/2009				EPI_ISL_61065				
A/Catalonia/S1236/2009				EPI_ISL_61069				
A/Catalonia/S1237/2009				EPI_ISL_61070				
A/Catalonia/S1254/2009				EPI_ISL_61077				
A/Catalonia/S1268/2009				EPI_ISL_61081				
A/Catalonia/S1269/2009				EPI_ISL_61082				
A/Catalonia/S1272/2009				EPI_ISL_61085				
A/Catalonia/S1276/2009				EPI_ISL_61087				
A/Catalonia/S1285/2009				EPI_ISL_61091				
A/Catalonia/S1286/2009				EPI_ISL_61092				
A/Catalonia/S1300/2009				EPI_ISL_61094				
A/Catalonia/S1350/2009				EPI_ISL_61100				
A/Catalonia/S1353/2009				EPI_ISL_61101				
A/Catalonia/S1369/2009				EPI_ISL_61102				
A/Catalonia/S1411/2009				EPI_ISL_61108				
A/Catalonia/S1435/2009				EPI_ISL_61110				
A/Catalonia/S1453/2009				EPI_ISL_61112				
A/Catalonia/S1478/2009				EPI_ISL_61113				
A/Catalonia/S1515/2009				EPI_ISL_61118				
A/Catalonia/S1525/2009				EPI_ISL_61119				
A/Catalonia/S1587/2009				EPI_ISL_61124				
A/Italy/132/2009				EPI_ISL_61163				
A/Moscow/IIV05/2009				EPI_ISL_61234				
A/Norway/1613/2009				EPI_ISL_61344				
A/Sachsen-Anhalt/97/2009				EPI_ISL_61375				
A/Vladivostok/IIV18/2009				EPI_ISL_61528				
A/Austria/528998/2009				EPI_ISL_94678				
A/Malta/9/2010				EPI_ISL_94693				
A/Timis/2018/2009				EPI_ISL_62003				
A/Kyiv/N1/2009				EPI_ISL_62008				
A/Lviv/N2/2009				EPI_ISL_62009				
A/Khmelnitsky/1/2009				EPI_ISL_62017				
A/Moldova/G-181/2009				EPI_ISL_62021				
A/Moldova/G-182/2009				EPI_ISL_62022				
A/St_Petersburg/01/2009				EPI_ISL_62326				
A/ENG/288/2009				EPI_ISL_62367				
A/ENG/289/2009				EPI_ISL_62368				
A/ENG/290/2009				EPI_ISL_62369				
A/ENG/291/2009				EPI_ISL_62370				
A/ENG/292/2009				EPI_ISL_62371				
A/ENG/300/2009				EPI_ISL_62373				
A/ENG/318/2009				EPI_ISL_62378				
A/ENG/339/2009				EPI_ISL_62384				
A/ENG/353/2009				EPI_ISL_62388				
A/ENG/357/2009				EPI_ISL_62389				
A/ENG/358/2009				EPI_ISL_62390				
A/ENG/364/2009				EPI_ISL_62393				
A/ENG/372/2009				EPI_ISL_62398				
A/ENG/376/2009				EPI_ISL_62400				
A/ENG/401/2009				EPI_ISL_62403				
A/ENG/403/2009				EPI_ISL_62404				
A/ENG/404/2009				EPI_ISL_62405				
A/ENG/416/2009				EPI_ISL_62408				
A/IRELAND/1/2009				EPI_ISL_62411				
A/Bayern/66/2009				EPI_ISL_62422				
A/Catalonia/S1632/2009				EPI_ISL_62431				
A/Catalonia/S1641/2009				EPI_ISL_62433				
A/Catalonia/S1672/2009				EPI_ISL_62438				
A/Catalonia/S1674/2009				EPI_ISL_62439				
A/Catalonia/S1686/2009				EPI_ISL_62441				
A/Catalonia/S1687/2009				EPI_ISL_62442				
A/Catalonia/S1751/2009				EPI_ISL_62448				
A/Catalonia/S1756/2009				EPI_ISL_62450				
A/Irkutsk/02/2009				EPI_ISL_62460				
A/Norway/1573/2009				EPI_ISL_62569				
A/Norway/2674/2009				EPI_ISL_62570				
A/Norway/2924/2009				EPI_ISL_62573				
A/Norway/3036/2009				EPI_ISL_62574				
A/Norway/3059/2009				EPI_ISL_62575				
A/Norway/3370/2009				EPI_ISL_62580				
A/Norway/3433/2009				EPI_ISL_62582				
A/Norway/3440/2009				EPI_ISL_62583				
A/Norway/3478/2009				EPI_ISL_62584				
A/Norway/3779/2009				EPI_ISL_62587				
A/Norway/3797/2009				EPI_ISL_62588				
A/Norway/3855/2009				EPI_ISL_62589				
A/Norway/4023/2009				EPI_ISL_62592				
A/Omsk/02/2009				EPI_ISL_62594				
A/Serbia/3761/2009				EPI_ISL_62602				
A/Valencia/GP4/2009				EPI_ISL_29914				
A/Pais_Vasco/GP20/2009				EPI_ISL_29915				
A/Lisboa/26/2009				EPI_ISL_29972				
A/Tomsk/01/2009				EPI_ISL_62743				
A/Stockholm/87/2009				EPI_ISL_62744				
A/Gothenburg/1/2009				EPI_ISL_62745				
A/Stockholm/49/2009				EPI_ISL_62747				
A/Catalonia/88/2009				EPI_ISL_30180				
A/Catalonia/127/2009				EPI_ISL_30183				
A/Italy/07/2009				EPI_ISL_30203				
A/Catalonia/63/2009				EPI_ISL_30264				
A/Catalonia/67/2009				EPI_ISL_30265				
A/Catalonia/186/2009				EPI_ISL_30274				
A/Catalonia/33/2009				EPI_ISL_30412				
A/Finland/553/2009				EPI_ISL_30416				
A/Moscow/01/2009				EPI_ISL_30419				
A/Paris/2580/2009				EPI_ISL_30487				
A/Stockholm/75/2009				EPI_ISL_63271				
A/Ukraine/01/2009				EPI_ISL_63272				
A/Ukraine/05/2009				EPI_ISL_63274				
A/Ukraine/KH-1/2009				EPI_ISL_63276				
A/Catalonia/S1825/2009				EPI_ISL_63281				
A/Catalonia/S1828/2009				EPI_ISL_63283				
A/Sweden/3/2009				EPI_ISL_63332				
A/England/896/2009				EPI_ISL_96147				
A/England/895/2009				EPI_ISL_96149				
A/England/897/2009				EPI_ISL_96148				
A/England/892/2009				EPI_ISL_96155				
A/England/908/2009				EPI_ISL_96156				
A/Scotland/87/2009				EPI_ISL_96159				
A/England/420/2009				EPI_ISL_96167				
A/England/410/2009				EPI_ISL_96169				
A/England/373/2009				EPI_ISL_96177				
A/England/363/2009				EPI_ISL_96183				
A/England/340/2009				EPI_ISL_96189				
A/England/352/2009				EPI_ISL_96188				
A/England/339/2009				EPI_ISL_96190				
A/England/333/2009				EPI_ISL_96193				
A/Scotland/7/2009				EPI_ISL_96192				
A/England/320/2009				EPI_ISL_96196				
A/England/316/2009				EPI_ISL_96199				
A/England/317/2009				EPI_ISL_96198				
A/Scotland/6/2009				EPI_ISL_96201				
A/England/314/2009				EPI_ISL_96200				
A/England/309/2009				EPI_ISL_96202				
A/England/292/2009				EPI_ISL_96205				
A/England/290/2009				EPI_ISL_96207				
A/England/291/2009				EPI_ISL_96206				
A/England/289/2009				EPI_ISL_96208				
A/England/273/2009				EPI_ISL_96213				
A/England/95340029/2009				EPI_ISL_96223				
A/England/XFL00077/2009				EPI_ISL_96222				
A/England/95200063/2009				EPI_ISL_96232				
A/England/1053/2009				EPI_ISL_96234				
A/England/933/2009				EPI_ISL_96238				
A/Scotland/100/2009				EPI_ISL_96240				
A/England/95060207/2009				EPI_ISL_96245				
A/England/95100002/2009				EPI_ISL_96244				
A/England/921/2009				EPI_ISL_96251				
A/England/94880537/2009				EPI_ISL_96253				
A/England/918/2009				EPI_ISL_96255				
A/Scotland/83/2009				EPI_ISL_96258				
A/England/94860699/2009				EPI_ISL_96261				
A/England/899/2009				EPI_ISL_96260				
A/England/868/2009				EPI_ISL_96262				
A/England/906/2009				EPI_ISL_96267				
A/England/867/2009				EPI_ISL_96266				
A/England/901/2009				EPI_ISL_96269				
A/England/863/2009				EPI_ISL_96275				
A/England/864/2009				EPI_ISL_96274				
A/England/94840759/2009				EPI_ISL_96279				
A/Cologne/Germany/01/2009				EPI_ISL_30743				
A/Scotland/81/2009				EPI_ISL_96289				
A/Scotland/79/2009				EPI_ISL_96291				
A/Paris/2591/2009				EPI_ISL_30754				
A/England/852/2009				EPI_ISL_96292				
A/England/94800066/2009				EPI_ISL_96297				
A/England/94780297/2009				EPI_ISL_96299				
A/England/94780281/2009				EPI_ISL_96300				
A/England/94760188/2009				EPI_ISL_96305				
A/England/94760192/2009				EPI_ISL_96304				
A/Scotland/74/2009				EPI_ISL_96307				
A/Athens/761/2009				EPI_ISL_30773				
A/Scotland/68/2009				EPI_ISL_96310				
A/England/94720080/2009				EPI_ISL_96312				
A/England/94720002/2009				EPI_ISL_96315				
A/England/94720043/2009				EPI_ISL_96314				
A/England/94700033/2009				EPI_ISL_96317				
A/England/842/2009				EPI_ISL_96325				
A/Scotland/64/2009				EPI_ISL_96324				
A/Scotland/61/2009				EPI_ISL_96327				
A/Scotland/63/2009				EPI_ISL_96326				
A/England/819/2009				EPI_ISL_96336				
A/England/837/2009				EPI_ISL_96340				
A/England/839/2009				EPI_ISL_96342				
A/England/814/2009				EPI_ISL_96347				
A/England/822/2009				EPI_ISL_96352				
A/England/809/2009				EPI_ISL_96355				
A/England/801/2009				EPI_ISL_96359				
A/England/794/2009				EPI_ISL_96358				
A/Moscow/02/2009				EPI_ISL_30833				
A/England/94380515/2009				EPI_ISL_96371				
A/England/94360008/2009				EPI_ISL_96378				
A/England/94340816/2009				EPI_ISL_96381				
A/England/761/2009				EPI_ISL_96384				
A/England/94340253/2009				EPI_ISL_96386				
A/England/748/2009				EPI_ISL_96390				
A/England/757/2009				EPI_ISL_96392				
A/Scotland/36/2009				EPI_ISL_96395				
A/England/764/2009				EPI_ISL_96394				
A/Scotland/38/2009				EPI_ISL_96397				
A/England/755/2009				EPI_ISL_96399				
A/England/745/2009				EPI_ISL_96401				
A/England/743/2009				EPI_ISL_96400				
A/England/1081/2009				EPI_ISL_96403				
A/England/750/2009				EPI_ISL_96404				
A/England/741/2009				EPI_ISL_96409				
A/England/94300093/2009				EPI_ISL_96408				
A/Scotland/35/2009				EPI_ISL_96413				
A/Italy/19/2009				EPI_ISL_30876				
A/Scotland/34/2009				EPI_ISL_96415				
A/England/94260047/2009				EPI_ISL_96421				
A/England/94260020/2009				EPI_ISL_96423				
A/Scotland/32/2009				EPI_ISL_96425				
A/England/94240376/2009				EPI_ISL_96427				
A/Scotland/31/2009				EPI_ISL_96429				
A/England/740/2009				EPI_ISL_96432				
A/England/995/2009				EPI_ISL_96435				
A/Kaluga/01/2009				EPI_ISL_30899				
A/England/94200009/2009				EPI_ISL_96436				
A/England/731/2009				EPI_ISL_96439				
A/England/94180058/2009				EPI_ISL_96438				
A/England/94180043/2009				EPI_ISL_96443				
A/Belarus/131/2009				EPI_ISL_63677				
A/Scotland/94180012/2009				EPI_ISL_96447				
A/Belarus/25/2009				EPI_ISL_63682				
A/Belarus/360/2009				EPI_ISL_63683				
A/Belarus/39/2009				EPI_ISL_63684				
A/Belarus/42/2009				EPI_ISL_63686				
A/Stockholm/86/2009				EPI_ISL_63688				
A/England/94160072/2009				EPI_ISL_96456				
A/England/94160004/2009				EPI_ISL_96461				
A/England/1014/2009				EPI_ISL_96468				
A/England/721/2009				EPI_ISL_96477				
A/England/722/2009				EPI_ISL_96476				
A/England/1009/2009				EPI_ISL_96488				
A/Finland/614/2009				EPI_ISL_63723				
A/England/1008/2009				EPI_ISL_96493				
A/England/712/2009				EPI_ISL_96492				
A/England/711/2009				EPI_ISL_96494				
A/ENG/378/2009				EPI_ISL_63728				
A/ENG/420/2009				EPI_ISL_63731				
A/England/1006/2009				EPI_ISL_96501				
A/ENG/429/2009				EPI_ISL_63733				
A/England/93900114/2009				EPI_ISL_96506				
A/ENG/258/2009				EPI_ISL_63742				
A/England/93880056/2009				EPI_ISL_96510				
A/Scotland/93860052/2009				EPI_ISL_96513				
A/England/93880044/2009				EPI_ISL_96512				
A/ENG/273/2009				EPI_ISL_63747				
A/ENG/471/2009				EPI_ISL_63750				
A/ENG/515/2009				EPI_ISL_63752				
A/England/93780689/2009				EPI_ISL_96524				
A/ENG/524/2009				EPI_ISL_63757				
A/England/93780034/2009				EPI_ISL_96526				
A/ENG/528/2009				EPI_ISL_63759				
A/England/93740004/2009				EPI_ISL_96529				
A/England/93640020/2009				EPI_ISL_96531				
A/England/93280030/2009				EPI_ISL_96535				
A/ENG/538/2009				EPI_ISL_63766				
A/ENG/539/2009				EPI_ISL_63767				
A/England/646/2009				EPI_ISL_96536				
A/ENG/542/2009				EPI_ISL_63769				
A/ENG/543/2009				EPI_ISL_63770				
A/ENG/544/2009				EPI_ISL_63771				
A/England/93280011/2009				EPI_ISL_96540				
A/England/645/2009				EPI_ISL_96543				
A/SC/20/2009				EPI_ISL_63774				
A/ENG/546/2009				EPI_ISL_63775				
A/England/664/2009				EPI_ISL_96545				
A/England/660/2009				EPI_ISL_96544				
A/England/658/2009				EPI_ISL_96547				
A/England/659/2009				EPI_ISL_96546				
A/Italy/43/2009				EPI_ISL_31012				
A/Scotland/25/2009				EPI_ISL_96551				
A/Italy/46/2009				EPI_ISL_31014				
A/Scotland/23/2009				EPI_ISL_96553				
A/England/93200002/2009				EPI_ISL_96557				
A/Sweden/14/2009				EPI_ISL_63797				
A/Sweden/11/2009				EPI_ISL_63798				
A/England/93120033/2009				EPI_ISL_96568				
A/Sweden/15/2009				EPI_ISL_63802				
A/England/93100717/2009				EPI_ISL_96572				
A/England/613/2009				EPI_ISL_96576				
A/England/982/2009				EPI_ISL_96579				
A/England/690/2009				EPI_ISL_96578				
A/England/981/2009				EPI_ISL_96581				
A/England/93060032/2009				EPI_ISL_96580				
A/England/980/2009				EPI_ISL_96582				
A/England/978/2009				EPI_ISL_96585				
A/England/93040152/2009				EPI_ISL_96584				
A/Scotland/93040058/2009				EPI_ISL_96591				
A/England/93040018/2009				EPI_ISL_96598				
A/England/93020044/2009				EPI_ISL_96603				
A/England/93000102/2009				EPI_ISL_96607				
A/England/92980708/2009				EPI_ISL_96611				
A/England/92980008/2009				EPI_ISL_96614				
A/England/XFL00230/2009				EPI_ISL_129385				
A/England/92960080/2009				EPI_ISL_96617				
A/England/671/2009				EPI_ISL_96616				
A/England/XFL00303/2009				EPI_ISL_129387				
A/England/653/2009				EPI_ISL_96618				
A/England/976/2009				EPI_ISL_96621				
A/England/XFL00364/2009				EPI_ISL_129388				
A/England/260/2009				EPI_ISL_129390				
A/England/975/2009				EPI_ISL_96622				
A/England/XFL00421/2009				EPI_ISL_129392				
A/England/92940035/2009				EPI_ISL_96633				
A/Athens/943/2009				EPI_ISL_31096				
A/Athens/948/2009				EPI_ISL_31097				
A/Athens/919/2009				EPI_ISL_31099				
A/England/92920036/2009				EPI_ISL_96637				
A/Athens/940/2009				EPI_ISL_31102				
A/England/92900391/2009				EPI_ISL_96642				
A/England/92900378/2009				EPI_ISL_96645				
A/England/619/2009				EPI_ISL_96646				
A/England/92900351/2009				EPI_ISL_96651				
A/England/92900124/2009				EPI_ISL_96659				
A/England/667/2009				EPI_ISL_96665				
A/England/412/2009				EPI_ISL_129437				
A/England/617/2009				EPI_ISL_96668				
A/England/413/2009				EPI_ISL_129438				
A/England/438/2009				EPI_ISL_129441				
A/England/92860024/2009				EPI_ISL_96672				
A/England/444/2009				EPI_ISL_129442				
A/England/612/2009				EPI_ISL_96679				
A/England/92820918/2009				EPI_ISL_96678				
A/England/92820911/2009				EPI_ISL_96680				
A/England/603/2009				EPI_ISL_96686				
A/England/610/2009				EPI_ISL_96689				
A/Scotland/22/2009				EPI_ISL_96693				
A/England/546/2009				EPI_ISL_96692				
A/England/543/2009				EPI_ISL_96699				
A/England/544/2009				EPI_ISL_96698				
A/England/542/2009				EPI_ISL_96700				
A/England/539/2009				EPI_ISL_96702				
A/England/535/2009				EPI_ISL_96705				
A/England/533/2009				EPI_ISL_96706				
A/England/530/2009				EPI_ISL_96709				
A/England/531/2009				EPI_ISL_96708				
A/England/513/2009				EPI_ISL_96720				
A/England/511/2009				EPI_ISL_96722				
A/England/483/2009				EPI_ISL_96731				
A/England/485/2009				EPI_ISL_96730				
A/England/480/2009				EPI_ISL_96733				
A/England/481/2009				EPI_ISL_96732				
A/Netherlands/603/2009				EPI_ISL_31218				
A/Orenburg/01/2009				EPI_ISL_96759				
A/Catalonia/S2010/2009				EPI_ISL_63991				
A/Catalonia/S2016/2009				EPI_ISL_63993				
A/Finland/47/2010				EPI_ISL_96767				
A/Catalonia/S1937/2009				EPI_ISL_63998				
A/Catalonia/S1938/2009				EPI_ISL_63999				
A/Finland/45/2010				EPI_ISL_96769				
A/Finland/46/2010				EPI_ISL_96768				
A/Finland/43/2010				EPI_ISL_96771				
A/Finland/44/2010				EPI_ISL_96770				
A/Finland/41/2010				EPI_ISL_96773				
A/Finland/42/2010				EPI_ISL_96772				
A/Finland/31/2010				EPI_ISL_96775				
A/Finland/32/2010				EPI_ISL_96774				
A/Finland/29/2010				EPI_ISL_96777				
A/Finland/30/2010				EPI_ISL_96776				
A/Finland/27/2010				EPI_ISL_96779				
A/Finland/28/2010				EPI_ISL_96778				
A/Finland/25/2010				EPI_ISL_96781				
A/Finland/23/2010				EPI_ISL_96783				
A/Finland/24/2010				EPI_ISL_96782				
A/Finland/21/2010				EPI_ISL_96785				
A/Finland/22/2010				EPI_ISL_96784				
A/Finland/19/2010				EPI_ISL_96787				
A/Finland/20/2010				EPI_ISL_96786				
A/Finland/17/2010				EPI_ISL_96789				
A/Finland/18/2010				EPI_ISL_96788				
A/Finland/14/2010				EPI_ISL_96791				
A/Strasbourg/2611/2009				EPI_ISL_31254				
A/Finland/15/2010				EPI_ISL_96790				
A/Finland/12/2010				EPI_ISL_96793				
A/Finland/13/2010				EPI_ISL_96792				
A/Finland/10/2010				EPI_ISL_96795				
A/Finland/11/2010				EPI_ISL_96794				
A/Caen/2716/2009				EPI_ISL_31259				
A/Finland/8/2010				EPI_ISL_96797				
A/Paris/2722/2009				EPI_ISL_31260				
A/Finland/9/2010				EPI_ISL_96796				
A/Finland/6/2010				EPI_ISL_96799				
A/Finland/7/2010				EPI_ISL_96798				
A/Cologne/Germany/03/2009				EPI_ISL_31273				
A/Cologne/Germany/05/2009				EPI_ISL_31275				
A/Cologne/Germany/06/2009				EPI_ISL_31276				
A/Cologne/Germany/07/2009				EPI_ISL_31277				
A/Cologne/Germany/09/2009				EPI_ISL_31293				
A/Catalonia/362/2009				EPI_ISL_31421				
A/Italy/51/2009				EPI_ISL_31494				
A/Italy/56/2009				EPI_ISL_31498				
A/Latvia/12-43582/2010				EPI_ISL_97056				
A/Luxembourg/43/2009				EPI_ISL_31545				
A/Italy/85/2009				EPI_ISL_31668				
A/Madrid/GP62/2009				EPI_ISL_31675				
A/Valencia/GP153/2009				EPI_ISL_31680				
A/Valencia/GP154/2009				EPI_ISL_31681				
A/Andalucia/GP230/2009				EPI_ISL_31685				
A/Catalonia/394/2009				EPI_ISL_31717				
A/Stockholm/31/2009				EPI_ISL_31748				
A/Stockholm/33/2009				EPI_ISL_31773				
A/Nizhnii_Novgorod/CRIE-NGV/2010				EPI_ISL_97439	EPI339313			EPI339316
A/Italy/104/2009				EPI_ISL_32177				
A/Stockholm/091120-2/2009				EPI_ISL_65054				
A/Italy/172/2009				EPI_ISL_32429				
A/Italy/127/2009				EPI_ISL_32461				
A/Roma/ISS9998/2009				EPI_ISL_98349				
A/Catalonia/NSVH100752088/2018				EPI_ISL_295029	EPI2184713			EPI2184714
A/Catalonia/NSVH100757693/2018				EPI_ISL_295030				
A/Parma/120/2017				EPI_ISL_295060				
A/Pavia/1/2018				EPI_ISL_295061				
A/Roma/09/2017				EPI_ISL_295062				
A/RomaISS/3/2017				EPI_ISL_295063				
A/Firenze/4/2017				EPI_ISL_295057				
A/Padova/04/2017				EPI_ISL_295058				
A/EmpoliCG/1/2017				EPI_ISL_295059				
A/Russia/165/2009				EPI_ISL_65693	EPI229721			EPI229724
A/Landstuhl/5950/2009				EPI_ISL_65692				
A/Italy/211/2009				EPI_ISL_65696				
A/Italy/214/2009				EPI_ISL_65699				
A/Italy/213/2009				EPI_ISL_65698				
A/Italy/216/2009				EPI_ISL_65701				
A/Italy/215/2009				EPI_ISL_65700				
A/Italy/218/2009				EPI_ISL_65703				
A/Italy/217/2009				EPI_ISL_65702				
A/Italy/220/2009				EPI_ISL_65705				
A/Italy/222/2009				EPI_ISL_65707				
A/Italy/224/2009				EPI_ISL_65709				
A/Italy/226/2009				EPI_ISL_65711				
A/Italy/225/2009				EPI_ISL_65710				
A/Italy/228/2009				EPI_ISL_65713				
A/Italy/230/2009				EPI_ISL_65715				
A/Italy/229/2009				EPI_ISL_65714				
A/Italy/233/2009				EPI_ISL_65718				
A/Paris/5121/2009				EPI_ISL_164086	EPI535787			EPI535790
A/Paris/5236/2009				EPI_ISL_164087	EPI535795			EPI535798
A/Paris/5452/2009				EPI_ISL_164090	EPI535819			EPI535822
A/Haute_Normandie/5267/2009				EPI_ISL_164088	EPI535803			EPI535806
A/Paris/5383/2009				EPI_ISL_164089	EPI535811			EPI535814
A/Bourgogne/7575/2009				EPI_ISL_164099	EPI535891			EPI535894
A/Paris/6069/2009				EPI_ISL_164096	EPI535867			EPI535870
A/Paris/6074/2009				EPI_ISL_164097	EPI535875			EPI535878
A/Bretagne/7608/2009				EPI_ISL_164100	EPI535899			EPI535902
A/Paris/1427/2009				EPI_ISL_164106	EPI535947			EPI535950
A/Haute_Normandie/7208/2009				EPI_ISL_164107	EPI535955			EPI535958
A/Languedoc_Roussillon/1466/2009				EPI_ISL_164108	EPI535963			EPI535966
A/Poitou_Charentes/1450/2009				EPI_ISL_164109	EPI535970			EPI535973
A/Paris/2361/2010				EPI_ISL_164114	EPI536010			EPI536013
A/Centre/081/2011				EPI_ISL_164115	EPI536018			EPI536021
A/Pays_de_Loire/402/2011				EPI_ISL_164118	EPI536042			EPI536045
A/Bretagne/602/2011				EPI_ISL_164119	EPI536050			EPI536053
A/Franche_Comte/187/2011				EPI_ISL_164116	EPI536026			EPI536029
A/Paris/268/2011				EPI_ISL_164117	EPI536034			EPI536037
A/Lorraine/1053/2011				EPI_ISL_164122	EPI536074			EPI536077
A/Paris/1249/2011				EPI_ISL_164123	EPI536082			EPI536085
A/Paris/696/2011				EPI_ISL_164120	EPI536058			EPI536061
A/Haute_Normandie/877/2011				EPI_ISL_164121	EPI536066			EPI536069
A/Lorraine/1257/2012				EPI_ISL_164126	EPI536106			EPI536109
A/Pays_de_Loire/1347/2011				EPI_ISL_164124	EPI536090			EPI536093
A/Picardie/568/2012				EPI_ISL_164125	EPI536098			EPI536101
A/Pays_de_Loire/299/2011				EPI_ISL_164130	EPI536138			EPI536141
A/Paris/619/2011				EPI_ISL_164131	EPI536146			EPI536149
A/Pays_de_Loire/104/2011				EPI_ISL_164129	EPI536130			EPI536133
A/Paris/1119/2012				EPI_ISL_164134	EPI536170			EPI536173
A/Paris/1823/2014				EPI_ISL_164135				
A/Champagne_Ardenne/659/2011				EPI_ISL_164132	EPI536154			EPI536157
A/Paris/1230/2011				EPI_ISL_164133	EPI536162			EPI536165
A/Caen/1034/2014				EPI_ISL_164138				
A/Paris/1015/2014				EPI_ISL_164139				
A/Paris/1050/2014				EPI_ISL_164137				
A/Lorraine/1000/2014				EPI_ISL_164142				
A/Paris/952/2014				EPI_ISL_164143				
A/Paris/1014/2014				EPI_ISL_164140				
A/Rennes/1003/2014				EPI_ISL_164141				
A/Haute_Normandie/911/2014				EPI_ISL_164144				
A/Malmoe/1/2009				EPI_ISL_65851				
A/Umea/6/2009				EPI_ISL_65853				
A/Umea/8/2009				EPI_ISL_65855				
A/Astrakhan/2/2014				EPI_ISL_164167				
A/Stockholm/98/2009				EPI_ISL_65860				
A/Arad/161825/2014				EPI_ISL_164165				
A/Stockholm/100/2009				EPI_ISL_65862				
A/Austria/787591/2014				EPI_ISL_164170				
A/Orebro/2/2009				EPI_ISL_65865				
A/Austria/789192/2014				EPI_ISL_164171				
A/Austria/774096/2014				EPI_ISL_164168				
A/Austria/781667/2014				EPI_ISL_164169				
A/Czech_Republic/2/2014				EPI_ISL_164174				
A/Czech_Republic/3/2014				EPI_ISL_164175				
A/Belgium/14G0006/2014				EPI_ISL_164172				
A/Chita/25/2014				EPI_ISL_164173				
A/Czech_Republic/5/2014				EPI_ISL_164178				
A/Czech_Republic/4/2014				EPI_ISL_164176				
A/Iceland/61/2014				EPI_ISL_164190				
A/Iceland/75/2014				EPI_ISL_164191				
A/Iceland/48/2014				EPI_ISL_164188				
A/Iceland/6/2014				EPI_ISL_164189				
A/Athens_GR/7033/2011				EPI_ISL_98654				
A/Kaliningrad/3/2014				EPI_ISL_164194				
A/Khabarovsk/6/2014				EPI_ISL_164195				
A/Iceland/76/2014				EPI_ISL_164192				
A/Irkutsk/2/2014				EPI_ISL_164193				
A/Sarajevo/26/2013				EPI_ISL_164198				
A/Sibiu/162492/2014				EPI_ISL_164199				
A/Krasnoyarsk/2/2014				EPI_ISL_164196				
A/Saint-Petersburg/48/2014				EPI_ISL_164197				
A/Stockholm/103/2009				EPI_ISL_65934				
A/Stockholm/104/2009				EPI_ISL_65937				
A/Uppsala/1/2009				EPI_ISL_65939				
A/Uppsala/2/2009				EPI_ISL_65940				
A/Lamia_GR/6795/2011				EPI_ISL_98712				
A/Stockholm/108/2009				EPI_ISL_65955				
A/Umea/13/2009				EPI_ISL_65954				
A/Stockholm/109/2009				EPI_ISL_65956				
A/Linkoping/2/2009				EPI_ISL_65958				
A/ENG/92820956/2009				EPI_ISL_65960				
A/ENG/92920053/2009				EPI_ISL_65965				
A/ENG/92940035/2009				EPI_ISL_65967				
A/ENG/XFL00011/2009				EPI_ISL_65971				
A/ENG/628/2009				EPI_ISL_65970				
A/ENG/508/2009				EPI_ISL_65973				
A/ENG/507/2009				EPI_ISL_65972				
A/ENG/511/2009				EPI_ISL_65975				
A/ENG/510/2009				EPI_ISL_65974				
A/ENG/512/2009				EPI_ISL_65976				
A/ENG/606/2009				EPI_ISL_65979				
A/ENG/92860065/2009				EPI_ISL_65981				
A/Ancona/01/2009				EPI_ISL_33212				
A/Ancona/02/2009				EPI_ISL_33213				
A/ENG/92860086/2009				EPI_ISL_65983				
A/Ancona/04/2009				EPI_ISL_33214				
A/Maykop/97/2013				EPI_ISL_19824861	EPI4242150			EPI4242151
A/Ukraine/183/2014				EPI_ISL_164375				
A/Dnipro/133/2014				EPI_ISL_164372				
A/Baleares/1784/2016				EPI_ISL_229915				
A/Baleares/1599/2016				EPI_ISL_229914				
A/Baleares/1379/2016				EPI_ISL_229913				
A/St_Petersburg/40/2014				EPI_ISL_164377				
A/LaRioja/1645/2016				EPI_ISL_229919				
A/LaRioja/1644/2016				EPI_ISL_229918				
A/LaRioja/1592/2016				EPI_ISL_229917				
A/LaRioja/1582/2016				EPI_ISL_229916				
A/Navarra/1294/2016				EPI_ISL_229923				
A/Navarra/1293/2016				EPI_ISL_229922				
A/Navarra/1292/2016				EPI_ISL_229921				
A/LaRioja/1789/2016				EPI_ISL_229920				
A/Navarra/1823/2016				EPI_ISL_229927				
A/Navarra/1489/2016				EPI_ISL_229926				
A/Navarra/1297/2016				EPI_ISL_229925				
A/Navarra/1295/2016				EPI_ISL_229924				
A/PaisVasco/1171/2016				EPI_ISL_229931				
A/PaisVasco/1057/2016				EPI_ISL_229930				
A/Navarra/2090/2016				EPI_ISL_229929				
A/Navarra/1830/2016				EPI_ISL_229928				
A/PaisVasco/1181/2016				EPI_ISL_229935				
A/PaisVasco/1175/2016				EPI_ISL_229934				
A/PaisVasco/1174/2016				EPI_ISL_229933				
A/PaisVasco/1172/2016				EPI_ISL_229932				
A/PaisVasco/1509/2016				EPI_ISL_229939				
A/PaisVasco/1505/2016				EPI_ISL_229938				
A/PaisVasco/1500/2016				EPI_ISL_229937				
A/PaisVasco/1189/2016				EPI_ISL_229936				
A/PaisVasco/172/2016				EPI_ISL_229940				
A/Lisboa/131/2016				EPI_ISL_230098				
A/Stockholm/34/2012				EPI_ISL_131802				
A/Haute_Normandie/1058/2014				EPI_ISL_164615				
A/Paris/1126/2014				EPI_ISL_164618				
A/Picardie/1221/2014				EPI_ISL_164619				
A/Lorraine/1078/2014				EPI_ISL_164616				
A/Haute_Normandie/1098/2014				EPI_ISL_164617				
A/Bretagne/1498/2014				EPI_ISL_164622				
A/Centre/1550/2014				EPI_ISL_164623				
A/Centre/1238/2014				EPI_ISL_164620				
A/Chania_GR/6782/2011				EPI_ISL_99087				
A/Lorraine/1248/2014				EPI_ISL_164621				
A/Lamia_GR/6794/2011				EPI_ISL_99086				
A/Chania_GR/6779/2011				EPI_ISL_99089				
A/Stockholm/42/2012				EPI_ISL_131859				
A/Chania_GR/6781/2011				EPI_ISL_99088				
A/Preveza_GR/6672/2011				EPI_ISL_99091				
A/Chania_GR/6774/2011				EPI_ISL_99090				
A/Stockholm/43/2012				EPI_ISL_131862				
A/Ioannina_GR/6664/2011				EPI_ISL_99093				
A/Arta_GR/6666/2011				EPI_ISL_99092				
A/Herakleion_GR/6658/2011				EPI_ISL_99095				
A/Lamia_GR/6792/2011				EPI_ISL_99094				
A/Albania/7968/2018				EPI_ISL_295708				
A/Ioannina_GR/5845/2011				EPI_ISL_99097				
A/Luxembourg/15002636/2015				EPI_ISL_197402				
A/Livadeia_GR/5884/2011				EPI_ISL_99096				
A/Luxembourg/15003114/2015				EPI_ISL_197401				
A/Patras_GR/5373/2011				EPI_ISL_99099				
A/Chalkida_GR/5583/2011				EPI_ISL_99098				
A/Madrid/1750/2017				EPI_ISL_262936				
A/Athens_GR/5081/2011				EPI_ISL_99101				
A/Lamia_GR/5166/2011				EPI_ISL_99100				
A/Albania/7926/2018				EPI_ISL_295706				
A/Albania/7928/2018				EPI_ISL_295707				
A/Iceland/145/2017				EPI_ISL_295716				
A/Komarno/75/2018				EPI_ISL_295718				
A/Croatia/3609/2017				EPI_ISL_295713				
A/Croatia/3750/2017				EPI_ISL_295714				
A/Croatia/3774/2017				EPI_ISL_295715				
A/Ireland/10320/2011				EPI_ISL_99117				
A/Ireland/12380/2011				EPI_ISL_99119				
A/Ireland/07211/2011				EPI_ISL_99121				
A/Ireland/02673/2011				EPI_ISL_99123				
A/Ireland/05061/2011				EPI_ISL_99122				
A/Ireland/00329/2011				EPI_ISL_99125				
A/Ireland/02822/2011				EPI_ISL_99124				
A/Ireland/01248/2011				EPI_ISL_99129				
A/Ireland/04360/2011				EPI_ISL_99128				
A/Partizanske/44/2017				EPI_ISL_295743				
A/Poland/3986/2017				EPI_ISL_295749				
A/Poland/4005/2017				EPI_ISL_295750				
A/Portugal/SU114/2017				EPI_ISL_295744				
A/Portugal/SU117/2017				EPI_ISL_295745				
A/Slovenia/59/2018				EPI_ISL_295746				
A/Athens_GR/2914/2011				EPI_ISL_99155				
A/Athens_GR/2904/2011				EPI_ISL_99157				
A/Athens_GR/2925/2011				EPI_ISL_99156				
A/Larisa_GR/2323/2011				EPI_ISL_99159				
A/Athens_GR/2749/2011				EPI_ISL_99158				
A/SWITZERLAND/22983191/2017				EPI_ISL_295772				
A/SWITZERLAND/22983330/2017				EPI_ISL_295773				
A/Athens_GR/2382/2011				EPI_ISL_99160				
A/SWITZERLAND/22983488/2017				EPI_ISL_295774				
A/Lisboa/151/2013				EPI_ISL_164696				
A/Athens_GR/913/2011				EPI_ISL_99163				
A/Athens_GR/1043/2011				EPI_ISL_99162				
A/Athens_GR/351/2011				EPI_ISL_99165				
A/SWITZERLAND/22840007/2017				EPI_ISL_295769				
A/Athens_GR/584/2011				EPI_ISL_99164				
A/SWITZERLAND/22978198/2017				EPI_ISL_295770				
A/SWITZERLAND/22982656/2017				EPI_ISL_295771				
A/Crete_GR/142/2011				EPI_ISL_99166				
A/SWITZERLAND/23095320/2018				EPI_ISL_295780				
A/Athens_GR/3967/2011				EPI_ISL_99169				
A/Athens_GR/4602/2011				EPI_ISL_99171				
A/Athens_GR/4435/2011				EPI_ISL_99170				
A/SWITZERLAND/23040039/2017				EPI_ISL_295776				
A/Athens_GR/4610/2011				EPI_ISL_99173				
A/SWITZERLAND/23040683/2017				EPI_ISL_295777				
A/Athens_GR/4607/2011				EPI_ISL_99172				
A/SWITZERLAND/23074883/2017				EPI_ISL_295778				
A/SWITZERLAND/23086136/2018				EPI_ISL_295779				
A/Bayern/81/2017				EPI_ISL_263037				
A/Bulgaria/26/2017				EPI_ISL_263039				
A/Netherlands/492/2012				EPI_ISL_131967				
A/Norway/1041/2012				EPI_ISL_131971				
A/Netherlands/507/2012				EPI_ISL_131968				
A/Bulgaria/312/2017				EPI_ISL_263040				
A/Bulgaria/429/2017				EPI_ISL_263041				
A/Bulgaria/430/2017				EPI_ISL_263042				
A/Norway/975/2012				EPI_ISL_131972				
A/Bulgaria/58/2017				EPI_ISL_263043				
A/Niedersachsen/101/2017				EPI_ISL_263060				
A/Norway/786/2017				EPI_ISL_263061				
A/Norway/807/2017				EPI_ISL_263062				
A/Rheinland-Pfalz/42/2017				EPI_ISL_263064				
A/Sachsen/26/2017				EPI_ISL_263065				
A/Sachsen/41/2017				EPI_ISL_263066				
A/Sachsen-Anhalt/3/2017				EPI_ISL_263067				
A/Lisboa/niRL31/2013				EPI_ISL_164770				
A/Lisboa/132/2014				EPI_ISL_164771				
A/Lisboa/niRL100/2014				EPI_ISL_164774				
A/Lisboa/niRL118/2014				EPI_ISL_164775				
A/Lisboa/niRL98/2014				EPI_ISL_164772				
A/Lisboa/niRL99/2014				EPI_ISL_164773				
A/Lisboa/niRL121/2014				EPI_ISL_164776				
A/Kyiv/317/2016				EPI_ISL_230435	EPI814978			EPI814979
A/Kyiv/308/2016				EPI_ISL_230434	EPI814969			EPI814970
A/Kyiv/299/2016				EPI_ISL_230433	EPI814961			EPI814962
A/Kharkiv/354/2016				EPI_ISL_230439	EPI815010			EPI815011
A/Kharkiv/344/2016				EPI_ISL_230438	EPI815002			EPI815003
A/Kyiv/329/2016				EPI_ISL_230437	EPI814994			EPI814995
A/Kyiv/323/2016				EPI_ISL_230436	EPI814986			EPI814987
A/Kyiv/637/2016				EPI_ISL_230443	EPI815042			EPI815043
A/Zaporizza/631/2016				EPI_ISL_230442	EPI815034			EPI815035
A/Zaporizza/627/2016				EPI_ISL_230441	EPI815026			EPI815027
A/Zaporizza/624/2016				EPI_ISL_230440	EPI815018			EPI815019
A/Khmelnitsky/671/2016				EPI_ISL_230446	EPI815066			EPI815067
A/Khmelnitsky/667/2016				EPI_ISL_230445	EPI815058			EPI815059
A/Khmelnitsky/662/2016				EPI_ISL_230444	EPI815050			EPI815051
A/Catalonia/12565799NS/2014				EPI_ISL_164914				
A/Odessa/684/2016				EPI_ISL_230450	EPI815091			EPI815094
A/Odessa/679/2016				EPI_ISL_230448	EPI815078			EPI815079
A/Catalonia/510000417NS/2014				EPI_ISL_164913				
A/Kyiv/359/2017				EPI_ISL_295985	EPI1162723			EPI1164240
A/Odessa/688/2016				EPI_ISL_230454	EPI815126			EPI815128
A/Odessa/686/2016				EPI_ISL_230452	EPI815109			EPI815113
A/Odessa/692/2016				EPI_ISL_230458	EPI815159			EPI815161
A/Odessa/691/2016				EPI_ISL_230456	EPI815143			EPI815145
A/Odessa/697/2016				EPI_ISL_230462	EPI815191			EPI815193
A/Catalonia/NSVH131078467/2018				EPI_ISL_328762				
A/Odessa/694/2016				EPI_ISL_230460				
A/Khmelnitsky/720/2016				EPI_ISL_230466	EPI815222			EPI815223
A/Odessa/701/2016				EPI_ISL_230464	EPI815206			EPI815208
A/Ternopil/747/2016				EPI_ISL_230469	EPI815247			EPI815249
A/Khmelnitsky/727/2016				EPI_ISL_230468	EPI815235			EPI815236
A/Dnipro/762/2016				EPI_ISL_230475	EPI815295			EPI815296
A/Ternopil/754/2016				EPI_ISL_230474	EPI815281			EPI815284
A/Ternopil/751/2016				EPI_ISL_230472	EPI815265			EPI815267
A/Khabarovsk/29/2016				EPI_ISL_230479	EPI815326			EPI815327
A/Irkutsk/8/2016				EPI_ISL_230478	EPI815318			EPI815319
A/Dnipro/765/2016				EPI_ISL_230477	EPI815310			EPI815311
A/Khmelnitsky/760/2016				EPI_ISL_230476	EPI815300			EPI815301
A/St._Petersburg/91/2016				EPI_ISL_230483	EPI815357			EPI815358
A/St._Petersburg/11/2015				EPI_ISL_230482	EPI815350			EPI815351
A/Krasnodar/41/2016				EPI_ISL_230481	EPI815342			EPI815343
A/Khabarovsk/23/2016				EPI_ISL_230480	EPI815334			EPI815335
A/St._Petersburg/146/2016				EPI_ISL_230487	EPI815389			EPI815390
A/St._Petersburg/144/2016				EPI_ISL_230486	EPI815381			EPI815382
A/St._Petersburg/142/2016				EPI_ISL_230485	EPI815373			EPI815374
A/St._Petersburg/131/2016				EPI_ISL_230484	EPI815364			EPI815365
A/St._Petersburg/167/2016				EPI_ISL_230491	EPI815417			EPI815418
A/St._Petersburg/155/2016				EPI_ISL_230490	EPI815412			EPI815413
A/St._Petersburg/149/2016				EPI_ISL_230489	EPI815403			EPI815404
A/St._Petersburg/148/2016				EPI_ISL_230488	EPI815397			EPI815398
A/St._Petersburg/200/2016				EPI_ISL_230492	EPI815425			EPI815426
A/Norway/2592/2015				EPI_ISL_197751				
A/Norway/2595/2015				EPI_ISL_197752				
A/Denmark/70/2012				EPI_ISL_132247				
A/Denmark/76/2012				EPI_ISL_132248				
A/Parma/102/2017				EPI_ISL_263371				
A/Bretagne/2441/2016				EPI_ISL_230637	EPI824673			EPI824674
A/IIV-Orenburg/30-B/2016				EPI_ISL_230643				
A/IIV-Moscow/52-L/2016				EPI_ISL_230642				
A/IIV-Moscow/19/2016				EPI_ISL_230641				
A/Arkhangelsk/137/2016				EPI_ISL_230640				
A/Irkutsk/7/2016				EPI_ISL_230647				
A/Irkutsk/2/2016				EPI_ISL_230646				
A/IIV-Yaroslavl/101-L/2016				EPI_ISL_230645				
A/IIV-Vladimir/66/2016				EPI_ISL_230644				
A/Kaliningrad/53/2016				EPI_ISL_230648				
A/Kyiv/312/2016				EPI_ISL_230655				
A/Kharkiv/348/2016				EPI_ISL_230654				
A/Khabarovsk/27/2016				EPI_ISL_230653				
A/Odessa/676/2016				EPI_ISL_230658				
A/Lithuania/2755/2016				EPI_ISL_230657				
A/Lisboa/106/2016				EPI_ISL_230656				
A/St.-Petersburg/133/2016				EPI_ISL_230663				
A/Orenburg/1/2016				EPI_ISL_230662				
A/Odessa/683/2016				EPI_ISL_230661				
A/Odessa/680/2016				EPI_ISL_230660				
A/St.-Petersburg/151/2016				EPI_ISL_230667				
A/St.-Petersburg/145/2016				EPI_ISL_230666				
A/St.-Petersburg/143/2016				EPI_ISL_230665				
A/St.-Petersburg/138/2016				EPI_ISL_230664				
A/St.-Petersburg/48/2016				EPI_ISL_230671				
A/St.-Petersburg/26/2016				EPI_ISL_230670				
A/St.-Petersburg/203/2016				EPI_ISL_230669				
A/Vladivostok/331/2014				EPI_ISL_165142				
A/Chita/1114/2014				EPI_ISL_165143				
A/Kyiv/316/2017				EPI_ISL_296211	EPI1164246			EPI1164247
A/Blagoveshensk/252/2014				EPI_ISL_165141				
A/Chita/655/2014				EPI_ISL_165146				
A/Chita/709/2014				EPI_ISL_165147				
A/Barnaul/269/2014				EPI_ISL_165144				
A/Novosibirsk/114/2014				EPI_ISL_165145				
A/Netherlands/047/17				EPI_ISL_263494				
A/Valladolid/264/2014				EPI_ISL_230753				
A/ENG/114080587/2011				EPI_ISL_99697				
A/Austria/967555/2017				EPI_ISL_263553				
A/Austria/961972/2017				EPI_ISL_263564				
A/Austria/965466/2017				EPI_ISL_263565				
A/Austria/971790/2017				EPI_ISL_263566				
A/ENG/114280400/2011				EPI_ISL_99723				
A/Austria/967761/2017				EPI_ISL_263567				
A/Austria/967867/2017				EPI_ISL_263561				
A/Austria/968098/2017				EPI_ISL_263563				
A/Austria/971917/2017				EPI_ISL_263568				
A/Austria/971919/2017				EPI_ISL_263569				
A/Austria/966734/2017				EPI_ISL_263570				
A/Irkutsk/5/2019				EPI_ISL_361892				
A/Stockholm/27/2011				EPI_ISL_99779				
A/Stockholm/30/2011				EPI_ISL_99784				
A/Austria/01/2011				EPI_ISL_99821				
A/Austria/02/2011				EPI_ISL_99822				
A/Austria/05/2011				EPI_ISL_99825				
A/Austria/04/2011				EPI_ISL_99824				
A/Austria/06/2011				EPI_ISL_99826				
A/Austria/09/2011				EPI_ISL_99829				
A/Austria/08/2011				EPI_ISL_99828				
A/Austria/11/2011				EPI_ISL_99831				
A/Austria/10/2011				EPI_ISL_99830				
A/Austria/12/2011				EPI_ISL_99832				
A/Austria/17/2011				EPI_ISL_99837				
A/Austria/18/2011				EPI_ISL_99838				
A/Austria/21/2011				EPI_ISL_99841				
A/Austria/23/2011				EPI_ISL_99843				
A/Austria/22/2011				EPI_ISL_99842				
A/Austria/25/2011				EPI_ISL_99845				
A/Austria/24/2011				EPI_ISL_99844				
A/Austria/27/2011				EPI_ISL_99847				
A/Austria/26/2011				EPI_ISL_99846				
A/Austria/29/2011				EPI_ISL_99849				
A/Austria/28/2011				EPI_ISL_99848				
A/Austria/30/2011				EPI_ISL_99851				
A/Austria/32/2011				EPI_ISL_99853				
A/Austria/31/2011				EPI_ISL_99852				
A/Austria/34/2011				EPI_ISL_99855				
A/Austria/33/2011				EPI_ISL_99854				
A/Austria/36/2011				EPI_ISL_99857				
A/Austria/35/2011				EPI_ISL_99856				
A/Austria/38/2011				EPI_ISL_99859				
A/Austria/40/2011				EPI_ISL_99861				
A/Austria/39/2011				EPI_ISL_99860				
A/Austria/42/2011				EPI_ISL_99863				
A/Austria/41/2011				EPI_ISL_99862				
A/Austria/44/2011				EPI_ISL_99865				
A/Austria/43/2011				EPI_ISL_99864				
A/Austria/46/2011				EPI_ISL_99867				
A/Austria/45/2011				EPI_ISL_99866				
A/ENG/576/2012				EPI_ISL_132663				
A/Scotland/124640797/2012				EPI_ISL_132666				
A/Scotland/124660532/2012				EPI_ISL_132664				
A/Scotland/124640795/2012				EPI_ISL_132665				
A/Belgrade/1072/2014				EPI_ISL_165498				
A/Belgrade/1329/2014				EPI_ISL_165499				
A/Brest/1161/2014				EPI_ISL_165500				
A/Extremadura/1756/2014				EPI_ISL_165506				
A/IIV-Moscow/138/2014				EPI_ISL_165510				
A/IIV-Moscow/207/2014				EPI_ISL_165511				
A/IIV-Moscow/78/2014				EPI_ISL_165512				
A/Lisboa/127/2014				EPI_ISL_165522				
A/Lisboa/130/2014				EPI_ISL_165523				
A/Kragujevac/2377/2014				EPI_ISL_165520				
A/Lisboa/120/2014				EPI_ISL_165521				
A/Lisboa/RL99/2014				EPI_ISL_165526				
A/Lithuania/5569/2014				EPI_ISL_165527				
A/Lisboa/131/2014				EPI_ISL_165524				
A/Norway/1916/2014				EPI_ISL_165530				
A/Norway/778/2014				EPI_ISL_165531				
A/Mogilev/1428/2014				EPI_ISL_165528				
A/Mogilev/1570/2014				EPI_ISL_165529				
A/Tomsk/18/2014				EPI_ISL_165535				
A/Vladivostok/164/2014				EPI_ISL_165538				
A/Tomsk/3/2014				EPI_ISL_165536				
A/Vladivostok/121/2014				EPI_ISL_165537				
A/Norway/2144/2012				EPI_ISL_132858				
A/Norway/2146/2017				EPI_ISL_263933				
A/Stockholm/27/2012				EPI_ISL_132859				
A/Norway/2147/2017				EPI_ISL_263934				
A/Boras/1/2012				EPI_ISL_132856				
A/Norway/2091/2012				EPI_ISL_132857				
A/Stockholm/32/2012				EPI_ISL_132860				
A/Norway/2339/2017				EPI_ISL_263938				
A/Chita/853/2014				EPI_ISL_165654				
A/Chita/873/2014				EPI_ISL_165655				
A/Chita/656/2014				EPI_ISL_165653				
A/Chita/1115/2014				EPI_ISL_165656				
A/Novosibirsk/30/2014				EPI_ISL_165657				
A/Austria/124/2012				EPI_ISL_133038				
A/Austria/125/2012				EPI_ISL_133039				
A/Austria/2/2013				EPI_ISL_133043				
A/Austria/126/2012				EPI_ISL_133040				
A/Austria/1/2013				EPI_ISL_133041				
A/Austria/3/2013				EPI_ISL_133044				
A/Stockholm/19/2018				EPI_ISL_329740	EPI1310019			EPI1310022
A/Trollhattan/2/2018				EPI_ISL_329743	EPI1310043			EPI1310046
A/Gothenburg/1/2018				EPI_ISL_329742	EPI1310035			EPI1310038
A/Kalmar/1/2018				EPI_ISL_329739	EPI1310011			EPI1310014
A/Northern_Ireland/16810/2018				EPI_ISL_329757				
A/Ireland/15622/2018				EPI_ISL_329753				
A/Ireland/10413/2018				EPI_ISL_329752				
A/Ireland/19112/2018				EPI_ISL_329755				
A/Ireland/17498/2018				EPI_ISL_329754				
A/Vologda/CRIE-04/2015				EPI_ISL_231555				
A/Vologda/CRIE-06/2015				EPI_ISL_231557				
A/Vologda/CRIE-05/2015				EPI_ISL_231556				
A/Albania/4978/2014				EPI_ISL_166046				
A/Albania/5022/2014				EPI_ISL_166047				
A/Albania/4853/2014				EPI_ISL_166044				
A/Albania/4937/2014				EPI_ISL_166045				
A/Albania/5023/2014				EPI_ISL_166048				
A/Albania/5073/2014				EPI_ISL_166049				
A/Hungary/400/2014				EPI_ISL_166062				
A/Hungary/406/2014				EPI_ISL_166063				
A/Hungary/366/2014				EPI_ISL_166060				
A/Hungary/399/2014				EPI_ISL_166061				
A/La_Reunion/2040/14				EPI_ISL_166067				
A/Hungary/410/2014				EPI_ISL_166064				
A/Norway/2914/2015				EPI_ISL_231604				
A/Moscow/CRIE-13/2016				EPI_ISL_231619				
A/Baden-Wuerttemberg/109/2012				EPI_ISL_198852				
A/Baden-Wuerttemberg/28/2012				EPI_ISL_198943				
A/Niedersachsen/6/2012				EPI_ISL_198942				
A/Baden-Wuerttemberg/149/2012				EPI_ISL_198941				
A/Baden-Wuerttemberg/125/2012				EPI_ISL_198940				
A/St_Petersburg/RII-477/2018				EPI_ISL_330040				
A/Bari/226/2017				EPI_ISL_330087				
A/Bari/279/2018				EPI_ISL_330093				
A/Bari/268/2018				EPI_ISL_330092				
A/Bari/367/2018				EPI_ISL_330095				
A/Bari/237/2018				EPI_ISL_330094				
A/Bari/297/2018				EPI_ISL_330089				
A/Bari/42/2018				EPI_ISL_330088				
A/Bari/187/2017				EPI_ISL_330091				
A/Bari/429/2018				EPI_ISL_330090				
A/Bari/396/2018				EPI_ISL_330097				
A/Bari/375/2018				EPI_ISL_330096				
A/Bari/427/2018				EPI_ISL_330117				
A/Bari/193/2017				EPI_ISL_330118				
A/Netherlands/529/12				EPI_ISL_166334				
A/Bretagne/1964/2017				EPI_ISL_297436	EPI1169966			EPI1169967
A/Pays_de_Loire/1972/2017				EPI_ISL_297437	EPI1169974			EPI1169975
A/Paris/1980/2017				EPI_ISL_297438	EPI1169982			EPI1169983
A/Haute_Normandie/2000/2017				EPI_ISL_297439	EPI1169990			EPI1169991
A/Bretagne/1937/2017				EPI_ISL_297435	EPI1169958			EPI1169959
A/Bretagne/073/2018				EPI_ISL_297444				
A/Centre/076/2018				EPI_ISL_297445				
A/Lorraine/100/2018				EPI_ISL_297446				
A/Centre/123/2018				EPI_ISL_297447				
A/Paris/2009/2017				EPI_ISL_297440	EPI1169998			EPI1169999
A/Nord_Pas_de_Calais/020/2018				EPI_ISL_297441				
A/Bourgogne/033/2018				EPI_ISL_297442				
A/Alsace/038/2018				EPI_ISL_297443				
A/Paris/332/2018				EPI_ISL_297452	EPI1170091			EPI1170092
A/Paris/333/2018				EPI_ISL_297453	EPI1170099			EPI1170100
A/Paris/370/2018				EPI_ISL_297454	EPI1170107			EPI1170108
A/Paris/372/2018				EPI_ISL_297455	EPI1170114			EPI1170115
A/Paris/290/2018				EPI_ISL_297448				
A/Paris/291/2018				EPI_ISL_297449				
A/Centre/293/2018				EPI_ISL_297450				
A/Paris/323/2018				EPI_ISL_297451	EPI1170085			EPI1170086
A/Alsace/495/2018				EPI_ISL_297460				
A/Alsace/541/2018				EPI_ISL_297461				
A/Paris/397/2018				EPI_ISL_297456	EPI1170122			EPI1170123
A/Pays_de_Loire/484/2018				EPI_ISL_297457				
A/Pays_de_Loire/490/2018				EPI_ISL_297458				
A/Pays_de_Loire/491/2018				EPI_ISL_297459	EPI1170145			EPI1170146
A/Denmark/20/2018				EPI_ISL_297468				
A/Denmark/17/2018				EPI_ISL_297469				
A/Denmark/3/2018				EPI_ISL_297470				
A/Denmark/105/2017				EPI_ISL_297471	EPI1170247			EPI1170248
A/Denmark/2/2018				EPI_ISL_297467				
A/Catalonia/NSVH110673676/2018				EPI_ISL_330293				
A/Catalonia/NSVH206354/2013				EPI_ISL_133741				
A/Cardiff/4607/2018				EPI_ISL_330359				
A/Paris/2186/2018				EPI_ISL_330354				
A/Austria/4/2013				EPI_ISL_133768				
A/Moscow/101/2017				EPI_ISL_297756	EPI1171663			EPI1171664
A/Moscow/102/2017				EPI_ISL_297757	EPI1171671			EPI1171672
A/Saint-Petersburg/RII-7/2018				EPI_ISL_297758				
A/Saint-Petersburg/RII-8/2018				EPI_ISL_297759				
A/Moscow/RII-779S/2018				EPI_ISL_297764				
A/Moscow/RII-780S/2018				EPI_ISL_297765				
A/Moscow/RII-781S/2018				EPI_ISL_297766				
A/Moscow/3/2018				EPI_ISL_297767				
A/Saint-Petersburg/RII-9/2018				EPI_ISL_297760				
A/Kirov/RII-150S/2017				EPI_ISL_297761	EPI1171703			EPI1171704
A/Arkhangelsk/RII-473S/2018				EPI_ISL_297762				
A/Saint-Petersburg/RII-648S/2018				EPI_ISL_297763				
A/Moscow/4/2018				EPI_ISL_297768				
A/Samara/1/2018				EPI_ISL_297769				
A/Moscow/1/2018				EPI_ISL_297770				
A/Saint-Petersburg/RII-565S/2018				EPI_ISL_297771				
A/Samara/117868/2018				EPI_ISL_297777				
A/Slovenia/2686/2017				EPI_ISL_297796				
A/Slovenia/2724/2017				EPI_ISL_297797				
A/Slovenia/2749/2017				EPI_ISL_297798				
A/Slovenia/2750/2107				EPI_ISL_297799				
A/Czech_Republic/140/2012				EPI_ISL_133958				
A/Czech_Republic/146/2012				EPI_ISL_133959				
A/Czech_Republic/147/2012				EPI_ISL_133960				
A/Slovenia/2772/2017				EPI_ISL_297800				
A/Slovenia/2790/2107				EPI_ISL_297801				
A/Stockholm/41/2015				EPI_ISL_199502	EPI662347			EPI662350
A/slovenia/2794/2017				EPI_ISL_297802				
A/Melilla/8/2013				EPI_ISL_133971				
A/Navarra/19/2013				EPI_ISL_133974				
A/Melilla/9/2013				EPI_ISL_133972				
A/Galicia/13013/2012				EPI_ISL_133973				
A/Austria/9/2013				EPI_ISL_133978				
A/Austria/7/2013				EPI_ISL_133976				
A/Austria/8/2013				EPI_ISL_133977				
A/Slovenia/37/2018				EPI_ISL_297833				
A/Slovenia/112/2018				EPI_ISL_297834				
A/Slovenia/119/2018				EPI_ISL_297835				
A/Paris/1773/2012				EPI_ISL_134058				
A/Catalonia/NSVH100758783/2018				EPI_ISL_297940				
A/Catalonia/NSVH100759170/2018				EPI_ISL_297941				
A/Catalonia/NSVH100760979/2018				EPI_ISL_297943				
A/Astrakhan/9/2018				EPI_ISL_330718				
A/England/576/2012				EPI_ISL_134114				
A/Limoges/26/2013				EPI_ISL_134115				
A/Lyon/2783/2012				EPI_ISL_134118				
A/Lyon/CHU/52.271/2013				EPI_ISL_134119				
A/Lyon/2/2013				EPI_ISL_134116				
A/Lyon/2757/2012				EPI_ISL_134117				
A/Norway/130/2013				EPI_ISL_134122				
A/Norway/2493/2012				EPI_ISL_134123				
A/Norway/108/2013				EPI_ISL_134120				
A/Norway/120/2013				EPI_ISL_134121				
A/Norway/2620/2012				EPI_ISL_134126				
A/Norway/2667/2012				EPI_ISL_134127				
A/Norway/2531/2012				EPI_ISL_134124				
A/Norway/2552/2012				EPI_ISL_134125				
A/Norway/51/2013				EPI_ISL_134130				
A/Slovenia/1905/2012				EPI_ISL_134131				
A/Norway/35/2013				EPI_ISL_134128				
A/Norway/46/2013				EPI_ISL_134129				
A/England/658/2012				EPI_ISL_134135				
A/Slovenia/1908/2012				EPI_ISL_134132				
A/Bourgogne/2191/2018				EPI_ISL_330738				
A/Tyumen/1/2018				EPI_ISL_330781				
A/Mykop/2353/2018				EPI_ISL_330782				
A/England/80120172/2017				EPI_ISL_298023	EPI1173117			EPI1173118
A/Krasnoyarsk/54/2018				EPI_ISL_330821				
A/England/80160517/2017				EPI_ISL_298049	EPI1173325			EPI1173326
A/Ireland/738/2013				EPI_ISL_134239				
A/Athens.GR/1/2013				EPI_ISL_134243				
A/Athens.GR/33/2013				EPI_ISL_134244				
A/England/80260511/2018				EPI_ISL_298094				
A/England/35/2018				EPI_ISL_298090				
A/England/79/2018				EPI_ISL_298101				
A/England/80/2018				EPI_ISL_298103				
A/Athens.GR/46/2013				EPI_ISL_134267				
A/England/81/2018				EPI_ISL_298104				
A/Athens.GR/47/2013				EPI_ISL_134275				
A/Athens.GR/49/2013				EPI_ISL_134276				
A/Paris/1836/2012				EPI_ISL_134346				
A/Strasbourg/1864/2012				EPI_ISL_134347				
A/Paris/1878/2012				EPI_ISL_134350				
A/Strasbourg/1866/2012				EPI_ISL_134348				
A/Paris/1885/2012				EPI_ISL_134352				
A/Centre/1976/2012				EPI_ISL_134353				
A/Madrid/SO9609/2012				EPI_ISL_134362				
A/Baleares/47/2013				EPI_ISL_134363				
A/PaisVasco/24/2013				EPI_ISL_134360				
A/PaisVasco/26/2013				EPI_ISL_134361				
A/PaisVasco/70/2013				EPI_ISL_134366				
A/Melilla/41/2013				EPI_ISL_134367				
A/PaisVasco/64/2013				EPI_ISL_134364				
A/PaisVasco/67/2013				EPI_ISL_134365				
A/CastillaLaMancha/46/2013				EPI_ISL_134368				
A/Madrid/61/2013				EPI_ISL_134369				
A/Athens_GR/1/2013				EPI_ISL_134394				
A/Baden_Wurttemberg/173/2012				EPI_ISL_134395				
A/Acores/HAH480803/2012				EPI_ISL_134392				
A/Acores/HAH7518/2012				EPI_ISL_134393				
A/Berlin/167/2012				EPI_ISL_134398				
A/Belgium/G860/2012				EPI_ISL_134396				
A/Belgium/G917/2012				EPI_ISL_134397				
A/Sachsen/1/2013				EPI_ISL_134407				
A/Lisboa/EuroEva42/2012				EPI_ISL_134404				
A/Niedersachsen/1/2013				EPI_ISL_134405				
A/Switzerland/7502824/2012				EPI_ISL_134410				
A/Switzerland/7546304/2012				EPI_ISL_134411				
A/Slovenia/1940/2012				EPI_ISL_134408				
A/Thuringen/38/2012				EPI_ISL_134414				
A/Ukraine/11/2013				EPI_ISL_134415				
A/Switzerland/7628314/2012				EPI_ISL_134412				
A/Switzerland/7628514/2012				EPI_ISL_134413				
A/Ukraine/3/2013				EPI_ISL_134416				
A/Ukraine/523/2012				EPI_ISL_134417				
A/England/147/2017				EPI_ISL_298284				
A/England/80140453/2017				EPI_ISL_298287				
A/England/80160519/2018				EPI_ISL_298290				
A/England/80280650/2017				EPI_ISL_298298				
A/England/80320679/2018				EPI_ISL_298306				
A/Tomsk/6301/2018				EPI_ISL_331087				
A/Krasnoyarsk/8/2018				EPI_ISL_331089				
A/Yaroslavl/8/2018				EPI_ISL_331088				
A/Vladimir/263/2018				EPI_ISL_331090				
A/Yekaterinburg/472/2018				EPI_ISL_331117				
A/Birobidzhan/1219/2018				EPI_ISL_331116				
A/Cardiff/4758/2018				EPI_ISL_331113				
A/Swansea/2666/2018				EPI_ISL_331112				
A/Dagestan/602/2018				EPI_ISL_331115				
A/Vladimir/314/2018				EPI_ISL_331114				
A/Norway/2597/2012				EPI_ISL_134542				
A/Norway/2554/2012				EPI_ISL_134541				
A/Norway/2050/2012				EPI_ISL_134559				
A/Norway/2112/2012				EPI_ISL_134562				
A/Norway/2131/2012				EPI_ISL_134563				
A/Norway/2096/2012				EPI_ISL_134561				
A/Norway/2154/2012				EPI_ISL_134566				
A/Norway/2289/2012				EPI_ISL_134567				
A/Norway/2145/2012				EPI_ISL_134564				
A/Norway/2147/2012				EPI_ISL_134565				
A/Norway/2383/2012				EPI_ISL_134570				
A/Norway/2397/2012				EPI_ISL_134571				
A/Norway/2291/2012				EPI_ISL_134568				
A/Norway/2362/2012				EPI_ISL_134569				
A/Norway/2473/2012				EPI_ISL_134574				
A/Norway/2494/2012				EPI_ISL_134575				
A/Norway/2403/2012				EPI_ISL_134572				
A/Norway/2411/2012				EPI_ISL_134573				
A/Norway/2635/2012				EPI_ISL_134578				
A/Norway/148/2013				EPI_ISL_134579				
A/Norway/2530/2012				EPI_ISL_134576				
A/Norway/149/2013				EPI_ISL_134580				
A/Bridgend/6340/2018				EPI_ISL_331245				
A/Neath/6337/2018				EPI_ISL_331244				
A/Llanelli/3076/2018				EPI_ISL_331247				
A/Cardiff/4978/2018				EPI_ISL_331246				
A/Swansea/4984/2018				EPI_ISL_331241				
A/Krasnodar/421/2017				EPI_ISL_331308	EPI1319429			EPI1319432
A/Slovenia/2794/2017				EPI_ISL_331396	EPI1259410			EPI1259411
A/Switzerland/3330/2017				EPI_ISL_331393	EPI1259394			EPI1259395
A/Switzerland/2656/2017				EPI_ISL_331392	EPI1259402			EPI1259403
A/Romania/221746/2017				EPI_ISL_298679				
A/Norway/4298/2017				EPI_ISL_298695				
A/Stockholm/49/2012				EPI_ISL_134870				
A/Trollhattan/3/2012				EPI_ISL_134871				
A/Stockholm/44/2012				EPI_ISL_134872				
A/Stockholm/45/2012				EPI_ISL_134873				
A/Stockholm/46/2012				EPI_ISL_134911				
A/Orebro/2/2012				EPI_ISL_134915				
A/Belgium/S0017/2018				EPI_ISL_298766				
A/Belgium/G0003/2018				EPI_ISL_298760				
A/Belgium/G0008/2018				EPI_ISL_298761				
A/Stockholm/47/2012				EPI_ISL_134930				
A/Picardie/581/2018				EPI_ISL_298837	EPI1176931			EPI1176932
A/Pays_de_Loire/622/2018				EPI_ISL_298841	EPI1176963			EPI1176964
A/Pays_de_Loire/629/2018				EPI_ISL_298842	EPI1176971			EPI1176972
A/Alsace/632/2018				EPI_ISL_298843	EPI1176979			EPI1176980
A/Netherlands/2980/15				EPI_ISL_233370				
A/Netherlands/2917/15				EPI_ISL_233369				
A/Malmoe/1/2013				EPI_ISL_135096				
A/Skovde/1/2013				EPI_ISL_135103				
A/Navarra/111/2013				EPI_ISL_135174				
A/Murcia/78/2013				EPI_ISL_135175				
A/Melilla/92/2013				EPI_ISL_135172				
A/PaisVasco/140/2013				EPI_ISL_135173				
A/Murcia/75/2013				EPI_ISL_135178				
A/Baleares/48/2013				EPI_ISL_135179				
A/Murcia/77/2013				EPI_ISL_135176				
A/Murcia/76/2013				EPI_ISL_135177				
A/Linkoping/1/2013				EPI_ISL_135182				
A/Linkoping/2/2013				EPI_ISL_135183				
A/Linkoping/3/2013				EPI_ISL_135184				
A/Athens.GR/67/2013				EPI_ISL_135191				
A/Athens.GR/112/2013				EPI_ISL_135198				
A/Tinos.GR/75/2013				EPI_ISL_135196				
A/Athens.GR/88/2013				EPI_ISL_135197				
A/Athens.GR/114/2013				EPI_ISL_135200				
A/Athens.GR/83/2013				EPI_ISL_135201				
A/Athens.GR/119/2013				EPI_ISL_135204				
A/Austria/23/2013				EPI_ISL_135267				
A/Austria/26/2013				EPI_ISL_135270				
A/Austria/24/2013				EPI_ISL_135268				
A/Austria/25/2013				EPI_ISL_135269				
A/Austria/28/2013				EPI_ISL_135274				
A/Austria/29/2013				EPI_ISL_135275				
A/Austria/27/2013				EPI_ISL_135273				
A/Austria/32/2013				EPI_ISL_135278				
A/Austria/30/2013				EPI_ISL_135276				
A/Austria/31/2013				EPI_ISL_135277				
A/Austria/33/2013				EPI_ISL_135280				
A/Austria/34/2013				EPI_ISL_135394				
A/Austria/35/2013				EPI_ISL_135431				
A/Austria/36/2013				EPI_ISL_135505				
A/Austria/37/2013				EPI_ISL_135638				
A/Austria/38/2013				EPI_ISL_135639				
A/Iasi/187166/2015				EPI_ISL_201184				
A/Austria/39/2013				EPI_ISL_135659				
A/Irkutsk/RII02/2016				EPI_ISL_233987	EPI836079			EPI836080
A/Lisboa/32/2015				EPI_ISL_13046468				
A/Austria/40/2013				EPI_ISL_135707				
A/Saint-Petersburg/RII08/2016				EPI_ISL_234022	EPI836344			EPI836345
A/Saint-Petersburg/RII07/2016				EPI_ISL_234021	EPI836336			EPI836337
A/Slovenia/2903/2015				EPI_ISL_13046496				
A/Saint-Petersburg/RII03/2016				EPI_ISL_234020	EPI836328			EPI836329
A/Saint-Petersburg/RII362S/2016				EPI_ISL_234031	EPI836416			EPI836417
A/Norway/2625/2015				EPI_ISL_201347				
A/Norway/2624/2015				EPI_ISL_201346				
A/Norway/2634/2015				EPI_ISL_201351				
A/Norway/2633/2015				EPI_ISL_201350				
A/Norway/2631/2015				EPI_ISL_201349				
A/Norway/2650/2015				EPI_ISL_201354				
A/Norway/2647/2015				EPI_ISL_201353				
A/Norway/2646/2015				EPI_ISL_201352				
A/Samara/RII105/2013				EPI_ISL_168774				
A/Samara/RII83/2013				EPI_ISL_168775				
A/Vladivostok/RII100/2013				EPI_ISL_168772				
A/Paris/1686/2015				EPI_ISL_201717				
A/Guyane/1752/2015				EPI_ISL_201721				
A/Alsace/1504/2015				EPI_ISL_201720				
A/Guyane/1748/2015				EPI_ISL_201729				
A/Norway/2320/2015				EPI_ISL_201783				
A/Serbia/805/2015				EPI_ISL_201791				
A/PaisVasco/1683/2015				EPI_ISL_201795				
A/Madrid/SO13656/2015				EPI_ISL_201794				
A/Aragon/1615/2015				EPI_ISL_201793				
A/Baleares100/2013				EPI_ISL_136321				
A/Pavia/VR10504/2015				EPI_ISL_201863				
A/Pavia/VR10494/2015				EPI_ISL_201862				
A/Dolj/131915/2013				EPI_ISL_136327				
A/Pavia/VR10515/2015				EPI_ISL_201861				
A/Denmark/08/2013				EPI_ISL_136325				
A/Estonia/74590/2013				EPI_ISL_136330				
A/Finland/302/2013				EPI_ISL_136331				
A/Dolj/132523/2013				EPI_ISL_136328				
A/Estonia/74192/2013				EPI_ISL_136329				
A/Iasi/132200/2013				EPI_ISL_136334				
A/Latvia/1-30371p/2013				EPI_ISL_136339				
A/Netherlands/068/2013				EPI_ISL_136343				
A/Latvia/1-40822p/2013				EPI_ISL_136340				
A/Parma/03/2013				EPI_ISL_136350				
A/Trieste/03/2013				EPI_ISL_136355				
A/Pavia/1/2013				EPI_ISL_136352				
A/Roma/07/2013				EPI_ISL_136353				
A/Franche_Comte/1279/2015				EPI_ISL_201935				
A/Austria/888727/2015				EPI_ISL_201934				
A/Austria/888621/2015				EPI_ISL_201933				
A/Austria/47/2013				EPI_ISL_136411				
A/Belgium/G0741/2015				EPI_ISL_201993				
A/Lisboa/31/2015				EPI_ISL_202174				
A/Austria/889721/2015				EPI_ISL_202185				
A/Austria/889649/2015				EPI_ISL_202184				
A/Catalonia/5925S/2013				EPI_ISL_136688				
A/Catalonia/2076930NS/2013				EPI_ISL_136689				
A/PaisVasco/138/2013				EPI_ISL_136698				
A/PaisVasco/132/2013				EPI_ISL_136699				
A/Netherlands/148/15				EPI_ISL_235048				
A/Navarra/1736/2015				EPI_ISL_202317				
A/Madrid/SO13670/2015				EPI_ISL_202316				
A/Stockholm/48/2015				EPI_ISL_202343	EPI674747			EPI674750
A/Stockholm/47/2015				EPI_ISL_202342	EPI674739			EPI674742
A/Stockholm/50/2015				EPI_ISL_202347	EPI674779			EPI674782
A/Stockholm/49/2015				EPI_ISL_202346	EPI674771			EPI674774
A/Sweden/34/2015				EPI_ISL_202351	EPI674811			EPI674814
A/Stockholm/55/2015				EPI_ISL_202350	EPI674803			EPI674806
A/Stockholm/52/2015				EPI_ISL_202349				
A/Stockholm/51/2015				EPI_ISL_202348				
A/Stockholm/53/2015				EPI_ISL_202355				
A/Karlstad/4/2015				EPI_ISL_202354				
A/Sweden/36/2015				EPI_ISL_202353				
A/Sweden/35/2015				EPI_ISL_202352				
A/Stockholm/46/2015				EPI_ISL_202356				
A/Norway/2660/2015				EPI_ISL_202535				
A/Norway/2659/2015				EPI_ISL_202534				
A/Norway/2658/2015				EPI_ISL_202533				
A/Norway/2651/2015				EPI_ISL_202532				
A/Norway/2672/2015				EPI_ISL_202538				
A/Norway/2685/2015				EPI_ISL_202543				
A/Norway/2680/2015				EPI_ISL_202540				
A/Norway/2687/2015				EPI_ISL_202544				
A/Norway/2704/2015				EPI_ISL_202551				
A/Bremen/25/2015				EPI_ISL_202563				
A/Berlin/166/2015				EPI_ISL_202562				
A/Lisboa/34/2015				EPI_ISL_202567				
A/Lisboa/38/2015				EPI_ISL_202566				
A/Hamburg/26/2015				EPI_ISL_202565				
A/Hamburg/24/2015				EPI_ISL_202564				
A/Berlin/167/2015				EPI_ISL_202715				
A/Bayern/146/2015				EPI_ISL_202714				
A/Nordrhein-Westfalen/103/2015				EPI_ISL_202718				
A/Nordrhein-Westfalen/102/2015				EPI_ISL_202717				
A/Hamburg/25/2015				EPI_ISL_202716				
A/Centre/1390/2015				EPI_ISL_202759				
A/Paris/1438/2015				EPI_ISL_202762				
A/Denmark/39/2015				EPI_ISL_202767				
A/Austria/891161/2015				EPI_ISL_202771				
A/Denmark/40/2015				EPI_ISL_202768				
A/Luxembourg/15006417/2015				EPI_ISL_202947				
A/Finland/543/2015				EPI_ISL_202949				
A/Finland/541/2015				EPI_ISL_202948				
A/England/350/2015				EPI_ISL_203019				
A/England/341/2015				EPI_ISL_203018				
A/England/336/2015				EPI_ISL_203017				
A/England/351/2015				EPI_ISL_203020				
A/Norway/2628/2015				EPI_ISL_203026				
A/Norway/2626/2015				EPI_ISL_203025				
A/England/220361004/2022				EPI_ISL_9650322	EPI1982766			EPI1982767
A/England/220390256/2022				EPI_ISL_9650325	EPI1982790			EPI1982791
A/United_Kingdom/UO-4b582d52b/2022				EPI_ISL_18776342				
A/Izhevsk/CRIE/316/2022				EPI_ISL_16302320				
A/Nadym/CRIE/319/2022				EPI_ISL_16302321				
A/United_Kingdom/UO-426c188fa/2022				EPI_ISL_18776338				
A/Izhevsk/CRIE/305/2022				EPI_ISL_16302312				
A/Izhevsk/CRIE/306/2022				EPI_ISL_16302313				
A/Izhevsk/CRIE/308/2022				EPI_ISL_16302314				
A/Izhevsk/CRIE/309/2022				EPI_ISL_16302315				
A/Izhevsk/CRIE/312/2022				EPI_ISL_16302317				
A/England/220200318/2022				EPI_ISL_9650309	EPI1982662			EPI1982663
A/Izhevsk/CRIE/315/2022				EPI_ISL_16302319				
A/Volgograd/CRIE/290/2022				EPI_ISL_16302304				
A/Volgograd/CRIE/291/2022				EPI_ISL_16302305				
A/Volgograd/CRIE/293/2022				EPI_ISL_16302306				
A/Nalchik/CRIE/294/2022				EPI_ISL_16302307				
A/Nalchik/CRIE/295/2022				EPI_ISL_16302308				
A/Izhevsk/CRIE/298/2022				EPI_ISL_16302310				
A/England/220340608/2022				EPI_ISL_9650316	EPI1982718			EPI1982719
A/Lyon/CHU_0436762/2020				EPI_ISL_671786				
A/United_Kingdom/UO-4a66a545c/2022				EPI_ISL_18776383				
A/Lyon/CHU_0438094/2020				EPI_ISL_671787				
A/Lyon/CHU_0405262/2020				EPI_ISL_671784				
A/Lyon/CHU_0186413/2020				EPI_ISL_671785				
A/Lyon/CHU_0449028/2020				EPI_ISL_671790				
A/United_Kingdom/UO-4a4d63916/2022				EPI_ISL_18776379				
A/St_Etienne/1762/2020				EPI_ISL_671791				
A/Lyon/CHU_0442871/2020				EPI_ISL_671788				
A/Lyon/CHU_0448026/2020				EPI_ISL_671789				
A/Norway/411/2019				EPI_ISL_344109				
A/Lyon/1726/2020				EPI_ISL_671779				
A/Norway/410/2019				EPI_ISL_344108				
A/Norway/439/2019				EPI_ISL_344111				
A/United_Kingdom/UO-4c0ef7594/2022				EPI_ISL_18776373				
A/United_Kingdom/UO-4c012d3de/2022				EPI_ISL_18776370				
A/Lyon/1799/2020				EPI_ISL_671782				
A/Norway/362/2019				EPI_ISL_344105				
A/United_Kingdom/UO-4c0430e10/2022				EPI_ISL_18776371				
A/Lyon/1934/2020				EPI_ISL_671783				
A/Lyon/1746/2020				EPI_ISL_671780				
A/Norway/409/2019				EPI_ISL_344107				
A/Lyon/1756/2020				EPI_ISL_671781				
A/Norway/465/2019				EPI_ISL_344116				
A/United_Kingdom/UO-4be2a1809/2022				EPI_ISL_18776363				
A/Norway/458/2019				EPI_ISL_344115				
A/Norway/450/2019				EPI_ISL_344114				
A/Norway/749/2019				EPI_ISL_344125				
A/Norway/739/2019				EPI_ISL_344124				
A/United_Kingdom/UO-4bcad30d5/2022				EPI_ISL_18776356				
A/St_Etienne/2540/2020				EPI_ISL_671792				
A/Norway/791/2019				EPI_ISL_344127				
A/St_Etienne/2581/2020				EPI_ISL_671793				
A/Norway/761/2019				EPI_ISL_344126				
A/Norway/620/2019				EPI_ISL_344121				
A/Norway/679/2019				EPI_ISL_344122				
A/Norway/833/2019				EPI_ISL_344133				
A/Norway/831/2019				EPI_ISL_344132				
A/Belgium/G0059/2020				EPI_ISL_1310806	EPI1853172			EPI1853177
A/Norway/804/2019				EPI_ISL_344129				
A/Belgium/G0054/2020				EPI_ISL_1310802	EPI1853163			EPI1853168
A/Tyumen/209-14V/2022				EPI_ISL_17776968				
A/Tomsk/240-12V/2022				EPI_ISL_17776967				
A/Belgium/G0075/2020				EPI_ISL_1310812	EPI1853180			EPI1853185
A/Norway/886/2019				EPI_ISL_344140				
A/Norway/902/2019				EPI_ISL_344143				
A/Denmark/3508/2022				EPI_ISL_16679091	EPI2315096			EPI2315097
A/Norway/857/2019				EPI_ISL_344136				
A/United_Kingdom/UO-4b108fcd5/2022				EPI_ISL_18776400				
A/Norway/885/2019				EPI_ISL_344139				
A/Norway/943/2019				EPI_ISL_344149				
A/Norway/940/2019				EPI_ISL_344148				
A/Norway/944/2019				EPI_ISL_344150				
A/Norway/909/2019				EPI_ISL_344145				
A/Norway/905/2019				EPI_ISL_344144				
A/United_Kingdom/UO-4a8dbf2aa/2022				EPI_ISL_18776392				
A/Belgium/G0047/2020				EPI_ISL_1310796	EPI1853156			EPI1853160
A/United_Kingdom/UO-4a7fc634f/2022				EPI_ISL_18776388				
A/United_Kingdom/UO-4dc111218/2022				EPI_ISL_18776434				
A/United_Kingdom/UO-4db174b88/2022				EPI_ISL_18776432				
A/Denmark/3589/2022				EPI_ISL_16679050	EPI2314828			EPI2314829
A/Bulgaria/066/2020				EPI_ISL_409714	EPI1688486			EPI1688487
A/Denmark/3580/2022				EPI_ISL_16679048	EPI2314817			EPI2314818
A/Denmark/3585/2022				EPI_ISL_16679049	EPI2314823			EPI2314824
A/Denmark/3565/2022				EPI_ISL_16679046	EPI2314810			EPI2314811
A/Denmark/3097/2022				EPI_ISL_16679044	EPI2314798			EPI2314799
A/Denmark/3371/2022				EPI_ISL_16679045	EPI2314805			EPI2314806
A/Denmark/3717/2022				EPI_ISL_16679042	EPI2314788			EPI2314789
A/Denmark/3703/2022				EPI_ISL_16679043	EPI2314793			EPI2314794
A/Denmark/3741/2022				EPI_ISL_16679040	EPI2314776			EPI2314777
A/Denmark/3353/2022				EPI_ISL_16679041	EPI2314781			EPI2314782
A/Denmark/3714/2022				EPI_ISL_16679038	EPI2314762			EPI2314763
A/Denmark/494/2019				EPI_ISL_344197				
A/Denmark/3711/2022				EPI_ISL_16679039	EPI2314769			EPI2314770
A/Denmark/629/2019				EPI_ISL_344196				
A/Denmark/627/2019				EPI_ISL_344199				
A/Denmark/3751/2022				EPI_ISL_16679037	EPI2314755			EPI2314756
A/Denmark/574/2019				EPI_ISL_344198				
A/Denmark/3710/2022				EPI_ISL_16679034	EPI2314742			EPI2314743
A/Denmark/3758/2022				EPI_ISL_16679035	EPI2314748			EPI2314749
A/Denmark/3537/2022				EPI_ISL_16679032	EPI2314729			EPI2314730
A/Denmark/3757/2022				EPI_ISL_16679033	EPI2314735			EPI2314736
A/Denmark/3523/2022				EPI_ISL_16679030	EPI2314716			EPI2314717
A/Denmark/490/2019				EPI_ISL_344205				
A/Denmark/3528/2022				EPI_ISL_16679031	EPI2314723			EPI2314724
A/Denmark/479/2019				EPI_ISL_344204				
A/Denmark/3502/2022				EPI_ISL_16679028	EPI2314711			EPI2314712
A/Denmark/462/2019				EPI_ISL_344207				
A/Denmark/467/2019				EPI_ISL_344206				
A/Denmark/3467/2022				EPI_ISL_16679026	EPI2314704			EPI2314705
A/Bulgaria/1572/2019				EPI_ISL_409738	EPI1688697			EPI1688698
A/Denmark/432/2019				EPI_ISL_344201				
A/Ireland/53366/2022				EPI_ISL_15433830				
A/Denmark/440/2019				EPI_ISL_344200				
A/England/214561047/2021				EPI_ISL_8929286	EPI1962275			EPI1962276
A/Denmark/435/2019				EPI_ISL_344203				
A/Denmark/3464/2022				EPI_ISL_16679025	EPI2314697			EPI2314698
A/Denmark/425/2019				EPI_ISL_344202				
A/England/225240050/2022				EPI_ISL_16810384	EPI2351849			EPI2351850
A/Denmark/3684/2022				EPI_ISL_16679022	EPI2314683			EPI2314684
A/Yakutsk/RII-15/2019				EPI_ISL_409750	EPI1688792			EPI1688793
A/Denmark/426/2019				EPI_ISL_344213				
A/Denmark/3457/2022				EPI_ISL_16679023	EPI2314690			EPI2314691
A/Denmark/630/2019				EPI_ISL_344212				
A/Denmark/3631/2022				EPI_ISL_16679020	EPI2314670			EPI2314671
A/Denmark/3679/2022				EPI_ISL_16679021	EPI2314678			EPI2314679
A/Denmark/476/2019				EPI_ISL_344214				
A/Denmark/3602/2022				EPI_ISL_16679018	EPI2314658			EPI2314659
A/Denmark/653/2019				EPI_ISL_344209				
A/Denmark/3613/2022				EPI_ISL_16679019	EPI2314665			EPI2314666
A/Denmark/468/2019				EPI_ISL_344208				
A/Denmark/3429/2022				EPI_ISL_16679016	EPI2314644			EPI2314645
A/Denmark/485/2019				EPI_ISL_344211				
A/Denmark/3281/2022				EPI_ISL_16679017	EPI2314651			EPI2314652
A/KhMAO/207-t22V/2022				EPI_ISL_16646249	EPI2314316			EPI2314319
A/Denmark/493/2019				EPI_ISL_344210				
A/Denmark/3411/2022				EPI_ISL_16679014	EPI2314630			EPI2314631
A/Denmark/3427/2022				EPI_ISL_16679015	EPI2314637			EPI2314638
A/Denmark/3398/2022				EPI_ISL_16679012	EPI2314616			EPI2314617
A/Denmark/3409/2022				EPI_ISL_16679013	EPI2314623			EPI2314624
A/Denmark/3295/2022				EPI_ISL_16679011	EPI2314609			EPI2314610
A/Denmark/3688/2022				EPI_ISL_16679009	EPI2314604			EPI2314605
A/United_Kingdom/UO-4cab8ddfb/2022				EPI_ISL_18776510				
A/Baden-Wuerttemberg/30/2022				EPI_ISL_14925890	EPI2170206			EPI2170207
A/Denmark/3629/2022				EPI_ISL_16679002	EPI2314568			EPI2314569
A/Denmark/3673/2022				EPI_ISL_16679003	EPI2314573			EPI2314574
A/England/225240664/2022				EPI_ISL_16810406	EPI2351865			EPI2351866
A/Denmark/3264/2022				EPI_ISL_16679000	EPI2314556			EPI2314557
A/Denmark/3242/2022				EPI_ISL_16678995	EPI2314526			EPI2314527
A/Denmark/3244/2022				EPI_ISL_16678992	EPI2314509			EPI2314510
A/Belgium/IG0080/2020				EPI_ISL_1835186	EPI1859010			EPI1859015
A/Denmark/3243/2022				EPI_ISL_16678993				
A/Denmark/3253/2022				EPI_ISL_16678990				
A/Denmark/3250/2022				EPI_ISL_16678988				
A/Denmark/3235/2022				EPI_ISL_16678989				
A/Denmark/3238/2022				EPI_ISL_16678985				
A/Denmark/3226/2022				EPI_ISL_16678980				
A/Denmark/3214/2022				EPI_ISL_16678981				
A/Denmark/3222/2022				EPI_ISL_16678978				
A/Denmark/3212/2022				EPI_ISL_16678976				
A/Denmark/3219/2022				EPI_ISL_16678977				
A/Norway/25089/2022				EPI_ISL_14794785				
A/Denmark/3756/2022				EPI_ISL_16678975				
A/United_Kingdom/UO-4cd0f23a9/2022				EPI_ISL_18776541				
A/Altai_Krai/193-l7V/2022				EPI_ISL_16678968				
A/England/225260218/2022				EPI_ISL_16810443				
A/Lorraine/28657/2022				EPI_ISL_14794794				
A/Lyon/836/2022				EPI_ISL_14794799				
A/Baden-Wurttemberg/73/2020				EPI_ISL_426194				
A/Dijon/48658/2021				EPI_ISL_14794804				
A/Baden-Wurttemberg/11/2020				EPI_ISL_426192				
A/Norway/25093/2022				EPI_ISL_14794808				
A/Hessen/2/2020				EPI_ISL_426204	EPI1690567			EPI1690568
A/Bremen/5/2020				EPI_ISL_426202				
A/Berlin/28/2020				EPI_ISL_426201				
A/Khmelnytskyi/373/2019				EPI_ISL_426222				
A/Khmelnytskyi/12/2020				EPI_ISL_426220				
A/Khmelnytskyi/15/2020				EPI_ISL_426221				
A/Khmelnytskyi/10/2020				EPI_ISL_426219				
A/Lithuania/MB39710/2019				EPI_ISL_426228				
A/Lithuania/MB40148/2019				EPI_ISL_426229				
A/Lithuania/MB39704/2019				EPI_ISL_426226				
A/Lithuania/MB39709/2019				EPI_ISL_426227				
A/Norway/2969/2019				EPI_ISL_426238				
A/Norway/2970/2019				EPI_ISL_426239				
A/Norway/2886/2019				EPI_ISL_426236				
A/Norway/2906/2019				EPI_ISL_426237				
A/Mecklenburg-Vorpommern/3/2020				EPI_ISL_426234				
A/Alba-Iulia/256568/2020				EPI_ISL_409849				
A/Sachsen/3/2020				EPI_ISL_426246				
A/Athens.GR/93/2020				EPI_ISL_409860				
A/Rheinland-Pfalz/12/2020				EPI_ISL_426245				
A/Austria/1207286/2019				EPI_ISL_409861				
A/Athens.GR/120/2020				EPI_ISL_409859				
A/Norway/3118/2019				EPI_ISL_426240				
A/Bulgaria/083/2020				EPI_ISL_409870				
A/Catalonia/2174495NS/2020				EPI_ISL_409871				
A/Thuringen/17/2020				EPI_ISL_426252				
A/Belgium/G0537/2019				EPI_ISL_409868				
A/Brandenburg/1/2020				EPI_ISL_409869				
A/Targu-Mures/256559/2020				EPI_ISL_426250				
A/Belgium/G0460/2019				EPI_ISL_409866				
A/Belgium/G0526/2019				EPI_ISL_409867				
A/Belgium/G0001/2020				EPI_ISL_409865				
A/Estonia/125685/2020				EPI_ISL_409878				
A/Estonia/125789/2020				EPI_ISL_409879				
A/Cyprus/91/2020				EPI_ISL_409876				
A/Cyprus/95/2020				EPI_ISL_409877				
A/Catalonia/3512868NS/2019				EPI_ISL_409874				
A/Cyprus/122/2020				EPI_ISL_409875				
A/Catalonia/3512137NS/2019				EPI_ISL_409872				
A/Catalonia/3512178NS/2019				EPI_ISL_409873				
A/Estonia/125790/2020				EPI_ISL_409880				
A/Greece/59/2020				EPI_ISL_409881				
A/Sweden/49/2020				EPI_ISL_426278	EPI1727934			EPI1727937
A/Kyiv/327/2019				EPI_ISL_409894				
A/Sweden/16/2020				EPI_ISL_426279	EPI1727942			EPI1727945
A/Kyiv/334/2019				EPI_ISL_409895				
A/Sweden/40/2020				EPI_ISL_426276	EPI1727923			EPI1727925
A/Kyiv/1/2020				EPI_ISL_409892				
A/Kyiv/311/2019				EPI_ISL_409893				
A/Sweden/35/2020				EPI_ISL_426274	EPI1727909			EPI1727912
A/Sweden/50/2020				EPI_ISL_426275	EPI1727916			EPI1727918
A/Khmelnytskyi/323/2019				EPI_ISL_409891				
A/Sweden/34/2020				EPI_ISL_426273	EPI1727901			EPI1727904
A/Macedonia/169/2020				EPI_ISL_409902				
A/Macedonia/172/2020				EPI_ISL_409903				
A/Sweden/53/2020				EPI_ISL_426284	EPI1727979			EPI1727982
A/Macedonia/102/2020				EPI_ISL_409900				
A/Macedonia/128/2020				EPI_ISL_409901				
A/Sweden/51/2020				EPI_ISL_426282	EPI1727966			EPI1727969
A/La_Rochelle/2309/2019				EPI_ISL_409898				
A/Sweden/52/2020				EPI_ISL_426283	EPI1727973			EPI1727974
A/Lyon/2343/2019				EPI_ISL_409899				
A/Sweden/17/2020				EPI_ISL_426280	EPI1727950			EPI1727953
A/Kyiv/354/2019				EPI_ISL_409896				
A/Sweden/18/2020				EPI_ISL_426281	EPI1727958			EPI1727961
A/Kyiv/355/2019				EPI_ISL_409897				
A/Norway/2956/2019				EPI_ISL_409911				
A/Netherlands/10258/2019				EPI_ISL_409908				
A/Netherlands/10263/2019				EPI_ISL_409909				
A/Macedonia/187/2020				EPI_ISL_409906				
A/Macedonia/98/2020				EPI_ISL_409907				
A/Macedonia/175/2020				EPI_ISL_409904				
A/Macedonia/183/2020				EPI_ISL_409905				
A/Poland/1535/2020				EPI_ISL_409917				
A/Norway/3107/2019				EPI_ISL_409913				
A/Serbia/11653/2019				EPI_ISL_409926				
A/Serbia/132/2020				EPI_ISL_409927				
A/Rheinland-Pfalz/2/2020				EPI_ISL_409924				
A/Saint_Etienne/2287/2019				EPI_ISL_409925				
A/Rheinland-Pfalz/1/2020				EPI_ISL_409923				
A/Serbia/298/2020				EPI_ISL_409928				
A/Serbia/34120/2020				EPI_ISL_409929				
A/Denmark/1018/2019				EPI_ISL_344429				
A/Denmark/548/2019				EPI_ISL_344431				
A/Denmark/1049/2019				EPI_ISL_344430				
A/Denmark/977/2019				EPI_ISL_344437				
A/Denmark/1024/2019				EPI_ISL_344436				
A/Denmark/1067/2019				EPI_ISL_344439				
A/Denmark/1055/2019				EPI_ISL_344438				
A/Denmark/869/2019				EPI_ISL_344433				
A/Denmark/735/2019				EPI_ISL_344432				
A/Denmark/984/2019				EPI_ISL_344435				
A/Denmark/868/2019				EPI_ISL_344434				
A/Denmark/793/2019				EPI_ISL_344441				
A/Denmark/1031/2019				EPI_ISL_344440				
A/Denmark/1027/2019				EPI_ISL_344443				
A/Denmark/708/2019				EPI_ISL_344442				
A/Denmark/1569/2019				EPI_ISL_344461				
A/Denmark/1505/2019				EPI_ISL_344460				
A/Denmark/1474/2019				EPI_ISL_344463				
A/Denmark/1970/2019				EPI_ISL_344462				
A/Denmark/1443/2019				EPI_ISL_344457				
A/Denmark/1944/2019				EPI_ISL_344459				
A/Niedersachsen/2/2020				EPI_ISL_410054	EPI1690502			EPI1690503
A/Niedersachsen/4/2020				EPI_ISL_410055	EPI1690509			EPI1690510
A/Berlin/6/2020				EPI_ISL_410053	EPI1690498			EPI1690499
A/Niedersachsen/9/2020				EPI_ISL_410062	EPI1690549			EPI1690550
A/Nordrhein-Westfalen/9/2020				EPI_ISL_410063	EPI1690554			EPI1690555
A/Nordrhein-Westfalen/8/2020				EPI_ISL_410060	EPI1690542			EPI1690543
A/Nordrhein-Westfalen/6/2020				EPI_ISL_410058	EPI1690530			EPI1690531
A/Nordrhein-Westfalen/7/2020				EPI_ISL_410059	EPI1690535			EPI1690536
A/Bayern/5/2020				EPI_ISL_410056	EPI1690516			EPI1690517
A/Bayern/7/2020				EPI_ISL_410057	EPI1690523			EPI1690524
A/Hessen/3/2020				EPI_ISL_410070	EPI1690579			EPI1690580
A/Mecklenburg-Vorpommern/2/2020				EPI_ISL_410071	EPI1690584			EPI1690585
A/Nordrhein-Westfalen/11/2020				EPI_ISL_410068	EPI1690574			EPI1690575
A/Berlin/12/2020				EPI_ISL_410065	EPI1690561			EPI1690562
A/Netherlands/00149/2020				EPI_ISL_410079				
A/Niedersachsen/11/2020				EPI_ISL_410075	EPI1690599			EPI1690600
A/Baden-Wuerttemberg/5/2020				EPI_ISL_410073	EPI1690592			EPI1690593
A/Netherlands/00152/2020				EPI_ISL_410087				
A/Netherlands/00153/2020				EPI_ISL_410090				
A/Netherlands/00134/2020				EPI_ISL_410102				
A/Saint_Martin/00219/2020				EPI_ISL_410103				
A/Yaroslavl/135-T/2020				EPI_ISL_19824860	EPI4242142			EPI4242143
A/Saint_Martin/00220/2020				EPI_ISL_410100				
A/Saint_Martin/00229/2020				EPI_ISL_410101				
A/Yaroslavl/135-L/2020				EPI_ISL_19824858	EPI4242126			EPI4242127
A/Netherlands/00156/2020				EPI_ISL_410098				
A/Saint_Martin/00216/2020				EPI_ISL_410099				
A/Netherlands/00155/2020				EPI_ISL_410097				
A/Catalonia/NSVH21993/2021				EPI_ISL_6275825	EPI1926386			EPI1926389
A/Netherlands/00088/2022				EPI_ISL_10814564				
A/Netherlands/00092/2022				EPI_ISL_10814567				
A/Netherlands/00098/2022				EPI_ISL_10814580				
A/Netherlands/00095/2022				EPI_ISL_10814579				
A/Netherlands/00104/2022				EPI_ISL_10814587				
A/Netherlands/00105/2022				EPI_ISL_10814757				
A/PARIS/49507/2021				EPI_ISL_11814590	EPI2012776			EPI2012777
A/PARIS/09228/2022				EPI_ISL_11814541	EPI2012680			EPI2012681
A/PARIS/09225/2022				EPI_ISL_11814539	EPI2012664			EPI2012665
A/PARIS/09210/2022				EPI_ISL_11814502	EPI2012584			EPI2012585
A/PARIS/09222/2022				EPI_ISL_11814509	EPI2012640			EPI2012641
A/PARIS/09223/2022				EPI_ISL_11814510	EPI2012648			EPI2012649
A/PARIS/09224/2022				EPI_ISL_11814511	EPI2012656			EPI2012657
A/PARIS/09215/2022				EPI_ISL_11814504	EPI2012600			EPI2012601
A/PARIS/09216/2022				EPI_ISL_11814505	EPI2012608			EPI2012609
A/PARIS/09218/2022				EPI_ISL_11814506	EPI2012616			EPI2012617
A/Denmark/1/2021				EPI_ISL_1246962	EPI1868945			EPI1868946
A/PARIS/50426/2021				EPI_ISL_11323852	EPI1999142			EPI1999143
A/Picardie/50100/2021				EPI_ISL_11323848	EPI1999110			EPI1999111
A/Nord_Pas_de_Calais/50101/2021				EPI_ISL_11323849	EPI1999118			EPI1999119
A/PARIS/50424/2021				EPI_ISL_11323850	EPI1999126			EPI1999127
A/ROUEN/46942/2021				EPI_ISL_11323845	EPI1999086			EPI1999087
A/Alsace/48917/2021				EPI_ISL_11323846	EPI1999094			EPI1999095
A/Alsace/48918/2021				EPI_ISL_11323847	EPI1999102			EPI1999103
A/Murcia/10207/2021				EPI_ISL_14649640				
A/Belgium/S0063/2022				EPI_ISL_12241598	EPI2099453			EPI2099451
A/Belgium/S0048/2022				EPI_ISL_12241596	EPI2099733			EPI2099731
A/Belgium/S0060/2022				EPI_ISL_12241597	EPI2099727			EPI2099725
A/Belgium/G0001/2022				EPI_ISL_12241587	EPI2099447			EPI2099445
A/Albania/905/2021				EPI_ISL_12241584	EPI2078538			EPI2078536
A/Albania/942/2021				EPI_ISL_12241585	EPI2078532			EPI2078530
A/Belgium/H0018/2022				EPI_ISL_12241590	EPI2099739			EPI2099737
A/Belgium/H0025/2022				EPI_ISL_12241591	EPI2099745			EPI2099743
A/Albania/8093/2021				EPI_ISL_12241583	EPI2078543			EPI2078541
A/Kosova/214/2021				EPI_ISL_12241635	EPI2099459			EPI2099457
A/Kosova/667/2021				EPI_ISL_12241638	EPI2099751			EPI2099749
A/Kosova/328/2021				EPI_ISL_12241636				
A/Kosova/414/2021				EPI_ISL_12241637	EPI2099756			EPI2099754
A/Croatia/153957/2021				EPI_ISL_12241608	EPI2078498			EPI2078496
A/Croatia/179609/2021				EPI_ISL_12241609	EPI2078492			EPI2078490
A/DIJON/48658/2021				EPI_ISL_9702164	EPI1983743			EPI1983744
A/Ile_de_France/50420/2021				EPI_ISL_9702165	EPI1983751			EPI1983752
A/Ile_de_France/52803/2021				EPI_ISL_9702166	EPI1983759			EPI1983760
A/SAINT-DENIS/48408/2021				EPI_ISL_9702162	EPI1983727			EPI1983728
A/Stockholm/19/2021				EPI_ISL_7638011	EPI1943315			EPI1943318
A/ROUEN/43686/2021				EPI_ISL_11324733	EPI1999204			EPI1999205
A/ROUEN/44089/2021				EPI_ISL_11324734	EPI1999212			EPI1999213
A/Ile_de_France/52132/2021				EPI_ISL_11324735	EPI1999220			EPI1999221
A/Centre/50421/2021				EPI_ISL_11324771	EPI1999236			EPI1999237
A/Canarias/9656/2021				EPI_ISL_6917705	EPI1987305			EPI1987308
A/Norway/4776/2021				EPI_ISL_4001773	EPI4749990			EPI4749992
A/Norway/2967/2021				EPI_ISL_4001772	EPI4749987			EPI4749989
A/England/214080971/2021				EPI_ISL_5935441	EPI1924593			EPI1924594
A/Denmark/18/2021				EPI_ISL_8769991	EPI1958251			EPI1958252
A/Denmark/36/2021				EPI_ISL_8786194	EPI1958413			EPI1958416
A/Moscow/154-161V/2021				EPI_ISL_8606767				
A/Stockholm/23/2021				EPI_ISL_8378561				
A/France/IDF-HCL022199024101/2021				EPI_ISL_17324286				
A/Spain/187/2023				EPI_ISL_18864987				
A/Stockholm/10/2021				EPI_ISL_13704396				
A/France/CNR-022199024101/2021				EPI_ISL_16407751				
A/Auxonne/0309/2021_mar				EPI_ISL_5135690				
A/Abidjan/0455/2021_jul				EPI_ISL_5135627				
A/Abidjan/0428/2021_jun				EPI_ISL_5135622				
A/Abidjan/0457/2021_jul				EPI_ISL_5135645				
A/Abidjan/0458/2021_jun				EPI_ISL_5135673				
A/France/ARA-HCL021202105201/2021				EPI_ISL_20077753				
A/France/ARA-HCL021213234601/2021				EPI_ISL_20077757				
A/France/ARA-HCL021194872801/2021				EPI_ISL_20077737				
A/France/ARA-HCL021229969701/2021				EPI_ISL_20077776				
A/France/ARA-HCL021231874801/2021				EPI_ISL_20077782				
A/France/ARA-HCL021231119001/2021				EPI_ISL_20077780				
A/France/ARA-HCL021232013801/2021				EPI_ISL_20077786				
A/France/ARA-HCL021231937601/2021				EPI_ISL_20077784				
A/France/ARA-HCL021223092001/2021				EPI_ISL_20077762				
A/France/ARA-HCL021228624501/2021				EPI_ISL_20077766				
A/France/ARA-HCL021225912401/2021				EPI_ISL_20077764				
A/France/ARA-HCL021229362901/2021				EPI_ISL_20077770				
A/France/ARA-HCL021229125501/2021				EPI_ISL_20077768				
A/ROUEN/41246/2021				EPI_ISL_11312728				
A/Lyon/CHU_0211681950/2021_sep				EPI_ISL_5136241				
A/Abidjan/458/2021				EPI_ISL_4005748				
A/Abidjan/455/2021				EPI_ISL_4005745				
A/Abidjan/428/2021				EPI_ISL_4005744				
A/Abidjan/457/2021				EPI_ISL_4005747				
A/KhMAO/182-14V/2021				EPI_ISL_8642692				
A/Murcia/10396/2021				EPI_ISL_10347101				
A/Netherlands/10218/2021				EPI_ISL_8708957				
A/Netherlands/10219/2021				EPI_ISL_8708958				
A/Netherlands/10227/2021				EPI_ISL_8708966				
A/Netherlands/10224/2021				EPI_ISL_8708963				
A/Paris/30353/2021				EPI_ISL_8808703				
A/Rouen/46942/2021				EPI_ISL_8808701				
A/Haute_Normandie/44089/2021				EPI_ISL_8808699				
A/Ancona/03/2021				EPI_ISL_9627702				
A/Netherlands/10201/2021				EPI_ISL_9627700				
A/Arkhangelsk/CRIE/608/2023				EPI_ISL_17072385				
A/Chelyabinsk/322-l20V/2023				EPI_ISL_17776937	EPI2586059			EPI2586060
A/Chelyabinsk/322-l19V/2023				EPI_ISL_17776936				
A/Chelyabinsk/322-l18V/2023				EPI_ISL_17776935				
A/Iasi/563997/2023				EPI_ISL_18825560	EPI2960476			EPI2960477
A/Krasnoyarsk/253-32V/2023				EPI_ISL_17776966				
A/Krasnoyarsk/263-39V/2023				EPI_ISL_17776965				
A/Kurgan/266-30V/2023				EPI_ISL_17776964				
A/Orenburg/277-20V/2023				EPI_ISL_17776963				
A/Catalonia/NSVH102047877/2023				EPI_ISL_17400157	EPI2501125			EPI2501126
A/Catalonia/NSVH102046067/2023				EPI_ISL_17400165	EPI2501189			EPI2501190
A/Catalonia/NSVH102049272/2023				EPI_ISL_17400166	EPI2501197			EPI2501198
A/Catalonia/NSVH102047797/2023				EPI_ISL_17400185	EPI2501305			EPI2501306
A/Catalonia/NSVH102045605/2023				EPI_ISL_17400184	EPI2501298			EPI2501299
A/Catalonia/NSVH102046341/2023				EPI_ISL_17400189	EPI2501329			EPI2501330
A/Catalonia/NSJT198269993/2023				EPI_ISL_17400179	EPI2501269			EPI2501270
A/England/235090204/2023				EPI_ISL_18891100	EPI3027628			EPI3027629
A/Catalonia/NSJO534137266/2023				EPI_ISL_17400181	EPI2501282			EPI2501283
A/Galicia/21422333737/2023				EPI_ISL_18776478	EPI2920347			EPI2920349
A/England/235290032/2023				EPI_ISL_18891170	EPI3027684			EPI3027685
A/Galicia/21422333221/2023				EPI_ISL_18776476	EPI2920338			EPI2920341
A/Galicia/21422332677/2023				EPI_ISL_18776469	EPI2920321			EPI2920324
A/England/235290033/2023				EPI_ISL_18891180	EPI3027692			EPI3027693
A/Galicia/21422325530/2023				EPI_ISL_18776467	EPI2920313			EPI2920315
A/Galicia/21422325424/2023				EPI_ISL_18776465	EPI2920304			EPI2920307
A/Bolzano/31/2023				EPI_ISL_17465749				
A/Umea/SE23-15162/2023				EPI_ISL_18792894	EPI2933573			EPI2933574
A/Trollhattan/SE23-15157/2023				EPI_ISL_18792892	EPI2933556			EPI2933557
A/Galicia/21452225735/2023				EPI_ISL_18776508	EPI2920495			EPI2920498
A/Thessaloniki/226/2023				EPI_ISL_18350523				
A/Jonkoping/SE23-15038/2023				EPI_ISL_18792890	EPI2933540			EPI2933541
A/Galicia/21435593942/2023				EPI_ISL_18776506	EPI2920489			EPI2920492
A/Orebro/SE23-15069/2023				EPI_ISL_18792891	EPI2933548			EPI2933549
A/Gothenburg/SE23-14854/2023				EPI_ISL_18792888	EPI2933523			EPI2933524
A/Galicia/21452225729/2023				EPI_ISL_18776504	EPI2920477			EPI2920481
A/Galicia/21422339299/2023				EPI_ISL_18776500	EPI2920456			EPI2920459
A/Stockholm/SE23-51826/2023				EPI_ISL_18792885	EPI2933498			EPI2933500
A/Galicia/21452225725/2023				EPI_ISL_18776501	EPI2920461			EPI2920465
A/Galicia/21452225721/2023				EPI_ISL_18776499	EPI2920444			EPI2920448
A/Galicia/21452225717/2023				EPI_ISL_18776496	EPI2920428			EPI2920432
A/Galicia/21452225713/2023				EPI_ISL_18776494	EPI2920411			EPI2920415
A/Galicia/21422339062/2023				EPI_ISL_18776493	EPI2920407			EPI2920410
A/Galicia/21452225708/2023				EPI_ISL_18776488	EPI2920395			EPI2920399
A/England/235290031/2023				EPI_ISL_18891160	EPI3027676			EPI3027677
A/Galicia/21422335470/2023				EPI_ISL_18776485	EPI2920390			EPI2920394
A/Galicia/21452225678/2023				EPI_ISL_18776483	EPI2920378			EPI2920382
A/Galicia/21452225675/2023				EPI_ISL_18776480	EPI2920362			EPI2920366
A/Galicia/21435731489/2023				EPI_ISL_18776543	EPI2920661			EPI2920663
A/Galicia/21435725642/2023				EPI_ISL_18776540	EPI2920644			EPI2920646
A/Galicia/21452225779/2023				EPI_ISL_18776537	EPI2920630			EPI2920634
A/Chelyabinsk/307-t17V/2023				EPI_ISL_17777093	EPI2586249			EPI2586250
A/Sweden/SE23-52030/2023				EPI_ISL_18792917	EPI2933748			EPI2933749
A/Galicia/21452225772/2023				EPI_ISL_18776533	EPI2920613			EPI2920617
A/Kalmykia/330-l52V/2023				EPI_ISL_17777092				
A/Sweden/SE23-51984/2023				EPI_ISL_18792914	EPI2933730			EPI2933731
A/Gothenburg/SE23-15541/2023				EPI_ISL_18792912	EPI2933714			EPI2933715
A/Vaxjo/SE23-15655/2023				EPI_ISL_18792913	EPI2933722			EPI2933723
A/Linkoping/SE23-15504/2023				EPI_ISL_18792910	EPI2933698			EPI2933699
A/Galicia/21452225759/2023				EPI_ISL_18776526	EPI2920597			EPI2920601
A/Sweden/SE23-15516/2023				EPI_ISL_18792911	EPI2933706			EPI2933707
A/United_Kingdom/UO-4cb36ecf5/2023				EPI_ISL_18776527				
A/Ostersund/SE23-15463/2023				EPI_ISL_18792908				
A/Galicia/21452225757/2023				EPI_ISL_18776524				
A/Stockholm/SE23-51974/2023				EPI_ISL_18792909				
A/Karlstad/SE23-15458/2023				EPI_ISL_18792906				
A/Lulea/SE23-15414/2023				EPI_ISL_18792904				
A/Jonkoping/SE23-15455/2023				EPI_ISL_18792905				
A/Galicia/21452225753/2023				EPI_ISL_18776521				
A/Halmstad/SE23-15218/2023				EPI_ISL_18792902				
A/Uppsala/SE23-15391/2023				EPI_ISL_18792903				
A/Galicia/21452225749/2023				EPI_ISL_18776519				
A/Sundsvall/SE23-15188/2023				EPI_ISL_18792900				
A/Galicia/21452225746/2023				EPI_ISL_18776516				
A/Stockholm/SE23-51899/2023				EPI_ISL_18792898				
A/Galicia/21452225742/2023				EPI_ISL_18776514				
A/Stockholm/SE23-51901/2023				EPI_ISL_18792899				
A/Lulea/SE23-15166/2023				EPI_ISL_18792896				
A/Sweden/SE23-51831/2023				EPI_ISL_18792897				
A/Galicia/21452225665/2023				EPI_ISL_18776575				
A/Galicia/21452225641/2023				EPI_ISL_18776572				
A/Galicia/21452225637/2023				EPI_ISL_18776570				
A/Netherlands/10498/2023				EPI_ISL_17416685				
A/Netherlands/10500/2023				EPI_ISL_17416687				
A/Netherlands/10499/2023				EPI_ISL_17416686				
A/Saint-Petersburg/RII-9139S/2023				EPI_ISL_18809331				
A/Bucuresti/563346/2023				EPI_ISL_18809330				
A/Arad/563258/2023				EPI_ISL_18809329				
A/Belgium/H00058/2023				EPI_ISL_18792944				
A/Botosani/563066/2023				EPI_ISL_18809328				
A/Netherlands/10506/2023				EPI_ISL_17416688				
A/Netherlands/10494/2023				EPI_ISL_17416691				
A/Galicia/21452202123/2023				EPI_ISL_18776549				
A/Galicia/21435731733/2023				EPI_ISL_18776546				
A/Galicia/21435731644/2023				EPI_ISL_18776545				
A/France/ARA-HCL023053770201/2023				EPI_ISL_17694734				
A/France/ARA-HCL023053512501/2023				EPI_ISL_17694732				
A/France/ARA-HCL023052567301/2023				EPI_ISL_17694731				
A/France/ARA-HCL023051344801/2023				EPI_ISL_17694724				
A/Austria/1671617/2023				EPI_ISL_18726925				
A/Autria/1671251/2023				EPI_ISL_18726924				
A/Norway/06991/2024				EPI_ISL_19497259	EPI3609916			EPI3609917
A/Norway/06799/2024				EPI_ISL_19497260	EPI3609922			EPI3609923
A/Norway/07196/2024				EPI_ISL_19497263	EPI3609943			EPI3609945
A/Norway/06990/2024				EPI_ISL_19497262	EPI3609936			EPI3609937
A/Norway/07106/2024				EPI_ISL_19497273	EPI3610006			EPI3610008
A/Norway/07112/2024				EPI_ISL_19497274	EPI3610013			EPI3610014
A/Norway/06812/2024				EPI_ISL_19497277	EPI3610035			EPI3610037
A/Norway/07219/2024				EPI_ISL_19497279	EPI3610051			EPI3610053
A/Norway/07162/2024				EPI_ISL_19497265	EPI3609958			EPI3609959
A/Norway/06965/2024				EPI_ISL_19497267	EPI3609968			EPI3609969
A/Norway/06751/2024				EPI_ISL_19497268				
A/France/GES-RELAB-IPP11891/2024				EPI_ISL_19529986	EPI3628310			EPI3628311
A/France/GES-RELAB-IPP11892/2024				EPI_ISL_19529987	EPI3628317			EPI3628318
A/France/GES-RELAB-IPP11889/2024				EPI_ISL_19529984	EPI3628294			EPI3628295
A/Norway/06906/2024				EPI_ISL_19497280				
A/Norway/06975/2024				EPI_ISL_19497283				
A/Norway/07221/2024				EPI_ISL_19497282				
A/Norway/06974/2024				EPI_ISL_19497285				
A/Norway/06976/2024				EPI_ISL_19497284				
A/Ukraine/2616/2024				EPI_ISL_19234853				
A/Ukraine/2615/2024				EPI_ISL_19234852				
A/Ukraine/2751/2024				EPI_ISL_19234855				
A/Ukraine/2617/2024				EPI_ISL_19234854				
A/Lithuania/MB2412270018/2024				EPI_ISL_19857469				
A/Athens/ILI1600/2024				EPI_ISL_20152352				
A/Netherlands/01806/2024				EPI_ISL_19529835				
A/Netherlands/01820/2024				EPI_ISL_19529846				
A/Netherlands/01815/2024				EPI_ISL_19529844				
A/Netherlands/10638/2024				EPI_ISL_19464340				
A/Netherlands/10642/2024				EPI_ISL_19464342				
A/Norway/07294/2024				EPI_ISL_19529962				
A/Norway/07382/2024				EPI_ISL_19529960				
A/Norway/07383/2024				EPI_ISL_19529961				
A/Norway/07677/2024				EPI_ISL_19529967				
A/Norway/07739/2024				EPI_ISL_19529964				
A/Norway/07557/2024				EPI_ISL_19529965				
A/Norway/07763/2024				EPI_ISL_19529954				
A/Norway/07343/2024				EPI_ISL_19529952				
A/Norway/07535/2024				EPI_ISL_19529953				
A/Norway/07453/2024				EPI_ISL_19529958				
A/Norway/07737/2024				EPI_ISL_19529959				
A/Norway/07451/2024				EPI_ISL_19529957				
A/France/BRE-IPP11768/2024				EPI_ISL_19529978				
A/France/CVL-IPP11758/2024				EPI_ISL_19529976				
A/France/BRE-IPP11767/2024				EPI_ISL_19529977				
A/France/PAC-IPP11827/2024				EPI_ISL_19529983				
A/France/GES-RELAB-IPP11797/2024				EPI_ISL_19529981				
A/Norway/07638/2024				EPI_ISL_19529934				
A/Norway/07750/2024				EPI_ISL_19529947				
A/Norway/07342/2024				EPI_ISL_19529951				
A/Norway/07606/2024				EPI_ISL_19529949				
A/Norway/07505/2024				EPI_ISL_19529938				
A/Norway/07618/2024				EPI_ISL_19529936				
A/Norway/07500/2024				EPI_ISL_19529937				
A/Norway/07650/2024				EPI_ISL_19529940				
A/Norway/07654/2024				EPI_ISL_19529941				
A/Ireland/00044071/2024				EPI_ISL_19268396				
A/Ireland/00044070/2024				EPI_ISL_19268397				
A/England/4700140/2024				EPI_ISL_19596139				
A/England/4700139/2024				EPI_ISL_19596138				
A/England/4700271/2024				EPI_ISL_19596143				
A/England/4700160/2024				EPI_ISL_19596142				
A/England/4700149/2024				EPI_ISL_19596141				
A/England/4660249/2024				EPI_ISL_19596130				
A/England/4640370/2024				EPI_ISL_19596129				
A/England/4700123/2024				EPI_ISL_19596134				
A/England/4680130/2024				EPI_ISL_19596132				
A/England/4720133/2024				EPI_ISL_19596147				
A/England/4720108/2024				EPI_ISL_19596145				
A/England/4720104/2024				EPI_ISL_19596144				
A/England/4720244/2024				EPI_ISL_19596149				
A/England/4720136/2024				EPI_ISL_19596148				
A/England/4600238/2024				EPI_ISL_19596110				
A/England/4580912/2024				EPI_ISL_19596109				
A/England/4620264/2024				EPI_ISL_19596123				
A/England/4620160/2024				EPI_ISL_19596121				
A/England/4620158/2024				EPI_ISL_19596120				
A/England/4640303/2024				EPI_ISL_19596126				
A/England/4640297/2024				EPI_ISL_19596125				
A/England/4620270/2024				EPI_ISL_19596124				
A/England/4620141/2024				EPI_ISL_19596115				
A/England/4600244/2024				EPI_ISL_19596113				
A/England/4620150/2024				EPI_ISL_19596119				
A/England/4620143/2024				EPI_ISL_19596117				
A/England/4620142/2024				EPI_ISL_19596116				
A/France/ARA-HCL025111340601/2024				EPI_ISL_20087730				
A/France/ARA-HCL025111343201/2024				EPI_ISL_20087731				
A/France/ARA-HCL025111336501/2024				EPI_ISL_20087728				
A/France/ARA-HCL025111338801/2024				EPI_ISL_20087729				
A/France/ARA-HCL025111345401/2024				EPI_ISL_20087732				
A/France/ARA-HCL025111352501/2024				EPI_ISL_20087733				
A/France/ARA-HCL025111332101/2024				EPI_ISL_20087726				
A/France/ARA-HCL025111334301/2024				EPI_ISL_20087727				
A/France/ARA-HCL025111329501/2024				EPI_ISL_20087725				
A/France/ARA-HCL025111267801/2024				EPI_ISL_20087709				
A/Catalonia/NSJO510834491/2024				EPI_ISL_19661816				
A/Catalonia/NSJO560000046/2024				EPI_ISL_19661812				
A/Catalonia/NSJO510834878/2024				EPI_ISL_19661815				
A/Catalonia/NSVC741082813/2024				EPI_ISL_19661809				
A/Catalonia/NSJO560000050/2024				EPI_ISL_19661810				
A/Athens/SENT11007/2025				EPI_ISL_20152693	EPI4649630			EPI4649633
A/Athens/SENT10789/2025				EPI_ISL_20152692	EPI4649622			EPI4649625
A/Ukraine/3216/2025				EPI_ISL_19792204	EPI4148241			EPI4148242
A/Ukraine/3217/2025				EPI_ISL_19792205				
A/Ukraine/3152/2025				EPI_ISL_19792203	EPI4148233			EPI4148234
A/Ukraine/3107/2025				EPI_ISL_19792200	EPI4148211			EPI4148212
A/Ukraine/3377/2025				EPI_ISL_19792214				
A/Ukraine/3720/2025				EPI_ISL_19792215				
A/Ukraine/3374/2025				EPI_ISL_19792212				
A/Ukraine/3376/2025				EPI_ISL_19792213				
A/Ukraine/3370/2025				EPI_ISL_19792210				
A/Ukraine/3372/2025				EPI_ISL_19792211				
A/Ukraine/3318/2025				EPI_ISL_19792208				
A/Belgium/S9986/2025				EPI_ISL_20316599				
A/Belgium/S9877/2025				EPI_ISL_20316596				
A/Belgium/S9884/2025				EPI_ISL_20316597				
A/Belgium/S9839/2025				EPI_ISL_20316595				
A/Belgium/G0952/2025				EPI_ISL_20316606				
A/Belgium/S0060/2025				EPI_ISL_20316604				
A/Belgium/G0946/2025				EPI_ISL_20316605				
A/France/BRE-IPP08550/2025				EPI_ISL_20349373				
A/Belgium/S0048/2025				EPI_ISL_20316602				
A/Belgium/S0053/2025				EPI_ISL_20316603				
A/Saint-Peterburg/RII-329/2025				EPI_ISL_20283835				
A/Belgium/S9992/2025				EPI_ISL_20316600				
A/Bari/55/2025				EPI_ISL_20316580				
A/Belgium/S9787/2025				EPI_ISL_20316590				
A/Belgium/S9735/2025				EPI_ISL_20316587				
A/Andalucia/PMC-01067/2025				EPI_ISL_20218260				
A/Andalucia/PMC-01065/2025				EPI_ISL_20218261				
A/Andalucia/PMC-01068/2025				EPI_ISL_20218263				
A/Andalucia/PMC-01070/2025				EPI_ISL_20218264				
A/Andalucia/PMC-01069/2025				EPI_ISL_20218265				
A/England/3100599/2025				EPI_ISL_20152707				
A/England/2820681/2025				EPI_ISL_20152705				
A/England/3100605/2025				EPI_ISL_20152708				
A/Romania_AR/607620/2025				EPI_ISL_20316559				
A/England/3240738/2025				EPI_ISL_20152714				
A/France/PDL-IPPG0037/2025				EPI_ISL_20349429				
A/Caceres/53007239/2025				EPI_ISL_20349426				
A/France/IDF-RELAB-IPPG0035/2025				EPI_ISL_20349427				
A/Saint-Peterburg/RII-MH266701S/2025				EPI_ISL_20283888				
A/Belgium/H0103/2025				EPI_ISL_20218366				
A/Belgium/H0104/2025				EPI_ISL_20218367				
A/Saint-Peterburg/RII-MH266657S/2025				EPI_ISL_20283877				
A/France/NAQ-RELAB-IPPG0029/2025				EPI_ISL_20349422				
A/France/HDF-IPPG0015/2025				EPI_ISL_20349418				
A/France/PDL-IPPG0013/2025				EPI_ISL_20349417				
A/Netherlands/02122/2025				EPI_ISL_20152785				
A/Netherlands/02121/2025				EPI_ISL_20152784				
A/France/CVL-RELAB-IPP09067/2025				EPI_ISL_20349392				
A/France/IDF-RELAB-IPP09068/2025				EPI_ISL_20349393				
A/Netherlands/02126/2025				EPI_ISL_20152788				
A/France/GES-IPP09112/2025				EPI_ISL_20349407				
A/Belgium/G0959/2025				EPI_ISL_20316636				
A/France/NOR-IPP09091/2025				EPI_ISL_20349403				
A/France/IDF-RELAB-IPP09076/2025				EPI_ISL_20349400				
A/Bari/56/2025				EPI_ISL_20316633				
A/Belgium/S0163/2025				EPI_ISL_20316614				
A/Netherlands/02107/2025				EPI_ISL_20152771				
A/Netherlands/02104/2025				EPI_ISL_20152770				
A/Netherlands/02102/2025				EPI_ISL_20152769				
A/France/HDF-RELAB-IPP09048/2025				EPI_ISL_20349381				
A/Belgium/S0120/2025				EPI_ISL_20316613				
A/France/HDF-RELAB-IPP09045/2025				EPI_ISL_20349378				
A/Belgium/S0075/2025				EPI_ISL_20316611				
A/Netherlands/02111/2025				EPI_ISL_20152774				
A/Belgium/H0135/2025				EPI_ISL_20316608				
A/Netherlands/02110/2025				EPI_ISL_20152773				
A/Belgium/H0136/2025				EPI_ISL_20316609				
A/Netherlands/02109/2025				EPI_ISL_20152772				
A/Netherlands/02116/2025				EPI_ISL_20152779				
A/Netherlands/02115/2025				EPI_ISL_20152778				
A/Belgium/S0312/2025				EPI_ISL_20316620				
A/Netherlands/02113/2025				EPI_ISL_20152777				
A/France/NOR-RELAB-IPP09063/2025				EPI_ISL_20349389				
A/Netherlands/02112/2025				EPI_ISL_20152776				
A/Netherlands/02120/2025				EPI_ISL_20152783				
A/Netherlands/02119/2025				EPI_ISL_20152782				
A/France/HDF-RELAB-IPP09051/2025				EPI_ISL_20349384				
A/Netherlands/02118/2025				EPI_ISL_20152781				
A/Estonia/KL4784/2025				EPI_ISL_19857470				
A/CAT/3568282NS/2025				EPI_ISL_19857468				
A/Milano/6387/2025				EPI_ISL_20348962				
A/Lithuania/MB2502100478/2025				EPI_ISL_19857467				
A/Lithuania/MB2501200054/2025				EPI_ISL_19857466				
A/Lithuania/MB2502100494/2025				EPI_ISL_19857465				
A/Lithuania/MB2502100488/2025				EPI_ISL_19857464				
A/Moldova/39811/2025				EPI_ISL_19857463				
A/Lithuania/MB2502100553/2025				EPI_ISL_19857462				
A/Milano/6873/2025				EPI_ISL_20348972				
A/Milano/6910/2025				EPI_ISL_20348973				
A/Catalonia/NSVH102670844/2025				EPI_ISL_20152338				
A/Catalonia/NSVH102670426/2025				EPI_ISL_20152337				
A/Catalonia/NSVH102669498/2025				EPI_ISL_20152336				
A/Catalonia/NSAV198332036/2025				EPI_ISL_20152343				
A/Catalonia/NSAV198332035/2025				EPI_ISL_20152342				
A/Catalonia/NSAV198332034/2025				EPI_ISL_20152341				
A/Catalonia/NSAV198332033/2025				EPI_ISL_20152340				
A/Catalonia/NSAV198332622/2025				EPI_ISL_20152347				
A/Murcia/G3184/2009						EPI_ISL_32768		
A/Norway/2506/2015						EPI_ISL_196610		
A/Murcia/G3186/2009						EPI_ISL_32769		
A/Norway/2504/2015						EPI_ISL_196609		
A/Baleares/RR3489/2009						EPI_ISL_32770		
A/Norway/2475/2015						EPI_ISL_196608		
A/Baleares/RR3490/2009						EPI_ISL_32771		
A/Baleares/RR3492/2009						EPI_ISL_32772		
A/Galicia/RR3628/2009						EPI_ISL_32773		
A/Navarra/RR3507/2009						EPI_ISL_32774		
A/Murcia/RR3417/2009						EPI_ISL_32775		
A/Murcia/RR3436/2009						EPI_ISL_32776		
A/Murcia/RR3433/2009						EPI_ISL_32777		
A/Murcia/RR3572/2009						EPI_ISL_32778		
A/Cardiff/9945/2018						EPI_ISL_327694		
A/Baleares/RR3516/2009						EPI_ISL_32779		
A/Cardiff/9779/2018						EPI_ISL_327689		
A/Murcia/RR3506/2009						EPI_ISL_32780		
A/Baleares/RR3520/2009						EPI_ISL_32781		
A/Murcia/RR3557/2009						EPI_ISL_32782		
A/Cardiff/9849/2018						EPI_ISL_327690		
A/Baleares/RR3620/2009						EPI_ISL_32783		
A/Murcia/RR3559/2009						EPI_ISL_32784		
A/Barry/1912/2018						EPI_ISL_327709		
A/Athens_GR/455/2017						EPI_ISL_262185		
A/Abertillery/1971/2018						EPI_ISL_327722		
A/Cardiff/1973/2018						EPI_ISL_327732		
A/Lisboa/niEVA044/2016						EPI_ISL_262220		
A/Lisboa/niEVA049/2016						EPI_ISL_262221		
A/Lisboa/niEVA063/2016						EPI_ISL_262222		
A/Lisboa/niSU90/2016						EPI_ISL_262223		
A/Llanelli/5367/2018						EPI_ISL_327753		
A/Lisboa/niEVA034/2016						EPI_ISL_262216		
A/Lisboa/niEVA035/2016						EPI_ISL_262217		
A/Lisboa/niEVA040/2016						EPI_ISL_262218		
A/Lisboa/niEVA043/2016						EPI_ISL_262219		
A/Luxembourg/63718/2016						EPI_ISL_262228		
A/Luxembourg/63721/2016						EPI_ISL_262229		
A/Luxembourg/64292/2016						EPI_ISL_262230		
A/Luxembourg/64297/2016						EPI_ISL_262231		
A/Lisboa/niSU99/2016						EPI_ISL_262224		
A/Luxembourg/61798/2016						EPI_ISL_262225		
A/Luxembourg/62062/2016						EPI_ISL_262227		
A/Macedonia/172/2016						EPI_ISL_262236		
A/Macedonia/182/2016						EPI_ISL_262237		
A/Macedonia/189/2016						EPI_ISL_262238		
A/Macedonia/190/2016						EPI_ISL_262239		
A/Luxembourg/64534/2016						EPI_ISL_262232		
A/Macedonia/163/2016						EPI_ISL_262233		
A/Macedonia/165/2016						EPI_ISL_262234		
A/Moldova/6.01/2017						EPI_ISL_262244		
A/Moldova/669.51/2016						EPI_ISL_262245		
A/Treorchy/3132/2018						EPI_ISL_327783		
A/Moldova/670.51/2016						EPI_ISL_262246		
A/Moldova/678.51/2016						EPI_ISL_262247		
A/Pontyclun/4501/2018						EPI_ISL_327776		
A/Moldova/13.01/2017						EPI_ISL_262243		
A/Poland/82/2017						EPI_ISL_262252		
A/Kaliningrad/RII02/2012						EPI_ISL_131178		
A/Netherlands/10018/2021						EPI_ISL_12943532		
A/Portugal/GG8/2016						EPI_ISL_262253		
A/Novosibirsk/RII14/2012						EPI_ISL_131179		
A/Portugal/SU11/2016						EPI_ISL_262254		
A/Saint_Petersburg/RII09/2012						EPI_ISL_131176		
A/Portugal/SU12/2016						EPI_ISL_262255		
A/Novosibirsk/RII25/2012						EPI_ISL_131177		
A/Moldova/691.52/2016						EPI_ISL_262248		
A/Omsk/RII06/2012						EPI_ISL_131182		
A/Poland/104/2017						EPI_ISL_262249		
A/Astrakhan/RII06/2012						EPI_ISL_131183		
A/Poland/30476/2016						EPI_ISL_262250		
A/Saint_Petersburg/RII23/2012						EPI_ISL_131180		
A/Poland/30484/2016						EPI_ISL_262251		
A/Omsk/RII02/2012						EPI_ISL_131181		
A/Saint_Petersburg/RII31/2012						EPI_ISL_131186		
A/Saint_Petersburg/RII47/2012						EPI_ISL_131187		
A/Saint_Petersburg/RII16/2012						EPI_ISL_131184		
A/Rethymno_Crete_GR/448/2017						EPI_ISL_262263		
A/Portugal/SU152/2016						EPI_ISL_262256		
A/Saint_Petersburg/RII60/2012						EPI_ISL_131190		
A/Portugal/SU158/2016						EPI_ISL_262257		
A/Saint_Petersburg/RII63/2012						EPI_ISL_131191		
A/Portugal/SU164/2016						EPI_ISL_262258		
A/Ekaterinburg/RII06/2012						EPI_ISL_131188		
A/Saint_Petersburg/RII50/2012						EPI_ISL_131189		
A/Moscow/RII13/2012						EPI_ISL_131192		
A/Navarra/RR3463/2009						EPI_ISL_32890		
A/Baleares/RR3641/2009						EPI_ISL_32891		
A/Ammanford/6621/2018						EPI_ISL_327801		
A/Tomsk/31074/2016						EPI_ISL_262265		
A/Padova/5/2018						EPI_ISL_295047		
A/Roma/14/2017						EPI_ISL_295040		
A/Aberdare/4682/2018						EPI_ISL_327808		
A/Padova/8/2018						EPI_ISL_295054		
A/Padova/7/2018						EPI_ISL_295051		
A/Buckley/4801/2017						EPI_ISL_327845		
A/Ukraine/7424/2016						EPI_ISL_262308		
A/Ukraine/7452/2016						EPI_ISL_262309		
A/Ukraine/7453/2016						EPI_ISL_262310		
A/St_Clears/2727/2018						EPI_ISL_327842		
A/Tyumen/13/2016						EPI_ISL_262307		
A/Netherlands/10109/2021						EPI_ISL_6717646		
A/Ukraine/7463/2016						EPI_ISL_262316		
A/Netherlands/10111/2021						EPI_ISL_6717647		
A/Ukraine/7488/2016						EPI_ISL_262317		
A/Netherlands/10106/2021						EPI_ISL_6717644		
A/Centre/834/2014						EPI_ISL_164008		
A/Netherlands/10107/2021						EPI_ISL_6717645		
A/Poland/12186/2016						EPI_ISL_262319		
A/Ukraine/7455/2016						EPI_ISL_262312		
A/Netherlands/10105/2021						EPI_ISL_6717643		
A/Ukraine/7459/2016						EPI_ISL_262313		
A/Ukraine/7460/2016						EPI_ISL_262314		
A/Ukraine/7462/2016						EPI_ISL_262315		
A/Netherlands/10120/2021						EPI_ISL_6717654		
A/Netherlands/10121/2021						EPI_ISL_6717655		
A/Netherlands/10117/2021						EPI_ISL_6717652		
A/Netherlands/10119/2021						EPI_ISL_6717653		
A/Netherlands/10114/2021						EPI_ISL_6717650		
A/Poland/3743/2016				EPI_ISL_262320		EPI_ISL_262320		
A/Netherlands/10115/2021						EPI_ISL_6717651		
A/Poland/3745/2016				EPI_ISL_262321		EPI_ISL_262321		
A/Netherlands/10112/2021						EPI_ISL_6717648		
A/Netherlands/10113/2021						EPI_ISL_6717649		
A/Netherlands/10122/2021				EPI_ISL_6717656		EPI_ISL_6717656		
A/Paris/123/2008						EPI_ISL_164038		
A/Paris/892/2009						EPI_ISL_164039		
A/Paris/358/2007						EPI_ISL_164036		
A/Paris/2030/2008						EPI_ISL_164037		
A/Athens.GR/1848/2019						EPI_ISL_426190		
A/Paris/1068/2009				EPI_ISL_164042		EPI_ISL_164042		
A/Athens.GR/84/2020						EPI_ISL_426191		
A/Paris/792/2014						EPI_ISL_164043		
A/Athens.GR/146/2020						EPI_ISL_426188		
A/Paris/965/2009				EPI_ISL_164040		EPI_ISL_164040		
A/Athens.GR/158/2020						EPI_ISL_426189		
A/Paris/1066/2009				EPI_ISL_164041		EPI_ISL_164041		
A/Paris/1094/2009				EPI_ISL_164046		EPI_ISL_164046		
A/Paris/1119/2009				EPI_ISL_164047		EPI_ISL_164047		
A/Paris/794/2014						EPI_ISL_164044		
A/Paris/1069/2009				EPI_ISL_164045		EPI_ISL_164045		
A/Belgium/G0528/2019						EPI_ISL_426198		
A/Paris/1973/2008				EPI_ISL_164050		EPI_ISL_164050		
A/Belgium/G0542/2019						EPI_ISL_426199		
A/Paris/1980/2008				EPI_ISL_164051		EPI_ISL_164051		
A/Belgium/G0506/2019						EPI_ISL_426196		
A/Paris/711/2008				EPI_ISL_164048		EPI_ISL_164048		
A/Belgium/G0514/2019						EPI_ISL_426197		
A/Paris/1082/2009				EPI_ISL_164049		EPI_ISL_164049		
A/Paris/2285/2009				EPI_ISL_164054		EPI_ISL_164054		
A/Bayern/2/2020						EPI_ISL_426195		
A/Paris/1477/2010						EPI_ISL_164055		
A/Paris/1981/2009				EPI_ISL_164052		EPI_ISL_164052		
A/Baden-Wurttemberg/17/2020						EPI_ISL_426193		
A/Paris/1983/2009				EPI_ISL_164053		EPI_ISL_164053		
A/Ireland/79856/2019				EPI_ISL_426206		EPI_ISL_426206		
A/Haute_Normandie/199/2011						EPI_ISL_164058		
A/Ireland/85561/2019				EPI_ISL_426207		EPI_ISL_426207		
A/Paris/089/2010						EPI_ISL_164059		
A/Paris/1478/2010						EPI_ISL_164056		
A/Hessen/6/2020						EPI_ISL_426205		
A/Picardie/129/2011						EPI_ISL_164057		
A/Nord_Pas_de_Calais/575/2012						EPI_ISL_164062		
A/Bulgaria/1575/2019				EPI_ISL_426203		EPI_ISL_426203		
A/Bourgogne/850/2012						EPI_ISL_164063		
A/Berlin/21/2020						EPI_ISL_426200		
A/Caen/216/2011						EPI_ISL_164060		
A/Franche_Comte/513/2012						EPI_ISL_164061		
A/Ireland/94563/2019				EPI_ISL_426214		EPI_ISL_426214		
A/Bretagne/924/2012						EPI_ISL_164066		
A/Lorraine/992/2012						EPI_ISL_164067		
A/Ireland/91453/2019				EPI_ISL_426212		EPI_ISL_426212		
A/Nord_Pas_de_Calais/884/2012						EPI_ISL_164064		
A/Ireland/91781/2019				EPI_ISL_426213		EPI_ISL_426213		
A/Centre/907/2012						EPI_ISL_164065		
A/Ireland/89141/2019				EPI_ISL_426210		EPI_ISL_426210		
A/Paris/1040/2012						EPI_ISL_164070		
A/Ireland/89461/2019				EPI_ISL_426211		EPI_ISL_426211		
A/Centre/1105/2012						EPI_ISL_164071		
A/Ireland/88070/2019				EPI_ISL_426208		EPI_ISL_426208		
A/Bretagne/1007/2012						EPI_ISL_164068		
A/Ireland/88581/2019				EPI_ISL_426209		EPI_ISL_426209		
A/Haute_Normandie/1026/2012						EPI_ISL_164069		
A/Lorraine/1380/2012						EPI_ISL_164074		
A/Lorraine/770/2014						EPI_ISL_164075		
A/Paris/1116/2012						EPI_ISL_164072		
A/Mold/7024/2017						EPI_ISL_327918		
A/Picardie/1208/2012						EPI_ISL_164073		
A/Paris/642/2012						EPI_ISL_164078		
A/Paris/647/2012						EPI_ISL_164079		
A/Paris/797/2014						EPI_ISL_164076		
a/Paris/798/2014						EPI_ISL_164077		
A/Paris/1156/2012						EPI_ISL_164082		
A/Catalonia/2160250NS/2014						EPI_ISL_164083		
A/Paris/1009/2012						EPI_ISL_164080		
A/Paris/1047/2012						EPI_ISL_164081		
A/Paris/1390/2012						EPI_ISL_164084		
A/Niedersachsen/51/2020						EPI_ISL_426235		
A/Moscow/CRIE/12/2021				EPI_ISL_5177678		EPI_ISL_5177678		
A/Sachsen/5/2020						EPI_ISL_426247		
A/Karlstad/4/2021				EPI_ISL_9208201		EPI_ISL_9208201		
A/Thuringen/11/2020						EPI_ISL_426251		
A/Schleswig-Holstein/2/2020						EPI_ISL_426248		
A/Bulgaria/1576/2019				EPI_ISL_491799		EPI_ISL_491799		
A/Stockholm/34/2021				EPI_ISL_9208249		EPI_ISL_9208249		
A/Austria/96/2014						EPI_ISL_164162		
A/Stockholm/15/2011						EPI_ISL_98646		
A/Austria/784503/2014						EPI_ISL_164202		
A/Niedersachsen/150/11						EPI_ISL_18776183		
A/Austria/785558/2014						EPI_ISL_164203		
A/Austria/772655/2014						EPI_ISL_164200		
A/Austria/773236/2014						EPI_ISL_164201		
A/Austria/790710/2014						EPI_ISL_164206		
A/Belgium/14G0508/2014						EPI_ISL_164207		
A/Austria/786648/2014						EPI_ISL_164204		
A/Austria/788090/2014						EPI_ISL_164205		
A/Bratislava/111/2014						EPI_ISL_164210		
A/Calarasi/162804/2014						EPI_ISL_164211		
A/Belgium/14G0510/2014						EPI_ISL_164208		
A/Botosani/162690/2014						EPI_ISL_164209		
A/England/256/2014						EPI_ISL_164214		
A/England/400/2014						EPI_ISL_164215		
A/Czech_Republic/6/2014						EPI_ISL_164213		
A/Sweden/54/2020						EPI_ISL_426366		
A/Finland/411/2014						EPI_ISL_164218		
A/Sweden/55/2020						EPI_ISL_426367		
A/Finland/405/2014						EPI_ISL_164216		
A/Finland/410/2014						EPI_ISL_164217		
A/Sweden/62/2020						EPI_ISL_426374		
A/Iceland/08202/2014						EPI_ISL_164226		
A/Finland/251/2021				EPI_ISL_14254424		EPI_ISL_14254424		
A/Sweden/63/2020						EPI_ISL_426375		
A/Iceland/23/2014						EPI_ISL_164227		
A/Sweden/60/2020						EPI_ISL_426372		
A/Sweden/61/2020						EPI_ISL_426373		
A/Sweden/58/2020						EPI_ISL_426370		
A/Ireland/21550/2014						EPI_ISL_164230		
A/Ireland/22041/2014						EPI_ISL_164231		
A/Sweden/56/2020						EPI_ISL_426368		
A/Finland/254/2021				EPI_ISL_14254431		EPI_ISL_14254431		
A/Iceland/45/2014						EPI_ISL_164228		
A/Sweden/57/2020						EPI_ISL_426369		
A/Finland/252/2021				EPI_ISL_14254430		EPI_ISL_14254430		
A/Iceland/62/2014						EPI_ISL_164229		
A/Ireland/23577/2014						EPI_ISL_164234		
A/Khmelnitsky/244/2014						EPI_ISL_164235		
A/Ireland/22350/2014						EPI_ISL_164232		
A/Ireland/22878/2014						EPI_ISL_164233		
A/Sweden/66/2020						EPI_ISL_426378		
A/Latvia/03-026603/2014						EPI_ISL_164238		
A/Levice/223/2014						EPI_ISL_164239		
A/Sweden/64/2020				EPI_ISL_426376		EPI_ISL_426376		
A/Khmelnitsky/249/2014						EPI_ISL_164236		
A/Finland/244/2021				EPI_ISL_14254422		EPI_ISL_14254422		
A/Sweden/65/2020				EPI_ISL_426377		EPI_ISL_426377		
A/Latvia/03-013033/2014						EPI_ISL_164237		
A/Jonkoping/3/2021				EPI_ISL_9208092		EPI_ISL_9208092		
A/Norway/53/2014						EPI_ISL_164242		
A/Mellerud/1/2021				EPI_ISL_9208093		EPI_ISL_9208093		
A/Olt/162753/2014						EPI_ISL_164243		
A/Milano/84/2014						EPI_ISL_164240		
A/Mures/163025/2014						EPI_ISL_164241		
A/Saint-Petersburg/80/2014						EPI_ISL_164246		
A/Sarajevo/58/2013						EPI_ISL_164247		
A/Prievidza/182/2014						EPI_ISL_164244		
A/Saint-Petersburg/45/2014						EPI_ISL_164245		
A/Serbia/NS-783/2014						EPI_ISL_164250		
A/Slovenia/1162/2014						EPI_ISL_164251		
A/Sarajevo/9/2013						EPI_ISL_164248		
A/Sastin/137/2014						EPI_ISL_164249		
A/Slovenia/153/2014						EPI_ISL_164254		
A/Finland/189/2011						EPI_ISL_98717		
A/Slovenia/525/2014				EPI_ISL_164255		EPI_ISL_164255		
A/Slovenia/1213/2014				EPI_ISL_164252		EPI_ISL_164252		
A/Slovenia/145/2014				EPI_ISL_164253		EPI_ISL_164253		
A/Slovenia/842/2014				EPI_ISL_164258		EPI_ISL_164258		
A/Stockholm/12/2014				EPI_ISL_164259		EPI_ISL_164259		
A/Slovenia/622/2014				EPI_ISL_164256		EPI_ISL_164256		
A/Slovenia/712/2014				EPI_ISL_164257		EPI_ISL_164257		
A/Ukraine/6054/2014				EPI_ISL_164262		EPI_ISL_164262		
A/Ukraine/6101/2014				EPI_ISL_164263		EPI_ISL_164263		
A/Stockholm/13/2014				EPI_ISL_164260		EPI_ISL_164260		
A/Ukraine/125/2014				EPI_ISL_164261		EPI_ISL_164261		
A/Ukraine/86/2014				EPI_ISL_164264		EPI_ISL_164264		
A/Vrancea/162893/2014				EPI_ISL_164265		EPI_ISL_164265		
A/Uppsala/18/2021				EPI_ISL_9208098		EPI_ISL_9208098		
A/Finland/258/2021				EPI_ISL_14254440		EPI_ISL_14254440		
A/Finland/256/2021				EPI_ISL_14254433		EPI_ISL_14254433		
A/Finland/255/2021				EPI_ISL_14254432		EPI_ISL_14254432		
A/Finland/257/2021				EPI_ISL_14254434		EPI_ISL_14254434		
A/Gavle/1/2021				EPI_ISL_9208113		EPI_ISL_9208113		
A/Uppsala/19/2021				EPI_ISL_9208140		EPI_ISL_9208140		
A/Norrkoping/2/2021				EPI_ISL_9208136		EPI_ISL_9208136		
A/Halmstad/2/2021				EPI_ISL_9208137		EPI_ISL_9208137		
A/Falun/1/2021				EPI_ISL_9208135		EPI_ISL_9208135		
A/Linkoping/2/2021				EPI_ISL_9208129		EPI_ISL_9208129		
A/Orebro/5/2021				EPI_ISL_9208158		EPI_ISL_9208158		
A/Karlstad/3/2021				EPI_ISL_9208159		EPI_ISL_9208159		
A/Linkoping/3/2021				EPI_ISL_9208155		EPI_ISL_9208155		
A/Stockholm/33/2021				EPI_ISL_9208160		EPI_ISL_9208160		
A/Boras/1/2021				EPI_ISL_9208185		EPI_ISL_9208185		
A/Novosibirsk/1211/2009				EPI_ISL_66079		EPI_ISL_66079		
A/England/195220279/2019						EPI_ISL_459302		
A/Novosibirsk/31/2009				EPI_ISL_66083		EPI_ISL_66083		
A/England/814/2019						EPI_ISL_459300		
A/England/195180342/2019						EPI_ISL_459299		
A/England/195100228/2019						EPI_ISL_459298		
A/Novosibirsk/319/2009				EPI_ISL_66084		EPI_ISL_66084		
A/Novosibirsk/628/2009				EPI_ISL_66086		EPI_ISL_66086		
A/Norway/2065/2011						EPI_ISL_98857		
A/Novosibirsk/707/2009				EPI_ISL_66089		EPI_ISL_66089		
A/Norway/2047/2011						EPI_ISL_98858		
A/St_Petersburg/RII-322/2019						EPI_ISL_393783		
A/England/72						EPI_ISL_66096		
A/Ukraine/273/2014				EPI_ISL_164410		EPI_ISL_164410		
A/Ukraine/103/2014				EPI_ISL_164411		EPI_ISL_164411		
A/Ukraine/84/2014				EPI_ISL_165826		EPI_ISL_164409		
A/Udorn/72						EPI_ISL_66106		
A/Kaliningrad/01/2014				EPI_ISL_164633		EPI_ISL_164412		
A/Zaporizza/324/2014				EPI_ISL_164423		EPI_ISL_164423		
A/Dnipro/384/2014				EPI_ISL_164630		EPI_ISL_164421		
A/Ukraine/222/2014				EPI_ISL_164427		EPI_ISL_164427		
A/Yaroslavl/235/2014						EPI_ISL_164435		
A/Vladimir/230/2014				EPI_ISL_165828		EPI_ISL_164433		
A/Austria/117/2012						EPI_ISL_131698		
A/Voronezh/10/2007						EPI_ISL_98948		
A/Trieste/25/2007						EPI_ISL_98951		
A/Finland/262/2021				EPI_ISL_14254657		EPI_ISL_14254657		
A/Luxembourg/17006170/2017						EPI_ISL_262852		
A/Luxembourg/17006692/2017						EPI_ISL_262853		
A/Luxembourg/17006979/2017						EPI_ISL_262854		
A/Luxembourg/17007557/2017						EPI_ISL_262855		
A/Luxembourg/17007719/2017						EPI_ISL_262856		
A/Luxembourg/17008299/2017						EPI_ISL_262857		
A/Luxembourg/17010561/2017						EPI_ISL_262858		
A/Luxembourg/17011025/2017						EPI_ISL_262859		
A/Luxembourg/17007235/2017						EPI_ISL_262876		
A/Luxembourg/17007419/2017						EPI_ISL_262877		
A/Finland/259/2021				EPI_ISL_14254651		EPI_ISL_14254651		
A/Finland/260/2021				EPI_ISL_14254653		EPI_ISL_14254653		
A/Finland/261/2021				EPI_ISL_14254655		EPI_ISL_14254655		
A/Paris/1124/2014				EPI_ISL_166231		EPI_ISL_164602		
A/Franche_Comte/1125/2014				EPI_ISL_164603		EPI_ISL_164603		
A/Centre/1329/2014				EPI_ISL_166213		EPI_ISL_164606		
A/Pays_de_Loire/1443/2014				EPI_ISL_164607		EPI_ISL_164607		
A/Bosnia_and_Herzegovina/84219/2019						EPI_ISL_393976		
A/Bretagne/1267/2014				EPI_ISL_164604		EPI_ISL_164604		
A/Bosnia_and_Herzegovina/87911/2019						EPI_ISL_393977		
A/Paris/1268/2014				EPI_ISL_164605		EPI_ISL_164605		
A/Saint-Petersburg/RII-4591S/2021				EPI_ISL_8717189		EPI_ISL_8717189		
A/Saint-Petersburg/RII-4541S/2021				EPI_ISL_8717188		EPI_ISL_8717188		
A/Saint-Petersburg/RII-4602S/2021				EPI_ISL_8717191		EPI_ISL_8717191		
A/Centre/1497/2014				EPI_ISL_164608		EPI_ISL_164608		
A/Saint-Petersburg/RII-4596S/2021				EPI_ISL_8717190		EPI_ISL_8717190		
A/Ireland/25600/2019						EPI_ISL_393998		
A/Ireland/26207/2019						EPI_ISL_393999		
A/Stockholm/38/2012						EPI_ISL_131851		
A/Ireland/23414/2019						EPI_ISL_393996		
A/Ireland/24490/2019						EPI_ISL_393997		
A/Stockholm/40/2012						EPI_ISL_131854		
A/Ireland/22356/2019						EPI_ISL_393995		
A/Stockholm/36/2012						EPI_ISL_131855		
A/Stockholm/39/2012						EPI_ISL_131852		
A/Saint-Petersburg/RII-4631S/2021				EPI_ISL_8717194		EPI_ISL_8717194		
A/Ireland/32103/2019						EPI_ISL_394006		
A/Stockholm/41/2012						EPI_ISL_131858		
A/Ireland/34444/2019						EPI_ISL_394007		
A/Saint-Petersburg/RII-4633S/2021				EPI_ISL_8717204		EPI_ISL_8717204		
A/Ireland/29012/2019						EPI_ISL_394004		
A/Stockholm/37/2012						EPI_ISL_131856		
A/Ireland/29431/2019						EPI_ISL_394005		
A/Uppsala/3/2012						EPI_ISL_131857		
A/Ireland/28223/2019						EPI_ISL_394002		
A/Ireland/28663/2019						EPI_ISL_394003		
A/Ireland/28193/2019						EPI_ISL_394001		
A/Saint-Petersburg/RII-4660S/2021				EPI_ISL_8717213		EPI_ISL_8717213		
A/Saint-Petersburg/RII-4735S/2021				EPI_ISL_8717215		EPI_ISL_8717215		
A/Saint-Petersburg/RII-4732S/2021				EPI_ISL_8717214		EPI_ISL_8717214		
A/Saint-Petersburg/RII-4635S/2021				EPI_ISL_8717211		EPI_ISL_8717211		
A/Norway/1359/2019						EPI_ISL_394022		
A/Norway/1606/2019						EPI_ISL_394023		
A/Saint-Petersburg/RII-4745S/2021				EPI_ISL_8717222		EPI_ISL_8717222		
A/Saint-Petersburg/RII-4736S/2021				EPI_ISL_8717219		EPI_ISL_8717219		
A/Norway/2219/2019						EPI_ISL_394030		
A/Norway/2220/2019						EPI_ISL_394031		
A/Saint-Petersburg/RII-4747S/2021				EPI_ISL_8717228		EPI_ISL_8717228		
A/Norway/2161/2019						EPI_ISL_394028		
A/Norway/2208/2019						EPI_ISL_394029		
A/Norway/2099/2019						EPI_ISL_394026		
A/Norway/2155/2019						EPI_ISL_394027		
A/Norway/1926/2019						EPI_ISL_394024		
A/Norway/2032/2019						EPI_ISL_394025		
A/Saint-Petersburg/RII-4751S/2021				EPI_ISL_8717238		EPI_ISL_8717238		
A/Norway/2229/2019						EPI_ISL_394034		
A/Saint-Petersburg/RII-4748S/2021				EPI_ISL_8717232		EPI_ISL_8717232		
A/Norway/2221/2019						EPI_ISL_394032		
A/Norway/2224/2019						EPI_ISL_394033		
A/Saint-Petersburg/RII-4764S/2021				EPI_ISL_8717246		EPI_ISL_8717246		
A/Petropavlovsk-Kamchatsky/RII-MH39032S/2021				EPI_ISL_8717253		EPI_ISL_8717253		
A/Saint-Petersburg/RII-4837S/2021				EPI_ISL_8717252		EPI_ISL_8717252		
A/Saint-Petersburg/RII-4794S/2021				EPI_ISL_8717248		EPI_ISL_8717248		
A/Saint-Petersburg/RII-4835S/2021				EPI_ISL_8717251		EPI_ISL_8717251		
A/Kaliningrad/RII-MH41667S/2021				EPI_ISL_8717260		EPI_ISL_8717260		
A/Kaliningrad/RII-MH41672S/2021				EPI_ISL_8717263		EPI_ISL_8717263		
A/Kaliningrad/RII-MH41669S/2021				EPI_ISL_8717262		EPI_ISL_8717262		
A/Petropavlovsk-Kamchatsky/RII-MH39034S/2021				EPI_ISL_8717257		EPI_ISL_8717257		
A/Petropavlovsk-Kamchatsky/RII-MH39033S/2021				EPI_ISL_8717256		EPI_ISL_8717256		
A/Kaliningrad/RII-MH41664S/2021				EPI_ISL_8717259		EPI_ISL_8717259		
A/Netherlands/1101/17				EPI_ISL_263004		EPI_ISL_263004		
A/Netherlands/972/17				EPI_ISL_263003		EPI_ISL_263003		
A/SWITZERLAND/22290882/2017				EPI_ISL_295781		EPI_ISL_295781		
A/SWITZERLAND/22562159/2017				EPI_ISL_295782		EPI_ISL_295782		
A/Luxembourg/17006691/2017				EPI_ISL_263014		EPI_ISL_263014		
A/SWITZERLAND/22948143/2017				EPI_ISL_295783		EPI_ISL_295783		
A/Luxembourg/17008293/2017				EPI_ISL_263015		EPI_ISL_263015		
A/Lisboa/SU43+/2013						EPI_ISL_164709		
A/Luxembourg/17011309/2017				EPI_ISL_263020		EPI_ISL_263020		
A/Stockholm/26/2017				EPI_ISL_263021		EPI_ISL_263021		
A/Linkoping/4/2017				EPI_ISL_263022		EPI_ISL_263022		
A/SWITZERLAND/22978060/2017				EPI_ISL_295784		EPI_ISL_295784		
A/Luxembourg/17008840/2017				EPI_ISL_263016		EPI_ISL_263016		
A/Novosibirsk/1832/2011						EPI_ISL_99181		
A/SWITZERLAND/23074325/2017				EPI_ISL_295785		EPI_ISL_295785		
A/Luxembourg/17008058/2017				EPI_ISL_263017		EPI_ISL_263017		
A/Switzerland/9715293/2013						EPI_ISL_164719		
A/Novosibirsk/1927/2011						EPI_ISL_99180		
A/Luxembourg/17007977/2017				EPI_ISL_263018		EPI_ISL_263018		
A/Luxembourg/17007840/2017				EPI_ISL_263019		EPI_ISL_263019		
A/Novosibirsk/76K/2011						EPI_ISL_99182		
A/Lund/2/2017				EPI_ISL_263028		EPI_ISL_263028		
A/Lund/3/2017				EPI_ISL_263029		EPI_ISL_263029		
A/Stockholm/27/2017				EPI_ISL_263026		EPI_ISL_263026		
A/Austria/961396/2016				EPI_ISL_263036		EPI_ISL_263036		
A/Botosani/206437/2017				EPI_ISL_263038		EPI_ISL_263038		
A/Kalmar/1/2017				EPI_ISL_263032		EPI_ISL_263032		
A/Constanta/206397/2017				EPI_ISL_263044		EPI_ISL_263044		
A/Dambovita/206451/2017				EPI_ISL_263045		EPI_ISL_263045		
A/Giurgiu/206564/2017				EPI_ISL_263046		EPI_ISL_263046		
A/Iasi/206491/2017				EPI_ISL_263047		EPI_ISL_263047		
A/Moscow/104/2015						EPI_ISL_197514		
A/Novosibirsk/64/2015						EPI_ISL_197513		
A/Iasi/206492/2017				EPI_ISL_263048		EPI_ISL_263048		
A/Buryatia/19/2015						EPI_ISL_197519		
A/Stockholm/25/2011						EPI_ISL_99212		
A/Olt/206582/2017				EPI_ISL_263063		EPI_ISL_263063		
A/Serbia/7729/2016				EPI_ISL_263068		EPI_ISL_263068		
A/Serbia/7738/2016				EPI_ISL_263069		EPI_ISL_263069		
A/Serbia/7739/2016				EPI_ISL_263070		EPI_ISL_263070		
A/Serbia/8070/2016				EPI_ISL_263071		EPI_ISL_263071		
A/England/554/2012						EPI_ISL_132006		
A/England/555/2012						EPI_ISL_132007		
A/England/549/2012						EPI_ISL_132005		
A/England/569/2012						EPI_ISL_132010		
A/Iceland/02/2012						EPI_ISL_132011		
A/Leningrad/360/1986						EPI_ISL_937		
A/St._Petersburg/210/2016				EPI_ISL_230313		EPI_ISL_230313		
A/England/565/2012						EPI_ISL_132008		
A/Khmelnitsky/674/2016				EPI_ISL_230312		EPI_ISL_230312		
A/England/568/2012						EPI_ISL_132009		
A/Moscow/102/2015						EPI_ISL_197551		
A/Iceland/07/2012				EPI_ISL_132013		EPI_ISL_132014		
A/Iceland/13/2012				EPI_ISL_132016		EPI_ISL_132015		
A/Iceland/17/2012				EPI_ISL_132017		EPI_ISL_132018		
A/Iceland/18/2012				EPI_ISL_132020		EPI_ISL_132019		
A/Vladimir/137/2015						EPI_ISL_197553		
A/N.Novgorod/143/2015						EPI_ISL_197552		
A/Iceland/24/2012				EPI_ISL_132096		EPI_ISL_132022		
A/Iceland/65/2011						EPI_ISL_132023		
A/Iceland/68/2011						EPI_ISL_132027		
A/Iceland/69/2011						EPI_ISL_132028		
A/Norway/1422/2012				EPI_ISL_132039		EPI_ISL_132039		
A/Norway/1443/2012				EPI_ISL_132040		EPI_ISL_132040		
A/England/649/2019						EPI_ISL_459735		
A/England/638/2019						EPI_ISL_459734		
A/England/637/2019						EPI_ISL_459733		
A/England/195000610/2019						EPI_ISL_459731		
A/Vladivostok/105/2016				EPI_ISL_231824		EPI_ISL_230359		
A/England/621/2019						EPI_ISL_459729		
A/England/553/2019						EPI_ISL_459728		
A/England/655/2019						EPI_ISL_459743		
A/Vladivostok/1/2016				EPI_ISL_230363		EPI_ISL_230363		
A/England/654/2019						EPI_ISL_459742		
A/Birobidzhan/109/2016				EPI_ISL_230362		EPI_ISL_230362		
A/England/653/2019						EPI_ISL_459741		
A/Moscow/134/2016				EPI_ISL_230361		EPI_ISL_230361		
A/England/195040642/2019						EPI_ISL_459740		
A/Moscow/124/2016				EPI_ISL_230360		EPI_ISL_230360		
A/England/195040640/2019						EPI_ISL_459739		
A/England/652/2019				EPI_ISL_409977		EPI_ISL_459738		
A/England/651/2019						EPI_ISL_459737		
A/England/650/2019						EPI_ISL_459736		
A/England/716/2019						EPI_ISL_459751		
A/England/715/2019						EPI_ISL_459750		
A/Saint-Petersburg/RII-4260S/2021						EPI_ISL_8717159		
A/England/706/2019						EPI_ISL_459749		
A/England/705/2019						EPI_ISL_459748		
A/England/660/2019						EPI_ISL_459747		
A/England/659/2019						EPI_ISL_459746		
A/England/658/2019						EPI_ISL_459745		
A/England/656/2019						EPI_ISL_459744		
A/Saint-Petersburg/RII-4315S/2021						EPI_ISL_8717165		
A/England/724/2019						EPI_ISL_459759		
A/England/723/2019						EPI_ISL_459758		
A/England/722/2019						EPI_ISL_459757		
A/England/721/2019						EPI_ISL_459756		
A/England/719/2019						EPI_ISL_459755		
A/England/718/2019						EPI_ISL_459754		
A/England/717/2019						EPI_ISL_459753		
A/England/195100388/2019						EPI_ISL_459752		
A/England/763/2019						EPI_ISL_459767		
A/England/762/2019						EPI_ISL_459766		
A/England/761/2019						EPI_ISL_459764		
A/England/748/2019						EPI_ISL_459763		
A/England/195140156/2019						EPI_ISL_459762		
A/England/732/2019						EPI_ISL_459761		
A/England/731/2019						EPI_ISL_459760		
A/Saint-Petersburg/RII-4468S/2021						EPI_ISL_8717170		
A/Saint-Petersburg/RII-4482S/2021						EPI_ISL_8717181		
A/England/771/2019						EPI_ISL_459775		
A/Saint-Petersburg/RII-4477S/2021						EPI_ISL_8717180		
A/England/770/2019						EPI_ISL_459774		
A/England/195140735/2019						EPI_ISL_459773		
A/England/769/2019						EPI_ISL_459772		
A/Saint-Petersburg/RII-4483S/2021						EPI_ISL_8717182		
A/England/767/2019						EPI_ISL_459771		
A/England/766/2019						EPI_ISL_459770		
A/Saint-Petersburg/RII-4472S/2021						EPI_ISL_8717179		
A/England/765/2019						EPI_ISL_459769		
A/England/764/2019						EPI_ISL_459768		
A/England/779/2019						EPI_ISL_459783		
A/England/778/2019						EPI_ISL_459782		
A/England/777/2019						EPI_ISL_459781		
A/England/776/2019						EPI_ISL_459779		
A/England/775/2019						EPI_ISL_459778		
A/England/774/2019						EPI_ISL_459777		
A/England/772/2019						EPI_ISL_459776		
A/Catalonia/12562066NS/2014				EPI_ISL_164911		EPI_ISL_164911		
A/Siena/3/1991						EPI_ISL_33841		
A/Catalonia/12565097NS/2014				EPI_ISL_164912		EPI_ISL_164912		
A/Norway/2590/2015						EPI_ISL_197750		
A/Norway/2588/2015						EPI_ISL_197749		
A/Norway/2587/2015						EPI_ISL_197748		
A/Saint-Petersburg/RII-4431S/2021						EPI_ISL_8717318		
A/Saint-Petersburg/RII-4604S/2021						EPI_ISL_8717327		
A/Austria/961547/2016				EPI_ISL_263311		EPI_ISL_263311		
A/Austria/961965/2016				EPI_ISL_263316		EPI_ISL_263316		
A/Bordeaux/1942/2009				EPI_ISL_66705		EPI_ISL_66705		
A/Austria/961969/2016				EPI_ISL_263317		EPI_ISL_263317		
A/Saint-Petersburg/RII-4642S/2021						EPI_ISL_8717335		
A/Austria/961983/2016				EPI_ISL_263318		EPI_ISL_263318		
A/Austria/961987/2016				EPI_ISL_263319		EPI_ISL_263319		
A/Austria/961964/2016				EPI_ISL_263312		EPI_ISL_263312		
A/Lyon/1715/2009				EPI_ISL_66709		EPI_ISL_66709		
A/Luxembourg/17007855/2017				EPI_ISL_263313		EPI_ISL_263313		
A/Luxembourg/17006603/2017				EPI_ISL_263314		EPI_ISL_263314		
A/Luxembourg/17006690/2017				EPI_ISL_263315		EPI_ISL_263315		
A/Austria/962764/2017				EPI_ISL_263324		EPI_ISL_263324		
A/Denmark/71/2012				EPI_ISL_132897		EPI_ISL_132250		
A/Austria/963802/2017				EPI_ISL_263325		EPI_ISL_263325		
A/Austria/963803/2017				EPI_ISL_263326		EPI_ISL_263326		
A/Roma/36/2016				EPI_ISL_263327		EPI_ISL_263327		
A/Denmark/72/2012				EPI_ISL_132249		EPI_ISL_132249		
A/Austria/961989/2016				EPI_ISL_263320		EPI_ISL_263320		
A/Austria/962627/2017				EPI_ISL_263321		EPI_ISL_263321		
A/Austria/962632/2017				EPI_ISL_263322		EPI_ISL_263322		
A/Austria/962763/2017				EPI_ISL_263323		EPI_ISL_263323		
A/Netherlands/10001/2021						EPI_ISL_6915275		
A/Netherlands/10003/2021						EPI_ISL_6915277		
A/Roma/01/2017				EPI_ISL_263328		EPI_ISL_263328		
A/Netherlands/10002/2021						EPI_ISL_6915276		
A/Roma/03/2017				EPI_ISL_263329		EPI_ISL_263329		
A/Perugia/23/2017				EPI_ISL_263330		EPI_ISL_263330		
A/Netherlands/10004/2021						EPI_ISL_6915278		
A/Perugia/27/2017				EPI_ISL_263331		EPI_ISL_263331		
A/Netherlands/10008/2021						EPI_ISL_6915269		
A/Netherlands/10005/2021						EPI_ISL_6915289		
A/Netherlands/00016/2021						EPI_ISL_6915288		
A/Croatia/103473/2021						EPI_ISL_6915291		
A/Netherlands/10006/2021						EPI_ISL_6915290		
A/Croatia/97333/2021						EPI_ISL_6915293		
A/Croatia/99546/2021						EPI_ISL_6915292		
A/Slovenia/2670/2016						EPI_ISL_263345		
A/Slovenia/2672/2016						EPI_ISL_263346		
A/Netherlands/10010/2021						EPI_ISL_6915283		
A/Croatia/109108/2021						EPI_ISL_6915282		
A/Netherlands/00008/2021						EPI_ISL_6915285		
A/Netherlands/00007/2021				EPI_ISL_19284895		EPI_ISL_6915284		
A/Netherlands/00013/2021				EPI_ISL_5129166		EPI_ISL_6915287		
A/Netherlands/00012/2021						EPI_ISL_6915286		
A/Netherlands/00089/2022						EPI_ISL_10814565		
A/Sassari/10/2017						EPI_ISL_263366		
A/Netherlands/00090/2022						EPI_ISL_10814566		
A/Sassari/11/2017						EPI_ISL_263367		
A/Netherlands/00094/2022						EPI_ISL_10814575		
A/Sassari/12/2017						EPI_ISL_263368		
A/Parma/80/2017						EPI_ISL_263369		
A/Friuli-Venezia_Giulia/64/2017						EPI_ISL_263370		
A/Novosibirsk/02d/2012				EPI_ISL_132363		EPI_ISL_132363		
A/Novosibirsk/26k/2012				EPI_ISL_132366		EPI_ISL_132366		
A/Novosibirsk/13/2012				EPI_ISL_132367		EPI_ISL_132367		
A/Novosibirsk/59d/2012				EPI_ISL_132364		EPI_ISL_132364		
A/Novosibirsk/155/2012				EPI_ISL_132365		EPI_ISL_132365		
A/Krasnoyarsk/10/2012				EPI_ISL_132370		EPI_ISL_132370		
A/Tyumen/03/2012				EPI_ISL_132371		EPI_ISL_132371		
A/Novosibirsk/22/2012				EPI_ISL_132368		EPI_ISL_132368		
A/Novosibirsk/16/2012				EPI_ISL_132369		EPI_ISL_132369		
A/Austria/963842/2017						EPI_ISL_263485		
A/Netherlands/379/2016				EPI_ISL_230717		EPI_ISL_230717		
A/Austria/967212/2017						EPI_ISL_263492		
A/Netherlands/3061/2016				EPI_ISL_230723		EPI_ISL_230723		
A/Austria/966368/2017						EPI_ISL_263488		
A/Milano/258/2011						EPI_ISL_132422		
A/Austria/966471/2017						EPI_ISL_263490		
A/Austria/968463/2017						EPI_ISL_263500		
A/Austria/968958/2017						EPI_ISL_263501		
A/Austria/968959/2017						EPI_ISL_263502		
A/Austria/969711/2017						EPI_ISL_263503		
A/Austria/967562/2017						EPI_ISL_263498		
A/Austria/967851/2017						EPI_ISL_263499		
A/Austria/961798/2016				EPI_ISL_263508		EPI_ISL_263508		
A/Milano/20/2012				EPI_ISL_132435		EPI_ISL_132435		
A/Austria/961541/2016				EPI_ISL_263504		EPI_ISL_263504		
A/Austria/961546/2016				EPI_ISL_263505		EPI_ISL_263505		
A/Austria/961803/2016				EPI_ISL_263519		EPI_ISL_263519		
A/Madrid/323/2012				EPI_ISL_132470		EPI_ISL_132470		
A/PaisVasco/334/2012				EPI_ISL_132471		EPI_ISL_132471		
A/Austria/970541/2017						EPI_ISL_263548		
A/Austria/972012/2017						EPI_ISL_263549		
A/Austria/962766/2017						EPI_ISL_263544		
A/Austria/966386/2017						EPI_ISL_263545		
A/Austria/966915/2017						EPI_ISL_263546		
A/Austria/969780/2017						EPI_ISL_263547		
A/England/42/72						EPI_ISL_1415		
A/Austria/961533/2016				EPI_ISL_263583		EPI_ISL_263583		
A/Austria/967764/2017						EPI_ISL_263588		
A/Austria/969237/2017						EPI_ISL_263589		
A/Austria/962893/2017						EPI_ISL_263584		
A/Austria/963261/2017						EPI_ISL_263585		
A/Austria/962626/2017						EPI_ISL_263586		
A/Austria/962630/2017						EPI_ISL_263587		
A/England/427/88						EPI_ISL_1451		
A/Stockholm/26/2011						EPI_ISL_99778		
A/Gothenburg/3/2011						EPI_ISL_99783		
A/Stockholm/29/2011						EPI_ISL_99782		
A/Stockholm/28/2011						EPI_ISL_99786		
A/Bratislava/31/2011						EPI_ISL_99869		
A/Finland/190/2011						EPI_ISL_99871		
A/England/255/2011						EPI_ISL_99873		
A/England/253/2011						EPI_ISL_99872		
A/England/257/2011						EPI_ISL_99875		
A/England/256/2011						EPI_ISL_99874		
A/England/259/2011						EPI_ISL_99877		
A/England/258/2011						EPI_ISL_99876		
A/Saint-Petersburg/172/2011						EPI_ISL_99887		
A/ENG/570/2012				EPI_ISL_132660		EPI_ISL_132660		
A/ENG/574/2012				EPI_ISL_132661		EPI_ISL_132661		
A/Austria/118/2012				EPI_ISL_132691		EPI_ISL_132691		
A/Grenoble/2789/2020				EPI_ISL_984703		EPI_ISL_984703		
A/Finland/742/2017						EPI_ISL_263812		
A/Finland/745/2017						EPI_ISL_263823		
A/Belgium/14G0496/2014				EPI_ISL_165539		EPI_ISL_165539		
A/Austria/64/2011						EPI_ISL_100003		
A/Canarias/1689/2014				EPI_ISL_165542		EPI_ISL_165542		
A/Extremadura/1749/2014				EPI_ISL_165543		EPI_ISL_165543		
A/Belgrade/2668/2014				EPI_ISL_165540		EPI_ISL_165540		
A/Canarias/1687/2014				EPI_ISL_165541		EPI_ISL_165541		
A/Finland/437/2014				EPI_ISL_165546		EPI_ISL_165546		
A/Finland/746/2017						EPI_ISL_263853		
A/Finland/438/2014				EPI_ISL_165547		EPI_ISL_165547		
A/Extremadura/1753/2014				EPI_ISL_165544		EPI_ISL_165544		
A/Finland/428/2014				EPI_ISL_165545		EPI_ISL_165545		
A/Galicia/1786/2014				EPI_ISL_165550		EPI_ISL_165550		
A/Glasgow/4144/2014				EPI_ISL_165551		EPI_ISL_165551		
A/Finland/439/2014				EPI_ISL_165548		EPI_ISL_165548		
A/Finland/440/2014				EPI_ISL_165549		EPI_ISL_165549		
A/Finland/747/2017						EPI_ISL_263862		
A/Glasgow/4165/2014				EPI_ISL_165552		EPI_ISL_165552		
A/Kragujevac/2378/2014				EPI_ISL_165558		EPI_ISL_165558		
A/Lisboa/MS102/2014				EPI_ISL_165559		EPI_ISL_165559		
A/Kragujevac/2337/2014				EPI_ISL_165557		EPI_ISL_165557		
A/Lithuania/10373/2014				EPI_ISL_165562		EPI_ISL_165562		
A/Lithuania/10543/2014				EPI_ISL_165563		EPI_ISL_165563		
A/Finland/754/2017						EPI_ISL_263864		
A/Finland/192/2011						EPI_ISL_100031		
A/Finland/758/2017						EPI_ISL_263878		
A/Finland/755/2017						EPI_ISL_263873		
A/Finland/756/2017						EPI_ISL_263874		
A/Finland/757/2017						EPI_ISL_263875		
A/Finland/759/2017						EPI_ISL_263887		
A/Sarajevo/21/2012				EPI_ISL_165583		EPI_ISL_165583		
A/Finland/762/2017						EPI_ISL_263903		
A/Finland/760/2017						EPI_ISL_263896		
A/Finland/761/2017						EPI_ISL_263897		
A/Finland/763/2017						EPI_ISL_263908		
A/Serbia/299/2020				EPI_ISL_493326		EPI_ISL_493326		
A/Denmark/67/2012				EPI_ISL_132895		EPI_ISL_132895		
A/Denmark/78/2012				EPI_ISL_134042		EPI_ISL_132898		
A/England/575/2012				EPI_ISL_132899		EPI_ISL_132899		
A/Denmark/68/2012				EPI_ISL_132896		EPI_ISL_132896		
A/England/593/2012				EPI_ISL_132902		EPI_ISL_132902		
A/Athens/76/98						EPI_ISL_1829		
A/England/586/2012				EPI_ISL_132900		EPI_ISL_132900		
A/Athens/94/98						EPI_ISL_1830		
A/England/587/2012				EPI_ISL_132901		EPI_ISL_132901		
A/Niedersachsen/29/2012				EPI_ISL_132906		EPI_ISL_132906		
A/Greece/106/98						EPI_ISL_1832		
A/Sachsen/42/2012				EPI_ISL_132907		EPI_ISL_132907		
A/Greece/109/99				EPI8300		EPI_ISL_1833		
A/Mecklenburg_Vorpommern/4/2012				EPI_ISL_132904		EPI_ISL_132904		
A/Greece/132/99				EPI8302		EPI_ISL_1834		
A/Mecklenburg_Vorpommern/5/2012				EPI_ISL_132905		EPI_ISL_132905		
A/Athens/135/99				EPI8304		EPI_ISL_1835		
A/Greece/1/97						EPI_ISL_1836		
A/Athens/2/97						EPI_ISL_1837		
A/Thuringen/33/2012				EPI_ISL_132909		EPI_ISL_132909		
A/Athens/23/97						EPI_ISL_1839		
A/Athens/1/98						EPI_ISL_1840		
A/Athens/8/97						EPI_ISL_1841		
A/Athens/16/98						EPI_ISL_1842		
A/Greece/18/98						EPI_ISL_1843		
A/England/11499/2020				EPI_ISL_427853		EPI_ISL_427853		
A/Germany/11513/2020				EPI_ISL_427867		EPI_ISL_427867		
A/Belgium/G0675/2016				EPI_ISL_264036		EPI_ISL_264036		
A/Belgium/G0682/2016				EPI_ISL_264037		EPI_ISL_264037		
A/Belgium/G0687/2017				EPI_ISL_264038		EPI_ISL_264038		
A/Belgium/G0690/2016				EPI_ISL_264039		EPI_ISL_264039		
A/Germany/11520/2020				EPI_ISL_427874		EPI_ISL_427874		
A/Germany/11521/2020				EPI_ISL_427875		EPI_ISL_427875		
A/Belgium/G0734/2016				EPI_ISL_264044		EPI_ISL_264044		
A/Belgium/G0736/2016				EPI_ISL_264045		EPI_ISL_264045		
A/Bucuresti/205151/2016				EPI_ISL_264046		EPI_ISL_264046		
A/Bucuresti/205332/2016				EPI_ISL_264047		EPI_ISL_264047		
A/Belgium/G0693/2016				EPI_ISL_264040		EPI_ISL_264040		
A/Belgium/G0711/2016				EPI_ISL_264041		EPI_ISL_264041		
A/Belgium/G0712/2016				EPI_ISL_264042		EPI_ISL_264042		
A/Belgium/G0720/2016				EPI_ISL_264043		EPI_ISL_264043		
A/Bucuresti/206014/2016				EPI_ISL_264052		EPI_ISL_264052		
A/Italy/11541/2020				EPI_ISL_427895		EPI_ISL_427895		
A/Bucuresti/3701/2016				EPI_ISL_264053		EPI_ISL_264053		
A/Bucuresti/8278/2016				EPI_ISL_264054		EPI_ISL_264054		
A/Italy/11539/2020				EPI_ISL_427893		EPI_ISL_427893		
A/Bucuresti/205447/2016				EPI_ISL_264048		EPI_ISL_264048		
A/Bucuresti/205568/2016				EPI_ISL_264049		EPI_ISL_264049		
A/Bucuresti/205773/2016				EPI_ISL_264050		EPI_ISL_264050		
A/Bucuresti/205950/2016				EPI_ISL_264051		EPI_ISL_264051		
A/Italy/11549/2020				EPI_ISL_427903		EPI_ISL_427903		
A/Dnipro/741/2016				EPI_ISL_264063		EPI_ISL_264063		
A/Italy/11544/2020				EPI_ISL_427898		EPI_ISL_427898		
A/Italy/11545/2020				EPI_ISL_427899		EPI_ISL_427899		
A/Iasi/3816/2016				EPI_ISL_264068		EPI_ISL_264068		
A/Khmelnitsky/1958/2016				EPI_ISL_264069		EPI_ISL_264069		
A/Khmelnitsky/1981/2016				EPI_ISL_264070		EPI_ISL_264070		
A/Italy/11551/2020				EPI_ISL_427905		EPI_ISL_427905		
A/Austria/119/2012				EPI_ISL_133033		EPI_ISL_133033		
A/Spain/11642/2020				EPI_ISL_427996		EPI_ISL_427996		
A/Spain/11649/2020						EPI_ISL_428003		
A/Spain/11646/2020						EPI_ISL_428000		
A/1496/02						EPI_ISL_67589		
A/Stockholm/20/2018						EPI_ISL_329741		
A/Berlin/43/02						EPI_ISL_67616		
A/Ireland/05415/2018						EPI_ISL_329775		
A/Ireland/04414/2018						EPI_ISL_329774		
A/Northern_Ireland/12797/2018						EPI_ISL_329781		
A/Ireland/36874/2018						EPI_ISL_329780		
A/Northern_Ireland/14060/2018						EPI_ISL_329783		
A/Ireland/14727/2018						EPI_ISL_329777		
A/Ireland/13908/2018						EPI_ISL_329776		
A/Ireland/32025/2018						EPI_ISL_329779		
A/Ireland/31464/2018						EPI_ISL_329778		
A/England/768/2018						EPI_ISL_395325		
A/Khakassia/249/2018						EPI_ISL_329799		
A/Irkutsk/1965/2018						EPI_ISL_329801		
A/Krasnoyarsk/27/2018						EPI_ISL_329800		
A/Oslo/398/2002						EPI_ISL_67667		
A/Finland/280/93						EPI_ISL_2130		
A/Orenburg/31/2018						EPI_ISL_329837		
A/Moscow/185/2018						EPI_ISL_329836		
A/Stockholm/32/2011						EPI_ISL_100462		
A/Stockholm/33/2011						EPI_ISL_100465		
A/Karlstad/3/2011						EPI_ISL_100466		
A/Stockholm/34/2011						EPI_ISL_100469		
A/Stockholm/37/2011				EPI_ISL_100468		EPI_ISL_100468		
A/Moscow/90/2018						EPI_ISL_329843		
A/Vaxjo/1/2011				EPI_ISL_100471		EPI_ISL_100471		
A/Moscow/95/2018						EPI_ISL_329842		
A/Stockholm/31/2011				EPI_ISL_100470		EPI_ISL_100470		
A/ENG/261/2011				EPI_ISL_100479		EPI_ISL_100479		
A/ENG/115180361/2011				EPI_ISL_100481		EPI_ISL_100481		
A/ENG/262/2011				EPI_ISL_100482		EPI_ISL_100482		
A/Ukraine/96/2009				EPI_ISL_34958		EPI_ISL_34958		
A/Kiev/67/2009				EPI_ISL_34959		EPI_ISL_34959		
A/Norway/2366/2011				EPI_ISL_100497		EPI_ISL_100497		
A/Norway/2329/2011				EPI_ISL_103297		EPI_ISL_100499		
A/Norway/2367/2011				EPI_ISL_100498		EPI_ISL_100498		
A/Norway/2350/2011				EPI_ISL_103280		EPI_ISL_100509		
A/Norway/2376/2011				EPI_ISL_100510		EPI_ISL_100510		
A/United_Kingdom/34300/99						EPI_ISL_2208		
A/Tyumen/RII-2/2018						EPI_ISL_330033		
A/St_Petersburg/RII-530/2018						EPI_ISL_330032		
A/St_Petersburg/RII-475/2018						EPI_ISL_330034		
A/Iceland/03/2018						EPI_ISL_297333		
A/Iceland/08/2018						EPI_ISL_297334		
A/Portugal/MS20/2015						EPI_ISL_231810		
A/Odessa/357/2015						EPI_ISL_231808		
A/Jonkoping/1/2018						EPI_ISL_297352		
A/Stockholm/75/2015						EPI_ISL_231827		
A/Stockholm/73/2015						EPI_ISL_231826		
A/Catalonia/NSVH203523/2013						EPI_ISL_133528		
A/Rostov-on-Don/1V/2018						EPI_ISL_330159		
A/Rostov-on-Don/1838/2018						EPI_ISL_330163		
A/Rostov-on-Don/1839/2018						EPI_ISL_330162		
A/Netherlands/051/00						EPI_ISL_166347		
A/Netherlands/333/02						EPI_ISL_166350		
A/Netherlands/017/04						EPI_ISL_166351		
A/Netherlands/622/12				EPI_ISL_166348		EPI_ISL_166348		
A/Netherlands/197/00						EPI_ISL_166349		
A/Netherlands/118/01						EPI_ISL_166354		
A/Netherlands/311/02						EPI_ISL_166355		
A/Netherlands/023/04						EPI_ISL_166352		
A/Netherlands/093/05						EPI_ISL_166353		
A/Netherlands/004/07						EPI_ISL_166358		
A/Netherlands/038/07						EPI_ISL_166359		
A/Netherlands/182/06						EPI_ISL_166356		
A/Netherlands/041/06						EPI_ISL_166357		
A/Netherlands/010/09				EPI_ISL_166362		EPI_ISL_166362		
A/Netherlands/013/09				EPI_ISL_166363		EPI_ISL_166363		
A/Netherlands/377/08				EPI_ISL_166360		EPI_ISL_166360		
A/Netherlands/177/08				EPI_ISL_166361		EPI_ISL_166361		
A/Netherlands/193/12				EPI_ISL_166366		EPI_ISL_166366		
A/Netherlands/117/12				EPI_ISL_166367		EPI_ISL_166367		
A/Netherlands/713/11				EPI_ISL_166364		EPI_ISL_166364		
A/Netherlands/075/12				EPI_ISL_166365		EPI_ISL_166365		
A/Lyon/2573/1998						EPI_ISL_2537		
A/Cardiff/7109/2018						EPI_ISL_297462		
A/Denmark/19/2018						EPI_ISL_297472		
A/Denmark/14/2018						EPI_ISL_297473		
A/Denmark/4/2018						EPI_ISL_297482		
A/Denmark/10/2018						EPI_ISL_297483		
A/Denmark/15/2018						EPI_ISL_297490		
A/Vladimir/191/2018				EPI_ISL_330264		EPI_ISL_330264		
A/Stockholm/13/2002				EPI509933		EPI_ISL_2664		
A/England/2/2002				EPI347381		EPI_ISL_2666		
A/Denmark/511/98						EPI_ISL_2669		
A/Perugia/5/99						EPI_ISL_2672		
A/Paris/2149/2018				EPI_ISL_330353		EPI_ISL_330353		
A/Genoa/5/98						EPI_ISL_2678		
A/Ireland/1092/2002						EPI_ISL_2680		
A/Lyon/1575/2002						EPI_ISL_2683		
A/Lyon/1242/2000						EPI_ISL_2685		
A/Denmark/41/2000						EPI_ISL_2686		
A/Netherlands/126/2001						EPI_ISL_2687		
A/Toulouse/878/2001						EPI_ISL_2688		
A/Valladolid/4/2001						EPI_ISL_2689		
A/Perugia/7/2000						EPI_ISL_2691		
A/Latvia/1097/2000						EPI_ISL_2692		
A/Ireland/10586/99						EPI_ISL_2693		
A/Finland/620/99						EPI_ISL_2694		
A/Limoges/2402/2003						EPI_ISL_6949613		
A/Moscow/10/99						EPI_ISL_2695		
A/England/627/01						EPI_ISL_2719		
A/Netherlands/B1/1968						EPI_ISL_166563		
A/England/691/01						EPI_ISL_2721		
A/England/97/02						EPI_ISL_2725		
A/England/57/02						EPI_ISL_2726		
A/England/1/02						EPI_ISL_2729		
A/Belgium/IG0099/2020						EPI_ISL_2460401		
A/Saint-Petersburg/RII-378S/2018				EPI_ISL_297727		EPI_ISL_297727		
A/Samara/RII-842S/2018				EPI_ISL_297732		EPI_ISL_297732		
A/Samara/RII-843S/2018				EPI_ISL_297733		EPI_ISL_297733		
A/Samara/RII-844S/2018				EPI_ISL_297734		EPI_ISL_297734		
A/Samara/RII-845S/2018				EPI_ISL_297735		EPI_ISL_297735		
A/Saint-Petersburg/RII-449S/2018				EPI_ISL_297728		EPI_ISL_297728		
A/Saint-Petersburg/RII-774S/2018				EPI_ISL_297729		EPI_ISL_297729		
A/Saint-Petersburg/RII-775S/2018				EPI_ISL_297730		EPI_ISL_297730		
A/Moscow/RII-782S/2018				EPI_ISL_297731		EPI_ISL_297731		
A/Norway/2516/2018				EPI_ISL_330891		EPI_ISL_330510		
A/Samara/RII-846S/2018				EPI_ISL_297736		EPI_ISL_297736		
A/Moscow/2/2018				EPI_ISL_297737		EPI_ISL_297737		
A/Yaroslavyl/128/2018				EPI_ISL_330512		EPI_ISL_330512		
A/Stockholm/42/2015						EPI_ISL_199503		
A/Bulgaria/1051/2020						EPI_ISL_527198		
A/Aragon/13141/2020						EPI_ISL_527185		
A/Hungary/90/2020						EPI_ISL_527227		
A/Belgium/IG0102/2020						EPI_ISL_2460497		
A/Ireland/23296/2020						EPI_ISL_527231		
A/Hungary/104/2020						EPI_ISL_527220		
A/Hungary/108/2020						EPI_ISL_527221		
A/Hungary/61/2020						EPI_ISL_527222		
A/Hungary/64/2020						EPI_ISL_527223		
A/Melilla/1088/2020						EPI_ISL_527233		
A/Moscow/119/2020						EPI_ISL_527239		
A/Austria/10/2013						EPI_ISL_134050		
A/Austria/11/2013						EPI_ISL_134051		
A/Paris/1782/2012				EPI_ISL_134062		EPI_ISL_134062		
A/Paris/1784/2012				EPI_ISL_134063		EPI_ISL_134063		
A/Paris/1651/2012						EPI_ISL_134060		
A/Paris/1654/2012						EPI_ISL_134061		
A/Zaragoza/1476697/2018				EPI_ISL_330676		EPI_ISL_330677		
A/Zaragoza/1496248/2018				EPI_ISL_330680		EPI_ISL_330679		
A/Paris/1787/2012						EPI_ISL_134064		
A/Zaragoza/1485189/2018				EPI_ISL_330678		EPI_ISL_330678		
A/Catalonia/NSVH207426/2013						EPI_ISL_134065		
A/Tyumen/RII-01/2018				EPI_ISL_330675		EPI_ISL_330675		
A/Zaragoza/1528894/2018				EPI_ISL_330683		EPI_ISL_330685		
A/Zaragoza/489/2018				EPI_ISL_330688		EPI_ISL_330687		
A/Paris/1988/2012						EPI_ISL_134078		
A/Zaragoza/1512154/2018				EPI_ISL_330682		EPI_ISL_330682		
A/Zaragoza/490/2018				EPI_ISL_330690		EPI_ISL_330693		
A/Zaragoza/491/2018				EPI_ISL_330696		EPI_ISL_330695		
A/Zaragoza/493/2018				EPI_ISL_330700		EPI_ISL_330701		
A/Zaragoza/492/2018				EPI_ISL_330698		EPI_ISL_330699		
A/Stockholm/89/2009				EPI_ISL_68567		EPI_ISL_68567		
A/Sweden/2/2009				EPI_ISL_68566		EPI_ISL_68566		
A/Stockholm/91/2009				EPI_ISL_68569		EPI_ISL_68569		
A/Stockholm/90/2009				EPI_ISL_68568		EPI_ISL_68568		
A/Umea/4/2009				EPI_ISL_68571		EPI_ISL_68571		
A/Stockholm/94/2009				EPI_ISL_68570		EPI_ISL_68570		
A/Orebro/4/2009				EPI_ISL_68573		EPI_ISL_68573		
A/Umea/5/2009				EPI_ISL_68572		EPI_ISL_68572		
A/Gothenburg/3/2009				EPI_ISL_68575		EPI_ISL_68575		
A/Stockholm/112/2009				EPI_ISL_68574		EPI_ISL_68574		
A/Denmark/UCPH-304/2020						EPI_ISL_18746108		
A/Belgium/IS0030/2020						EPI_ISL_2460610		
A/Valencia/S025243/2011				EPI_ISL_101390		EPI_ISL_101390		
A/Catalonia/S4345/2011				EPI_ISL_101393		EPI_ISL_101393		
A/Catalonia/S4320/2011				EPI_ISL_101392		EPI_ISL_101392		
A/Nordrhein-Westfalen/1/2013						EPI_ISL_134172		
A/Sachsen/2/2013						EPI_ISL_134176		
A/Athens/112/1996						EPI_ISL_68649		
A/Belgium/IS0053/2020						EPI_ISL_2460696		
A/England/80140578/2018				EPI_ISL_298042		EPI_ISL_298042		
A/England/80220360/2018				EPI_ISL_298073		EPI_ISL_298073		
A/England/80260493/2018				EPI_ISL_298087		EPI_ISL_298087		
A/England/80240633/2017				EPI_ISL_298083		EPI_ISL_298083		
A/England/80260509/2018				EPI_ISL_298093		EPI_ISL_298093		
A/England/80280646/2018				EPI_ISL_298095		EPI_ISL_298095		
A/England/80260494/2018				EPI_ISL_298088		EPI_ISL_298088		
A/England/80300540/2018				EPI_ISL_298100		EPI_ISL_298100		
A/England/80320668/2018				EPI_ISL_298102		EPI_ISL_298102		
A/England/80280647/2018				EPI_ISL_298096		EPI_ISL_298096		
A/England/80280649/2018				EPI_ISL_298098		EPI_ISL_298098		
A/England/80280654/2018				EPI_ISL_298099		EPI_ISL_298099		
A/England/80340462/2018				EPI_ISL_298109		EPI_ISL_298109		
A/England/80340457/2018				EPI_ISL_298105		EPI_ISL_298105		
A/England/80340461/2018				EPI_ISL_298106		EPI_ISL_298106		
A/Dnipro/417/2018				EPI_ISL_330884		EPI_ISL_330884		
A/Athens.GR/14/2013						EPI_ISL_134278		
A/Khabarovsk/48V/2020						EPI_ISL_429198		
A/Kamchatka/15V/2020						EPI_ISL_429205		
A/Samara/724V/2020						EPI_ISL_429202		
A/Russia/81V/2020						EPI_ISL_429216		
A/Athens_GR/14/2013						EPI_ISL_134328		
A/Lisboa/SU15/2013						EPI_ISL_134341		
A/Moscow/89/2018				EPI_ISL_330956		EPI_ISL_330956		
A/Tomsk/188/2018				EPI_ISL_330960		EPI_ISL_330960		
A/Aragon/32/2013						EPI_ISL_134371		
A/USSR/039/68						EPI_ISL_3307		
A/Belgium/IS0077/2020						EPI_ISL_2460881		
A/England/878/69						EPI_ISL_3316		
A/USSR/0270/69						EPI_ISL_3319		
A/Hungary/2/71						EPI_ISL_3326		
A/Bretagne/775/2020						EPI_ISL_462110		
A/Bratislava/319/2020						EPI_ISL_462109		
A/Bourgogne/1249/2020						EPI_ISL_462108		
A/England/200460681/2020						EPI_ISL_462112		
A/Portugal/EVA225/2020						EPI_ISL_462127		
A/Nord_pas_de_Calais/1108/2020						EPI_ISL_462126		
A/England/80120218/2018				EPI_ISL_298286		EPI_ISL_298286		
A/Lubica/315/2020						EPI_ISL_462123		
A/Netherlands/B2/1968						EPI_ISL_167224		
A/England/80260473/2018				EPI_ISL_298296		EPI_ISL_298296		
A/England/80280652/2018				EPI_ISL_298299		EPI_ISL_298299		
A/England/80340463/2018				EPI_ISL_298307		EPI_ISL_298307		
A/Estonia/113228/2018				EPI_ISL_331086		EPI_ISL_331086		
A/Finland/246/92				EPI18433		EPI_ISL_3449		
A/Finland/300/93				EPI18435		EPI_ISL_3450		
A/Udorn/307/1972						EPI_ISL_200063		
A/Switzerland/8060/2017__(18/168)				EPI_ISL_331220		EPI_ISL_331220		
A/Bretagne/1565/2017__(18/178)				EPI_ISL_331219		EPI_ISL_331219		
A/Saint_Petersburg/646/2018				EPI_ISL_331231		EPI_ISL_331231		
A/Belgium/IS0104/2020						EPI_ISL_2461131		
A/Finland/364/95						EPI_ISL_3649		
A/Finland/263/93				EPI129373		EPI_ISL_3650		
A/Finland/247/92				EPI129371		EPI_ISL_3651		
A/Finland/274/93				EPI129375		EPI_ISL_3652		
A/Finland/144/90						EPI_ISL_3653		
A/Finland/133/90						EPI_ISL_3654		
A/Finland/206/92						EPI_ISL_3655		
A/Finland/231/92						EPI_ISL_3656		
A/Finland/219/92						EPI_ISL_3657		
A/Finland/232/92						EPI_ISL_3658		
A/Finland/208/92						EPI_ISL_3659		
A/Finland/211/92				EPI129367		EPI_ISL_3660		
A/Finland/215/92						EPI_ISL_3661		
A/Finland/189/92						EPI_ISL_3662		
A/Finland/239/92				EPI129369		EPI_ISL_3663		
A/Finland/276/93				EPI129377		EPI_ISL_3664		
A/Finland/292/93				EPI129381		EPI_ISL_3665		
A/Finland/278/93				EPI129379		EPI_ISL_3666		
A/Denmark/59/03						EPI_ISL_3742		
A/Denmark/58/03						EPI_ISL_3743		
A/Denmark/07/03						EPI_ISL_3744		
A/Denmark/32/03						EPI_ISL_3745		
A/Denmark/24/03						EPI_ISL_3746		
A/Denmark/60/03						EPI_ISL_3747		
A/Denmark/63/03						EPI_ISL_3748		
A/Denmark/10/03						EPI_ISL_3749		
A/Denmark/20/03						EPI_ISL_3750		
A/Denmark/41/03						EPI_ISL_3751		
A/Denmark/61/03						EPI_ISL_3752		
A/Denmark/16-2/03						EPI_ISL_3753		
A/Denmark/70/03						EPI_ISL_3754		
A/Denmark/52/03						EPI_ISL_3755		
A/Denmark/39/03						EPI_ISL_3756		
A/Denmark/37/03						EPI_ISL_3757		
A/Denmark/18-2/03						EPI_ISL_3758		
A/Denmark/15-2/03						EPI_ISL_3759		
A/Denmark/17-2/03						EPI_ISL_3760		
A/Denmark/19-2/03						EPI_ISL_3761		
A/Denmark/14-2/03						EPI_ISL_3762		
A/Denmark/62/03						EPI_ISL_3763		
A/Denmark/13/03						EPI_ISL_3764		
A/Denmark/92/03						EPI_ISL_3769		
A/Belgium/IS0105/2020						EPI_ISL_2461413		
A/Amur/1V/2020						EPI_ISL_429850		
A/Pskov/272V/2020						EPI_ISL_429851		
A/Russia/74V/2020						EPI_ISL_429849		
A/Bulgaria/798/2020						EPI_ISL_429891		
A/Slovenia/1650/2020						EPI_ISL_429943		
A/Slovenia/1451/2020						EPI_ISL_429941		
A/Norway/2605/2015						EPI_ISL_200623		
A/Catalonia/5674S/2013						EPI_ISL_135119		
A/Catalonia/2070282NS/2013						EPI_ISL_135134		
A/Catalonia/2071057NS/2013						EPI_ISL_135135		
A/Catalonia/5808S/2013						EPI_ISL_135132		
A/Chelyabinsk/192/2015						EPI_ISL_200723		
A/Komi/99/2015						EPI_ISL_200722		
A/Omsk/141/2015						EPI_ISL_200721		
A/Catalonia/2070883NS/2013						EPI_ISL_135190		
A/Athens.GR/76/2013						EPI_ISL_135207		
A/Athens.GR/95/2013						EPI_ISL_135210		
A/Athens.GR/64/2013						EPI_ISL_135212		
A/Stockholm/45/2011				EPI_ISL_102488		EPI_ISL_102488		
A/Belgium/IS0159/2020						EPI_ISL_2461777		
A/Finland/170/03						EPI_ISL_4246		
A/Ostersund/2/2011				EPI_ISL_102582		EPI_ISL_102582		
A/Netherlands/938/92						EPI_ISL_4331		
A/Belgium/IS0193/2020						EPI_ISL_2462059		
A/Saint-Petersburg/RII-4409S/2020						EPI_ISL_528732		
A/Stockholm/45/2015						EPI_ISL_201103		
A/Malmoe/5/2015						EPI_ISL_201102		
A/Stockholm/44/2015						EPI_ISL_201101		
A/Stockholm/43/2015						EPI_ISL_201100		
A/Belgium/IS0241/2020						EPI_ISL_2462335		
A/Belgium/IS0229/2020						EPI_ISL_2462334		
A/Austria/41/2013						EPI_ISL_135802		
A/Austria/42/2013						EPI_ISL_135803		
A/Austria/45/2013						EPI_ISL_135806		
A/Austria/46/2013						EPI_ISL_135807		
A/Denmark/38/2015						EPI_ISL_201341		
A/Austria/43/2013						EPI_ISL_135804		
A/Austria/44/2013						EPI_ISL_135805		
A/Belgium/IS0412/2020						EPI_ISL_2462373		
A/Belgium/IS0464/2020						EPI_ISL_2462375		
A/Aragon/13140/2020						EPI_ISL_529037		
A/Belgium/IS0390/2020						EPI_ISL_2462370		
A/Belgium/IS0494/2020						EPI_ISL_2462376		
A/Poland/7404/2020						EPI_ISL_529048		
A/CastillaLaMancha/1700/2020						EPI_ISL_529040		
A/Hungary/91/2020						EPI_ISL_529041		
A/Iceland/05/2020						EPI_ISL_529042		
A/Iceland/23/2020						EPI_ISL_529043		
A/Moldova/144.05/2020						EPI_ISL_529045		
A/Moldova/362.09/2020						EPI_ISL_529046		
A/Moldova/416.1/2020						EPI_ISL_529047		
A/Belgium/IS0249/2020						EPI_ISL_2462336		
A/Stockholm/27/2002						EPI_ISL_4808		
A/Belgium/IS0520/2020						EPI_ISL_2462402		
A/Khabarovsk/277/2020						EPI_ISL_430826		
A/Novosibirsk/31V/2020						EPI_ISL_430836		
A/Irkutsk/3V/2020						EPI_ISL_430832		
A/Netherlands/702/2011				EPI_ISL_103247		EPI_ISL_103247		
A/Berlin/86/2011				EPI_ISL_103251		EPI_ISL_103251		
A/Berlin/87/2011				EPI_ISL_103250		EPI_ISL_103250		
A/Berlin/85/2011				EPI_ISL_103253		EPI_ISL_103253		
A/Berlin/89/2011				EPI_ISL_103257		EPI_ISL_103257		
A/Berlin/88/2011				EPI_ISL_103256		EPI_ISL_103256		
A/Berlin/91/2011				EPI_ISL_103258		EPI_ISL_103258		
A/Slovenia/2855/2011				EPI_ISL_103261		EPI_ISL_103261		
A/Slovenia/2970/2011				EPI_ISL_103262		EPI_ISL_103262		
A/Pais_Vasco/RR8864/2011				EPI_ISL_103265		EPI_ISL_103265		
A/Castilla_La_Mancha/RR8843/2011				EPI_ISL_103264		EPI_ISL_103264		
A/Castilla_La_Mancha/RR8870/2011				EPI_ISL_103267		EPI_ISL_103267		
A/Pais_Vasco/RR8867/2011				EPI_ISL_103266		EPI_ISL_103266		
A/Madrid/RR8856/2011				EPI_ISL_103269		EPI_ISL_103269		
A/Castilla_La_Mancha/RR8871/2011				EPI_ISL_103268		EPI_ISL_103268		
A/Stockholm/23/2011				EPI_ISL_103271		EPI_ISL_103271		
A/Stockholm/22/2011				EPI_ISL_103270		EPI_ISL_103270		
A/Belgium/G1125/2011				EPI_ISL_103273		EPI_ISL_103273		
A/Belgium/G1109/2011				EPI_ISL_103272		EPI_ISL_103272		
A/Belgium/G1147/2011				EPI_ISL_103274		EPI_ISL_103274		
A/Norway/2442/2011				EPI_ISL_103281		EPI_ISL_103281		
A/Porto/EuroEva58/2011				EPI_ISL_103287		EPI_ISL_103287		
A/Belgium/G1063/2011				EPI_ISL_103294		EPI_ISL_103294		
A/Berlin/94/2011				EPI_ISL_103296		EPI_ISL_103296		
A/Norway/2431/2011				EPI_ISL_103299		EPI_ISL_103299		
A/Norway/2400/2011				EPI_ISL_103298		EPI_ISL_103298		
A/Luxembourg/15060747/2016						EPI_ISL_234374		
A/England/11977/2020						EPI_ISL_463769		
A/Iceland/6879/2015_(15-06879)						EPI_ISL_201639		
A/Germany/11986/2020						EPI_ISL_463778		
A/Germany/11985/2020						EPI_ISL_463777		
A/Iceland/32/2015_(15-02234)						EPI_ISL_201643		
A/Norway/2543/2015						EPI_ISL_201642		
A/Norway/2567/2015						EPI_ISL_201641		
A/Iceland/34/2015_(15-02331)						EPI_ISL_201647		
A/Italy/11994/2020						EPI_ISL_463786		
A/Iceland/10301/2015_(15-10301)						EPI_ISL_201646		
A/Iceland/7018/2015_(15-07018)						EPI_ISL_201651		
A/Iceland/37/2015_(15-03004)						EPI_ISL_201650		
A/Iceland/35/2015_(15-02417)						EPI_ISL_201649		
A/Norway/2565/2015						EPI_ISL_201655		
A/Norway/2554/2015						EPI_ISL_201654		
A/Norway/2547/2015						EPI_ISL_201653		
A/Norway/2512/2015						EPI_ISL_201652		
A/Iceland/41/2015_(15-03608)						EPI_ISL_201659		
A/Norway/2303/2015						EPI_ISL_201658		
A/Norway/2501/2015						EPI_ISL_201657		
A/Netherlands/691/2011				EPI_ISL_398269		EPI_ISL_398269		
A/Iceland/38/2015_(15-03232)						EPI_ISL_201656		
A/Netherlands/548/2005						EPI_ISL_398266		
A/Netherlands/132/2004						EPI_ISL_398267		
A/Norway/2556/2015				EPI_ISL_201662		EPI_ISL_201662		
A/Norway/2537/2015				EPI_ISL_201661		EPI_ISL_201661		
A/Iceland/43/2015_(15-03911)				EPI_ISL_201660		EPI_ISL_201660		
A/Norway/2562/2015				EPI_ISL_201674		EPI_ISL_201674		
A/Norway/2571/2015				EPI_ISL_201672		EPI_ISL_201672		
A/Hungary/423/2015				EPI_ISL_201679		EPI_ISL_201679		
A/England/225020837/2022						EPI_ISL_16749358		
A/Hungary/436/2015				EPI_ISL_201681		EPI_ISL_201681		
A/Hungary/438/2015				EPI_ISL_201680		EPI_ISL_201680		
A/Serbia/361/2015				EPI_ISL_201696		EPI_ISL_201696		
A/Sweden/11/2008				EPI_ISL_70645		EPI_ISL_70645		
A/Sweden/12/2008				EPI_ISL_70644		EPI_ISL_70644		
A/Sweden/9/2008				EPI_ISL_70647		EPI_ISL_70647		
A/Sweden/7/2008				EPI_ISL_70649		EPI_ISL_70649		
A/Sweden/5/2008				EPI_ISL_186971		EPI_ISL_70651		
A/Sweden/6/2008				EPI_ISL_70650		EPI_ISL_70650		
A/Sweden/3/2008				EPI_ISL_70653		EPI_ISL_70653		
A/Sweden/4/2008				EPI_ISL_70652		EPI_ISL_70652		
A/Stockholm/47/2009				EPI_ISL_70654		EPI_ISL_70654		
A/Stockholm/32/2008				EPI_ISL_70657		EPI_ISL_70657		
A/Stockholm/33/2008				EPI_ISL_70656		EPI_ISL_70656		
A/Umea/2/2009				EPI_ISL_70659		EPI_ISL_70659		
A/Umea/3/2009				EPI_ISL_70658		EPI_ISL_70658		
A/Stockholm/27/2009				EPI_ISL_70661		EPI_ISL_70661		
A/Umea/1/2009				EPI_ISL_70660		EPI_ISL_70660		
A/Stockholm/25/2009				EPI_ISL_70663		EPI_ISL_70663		
A/Stockholm/26/2009				EPI_ISL_70662		EPI_ISL_70662		
A/Stockholm/31/2008				EPI_ISL_70664		EPI_ISL_70664		
A/Stockholm/20/2009				EPI_ISL_70671		EPI_ISL_70671		
A/Stockholm/21/2009				EPI_ISL_70670		EPI_ISL_70670		
A/Stockholm/19/2009				EPI_ISL_70683		EPI_ISL_70683		
A/Baleares/1656/2015				EPI_ISL_201796		EPI_ISL_201796		
A/Stockholm/18/2009				EPI_ISL_70736		EPI_ISL_70736		
A/Stockholm/16/2009				EPI_ISL_70793		EPI_ISL_70793		
A/Stockholm/17/2009				EPI_ISL_70792		EPI_ISL_70792		
A/Stockholm/3/2009				EPI_ISL_70795		EPI_ISL_70795		
A/Stockholm/24/2009				EPI_ISL_70794		EPI_ISL_70794		
A/Stockholm/15/2009				EPI_ISL_70796		EPI_ISL_70796		
A/Stockholm/14/2009				EPI_ISL_70799		EPI_ISL_70799		
A/Stockholm/23/2009				EPI_ISL_70798		EPI_ISL_70798		
A/Stockholm/22/2009				EPI_ISL_70801		EPI_ISL_70801		
A/Stockholm/12/2009				EPI_ISL_70803		EPI_ISL_70803		
A/Stockholm/13/2009				EPI_ISL_70802		EPI_ISL_70802		
A/Stockholm/10/2009				EPI_ISL_70805		EPI_ISL_70805		
A/Stockholm/11/2009				EPI_ISL_70804		EPI_ISL_70804		
A/Stockholm/9/2009				EPI_ISL_70807		EPI_ISL_70807		
A/Stockholm/2/2009				EPI_ISL_70808		EPI_ISL_70808		
A/Stockholm/26/2008				EPI_ISL_70811		EPI_ISL_70811		
A/Stockholm/27/2008				EPI_ISL_70810		EPI_ISL_70810		
A/Stockholm/25/2008				EPI_ISL_185080		EPI_ISL_70813		
A/Stockholm/23/2008				EPI_ISL_70815		EPI_ISL_70815		
A/Stockholm/24/2008				EPI_ISL_70814		EPI_ISL_70814		
A/Stockholm/20/2008				EPI_ISL_70817		EPI_ISL_70817		
A/Stockholm/21/2008				EPI_ISL_70816		EPI_ISL_70816		
A/Belgium/G0044_/2013						EPI_ISL_136363		
A/Denmark/60/2013						EPI_ISL_136370		
A/Denmark/20/2013						EPI_ISL_136369		
A/Ireland/00367/2013						EPI_ISL_136378		
A/Latvia/1-32593/2013						EPI_ISL_136386		
A/Latvia/1-37023/2013						EPI_ISL_136387		
A/Madeira/MS3/2013						EPI_ISL_136389		
A/Trieste/01/2013						EPI_ISL_136403		
A/Franche_Comte/1389/2015				EPI_ISL_201936		EPI_ISL_201936		
A/France/3237-1T/2011				EPI_ISL_234727		EPI_ISL_234727		
A/France/3237-P9T/2011				EPI_ISL_234731		EPI_ISL_234731		
A/France/3237-P2T/2011				EPI_ISL_234730		EPI_ISL_234730		
A/France/3237-5T/2011				EPI_ISL_234729		EPI_ISL_234729		
A/France/3237-3T/2011				EPI_ISL_234728		EPI_ISL_234728		
A/Paris/091/2013						EPI_ISL_136462		
A/RPF/27/2009				EPI_ISL_169263		EPI_ISL_169263		
A/RPF/34/2009				EPI_ISL_169266		EPI_ISL_169266		
A/RPF/32/2009				EPI_ISL_169264		EPI_ISL_169264		
A/RPF/13/2009						EPI_ISL_169265		
A/Caen/147/2013						EPI_ISL_136513		
A/Austria/890287/2015				EPI_ISL_202054		EPI_ISL_202054		
A/Paris/185/2013						EPI_ISL_136588		
A/Haute_Normandie/259/2013						EPI_ISL_136600		
A/Centre/298/2013						EPI_ISL_136627		
A/Haute_Normandie/385/2013				EPI_ISL_136644		EPI_ISL_136644		
A/Nord_Pas_de_Calais/393/2013				EPI_ISL_136655		EPI_ISL_136655		
A/Nord_Pas_de_Calais/275/2013				EPI_ISL_136658		EPI_ISL_136658		
A/Nord_Pas_de_Calais/268/2013				EPI_ISL_136657		EPI_ISL_136657		
A/Paris/353/2013				EPI_ISL_136660		EPI_ISL_136660		
A/Paris/362/2013				EPI_ISL_136661		EPI_ISL_136661		
A/Paris/425/2013				EPI_ISL_136666		EPI_ISL_136666		
A/Paris/422/2013				EPI_ISL_136664		EPI_ISL_136664		
A/Caen/568/2013				EPI_ISL_136669		EPI_ISL_136669		
A/Astrakhan/1/2013				EPI_ISL_136690		EPI_ISL_136690		
A/Madrid/190/2013				EPI_ISL_136691		EPI_ISL_136691		
A/Netherlands/1810/15				EPI_ISL_235049		EPI_ISL_235049		
A/Latvia/12-47890/2011				EPI_ISL_104013		EPI_ISL_104013		
A/Stockholm/38/2011				EPI_ISL_104019		EPI_ISL_104019		
A/Stockholm/54/2015				EPI_ISL_202344		EPI_ISL_202344		
A/Switzerland/9715293/2013_(X-247)				EPI_ISL_169603		EPI_ISL_169603		
A/Parma/176/2011				EPI_ISL_104109		EPI_ISL_104109		
A/Parma/171/2011				EPI_ISL_104115		EPI_ISL_104115		
A/Luxembourg/15008843/2015				EPI_ISL_202423		EPI_ISL_202423		
A/Trieste/59/2011				EPI_ISL_104117		EPI_ISL_104117		
A/Trieste/63/2011				EPI_ISL_104116		EPI_ISL_104116		
A/Switzerland/5776029/2011				EPI_ISL_104118		EPI_ISL_104118		
A/Firenze/1/2011				EPI_ISL_104121		EPI_ISL_104121		
A/Milano/265/2011				EPI_ISL_104123		EPI_ISL_104123		
A/Firenze/3/2011				EPI_ISL_104122		EPI_ISL_104122		
A/Rheinland-Pfalz/75/2011				EPI_ISL_104127		EPI_ISL_104127		
A/Trieste/60/2011				EPI_ISL_104132		EPI_ISL_104132		
A/Firenze/2/2011				EPI_ISL_104135		EPI_ISL_104135		
A/Milano/256/2011						EPI_ISL_104134		
A/Ireland/11v9451/2011				EPI_ISL_104139		EPI_ISL_104139		
A/Ireland/11m92698/2011				EPI_ISL_104138		EPI_ISL_104138		
A/Hessen/49/2015				EPI_ISL_202561		EPI_ISL_202561		
A/Brandenburg/48/2015				EPI_ISL_202560		EPI_ISL_202560		
A/Budapest/1514A07805832T/2013				EPI_ISL_235366		EPI_ISL_235366		
A/Budapest/1514A07805419T/2013				EPI_ISL_235365		EPI_ISL_235365		
A/Pristina/1514A06505401N/2013				EPI_ISL_235383		EPI_ISL_235383		
A/Austria/833511/2015				EPI_ISL_169862		EPI_ISL_169862		
A/Austria/833516/2015				EPI_ISL_169863		EPI_ISL_169863		
A/Lorraine/1434/2015				EPI_ISL_202761		EPI_ISL_202761		
A/Lorraine/1401/2015				EPI_ISL_202760		EPI_ISL_202760		
A/Austria/892085/2015				EPI_ISL_202770		EPI_ISL_202770		
A/Austria/891959/2015				EPI_ISL_202769		EPI_ISL_202769		
A/St_Petersburg/299/2015				EPI_ISL_202799		EPI_ISL_202799		
A/Novosibirsk/13/2015				EPI_ISL_202798		EPI_ISL_202798		
A/Omsk/26/2015				EPI_ISL_202797		EPI_ISL_202797		
A/Novosibirsk/40/2015				EPI_ISL_202796		EPI_ISL_202796		
A/England/335/2015				EPI_ISL_202803		EPI_ISL_202803		
A/England/333/2015				EPI_ISL_203391		EPI_ISL_202802		
A/England/334/2015				EPI_ISL_203370		EPI_ISL_202801		
A/St_Petersburg/207/2015				EPI_ISL_202800		EPI_ISL_202800		
A/Austria/833514/2015				EPI_ISL_170102		EPI_ISL_170102		
A/Austria/833583/2015				EPI_ISL_170103		EPI_ISL_170103		
A/Austria/833510/2015				EPI_ISL_170101		EPI_ISL_170101		
A/Astrakhan/01/2013				EPI_ISL_137437		EPI_ISL_137437		
A/Paris/1787/2015				EPI_ISL_203011		EPI_ISL_203011		
A/Pays_de_Loire/1457/2015				EPI_ISL_203015		EPI_ISL_203015		
A/Castilla_La_Mancha/526/2015				EPI_ISL_203016		EPI_ISL_203016		
A/Norway/2629/2015				EPI_ISL_203027		EPI_ISL_203027		
A/Netherlands/265/2015				EPI_ISL_17668127		EPI_ISL_17668127		
A/Poitiers/719/2004						EPI_ISL_10656183		
A/Netherlands/2249/2013				EPI_ISL_17668132		EPI_ISL_17668132		
A/Alsace/1467/2015				EPI_ISL_203055		EPI_ISL_203055		
A/Austria/892551/2015				EPI_ISL_203058		EPI_ISL_203058		
A/Alsace1471/2015				EPI_ISL_203057		EPI_ISL_203057		
A/Alsace1470/2015				EPI_ISL_203056		EPI_ISL_203056		
A/Finland/549/2015				EPI_ISL_203075		EPI_ISL_203075		
A/Finland/547/2015				EPI_ISL_203074		EPI_ISL_203074		
A/Finland/552/2015				EPI_ISL_203077		EPI_ISL_203077		
A/Austria/833390/2015				EPI_ISL_170368		EPI_ISL_170368		
A/Austria/834110/2015				EPI_ISL_170369		EPI_ISL_170369		
A/England/53340242/2015				EPI_ISL_203367		EPI_ISL_203367		
A/England/53860135/2015				EPI_ISL_203371		EPI_ISL_203371		
A/England/53820650/2015				EPI_ISL_203369		EPI_ISL_203369		
A/England/54020563/2015				EPI_ISL_203372		EPI_ISL_203372		
A/England/54380710/2015				EPI_ISL_203379		EPI_ISL_203379		
A/England/54760378/2015				EPI_ISL_203385		EPI_ISL_203385		
A/Bayern/2/2015				EPI_ISL_170630		EPI_ISL_170630		
A/Berlin/1/2015				EPI_ISL_170631		EPI_ISL_170631		
A/St._Petersburg/02/2013				EPI_ISL_138278		EPI_ISL_138278		
A/Austria/79/2013				EPI_ISL_138310		EPI_ISL_138310		
A/Austria/80/2013				EPI_ISL_138311		EPI_ISL_138311		
A/Austria/77/2013				EPI_ISL_138308		EPI_ISL_138308		
A/Austria/78/2013				EPI_ISL_138309		EPI_ISL_138309		
A/Austria/81/2013				EPI_ISL_138312		EPI_ISL_138312		
A/Catalonia/2073825NS/2013				EPI_ISL_138313		EPI_ISL_138313		
A/Stockholm/6/2013				EPI_ISL_138443		EPI_ISL_138443		
A/Sweden/1/2013				EPI_ISL_138440		EPI_ISL_138440		
A/Malta/MV720824/2013				EPI_ISL_138478		EPI_ISL_138478		
A/Sibiu/132635/2013				EPI_ISL_138642		EPI_ISL_138642		
A/Netherlands/00093/2005						EPI_ISL_19505049		
A/Netherlands/00590/2003				EPI_ISL_19505048		EPI_ISL_19505048		
A/Netherlands/00033/2007						EPI_ISL_19505051		
A/Netherlands/00123/2005						EPI_ISL_19505050		
A/Netherlands/00379/2008				EPI_ISL_19505052		EPI_ISL_19505052		
A/Netherlands/00301/1999				EPI3616398		EPI_ISL_19505045		
A/Netherlands/00565/2003				EPI_ISL_19505047		EPI_ISL_19505047		
A/Netherlands/00056/2003				EPI_ISL_19505046		EPI_ISL_19505046		
A/Ulan_Ude/1/2000				EPI_ISL_5054272		EPI_ISL_5054272		
A/Austria/104/2013				EPI_ISL_139130		EPI_ISL_139130		
A/Austria/103/2013				EPI_ISL_139129		EPI_ISL_139129		
A/Austria/106/2013				EPI_ISL_139132		EPI_ISL_139132		
A/Austria/109/2013				EPI_ISL_139506		EPI_ISL_139506		
A/Austria/110/2013				EPI_ISL_139507		EPI_ISL_139507		
A/Austria/107/2013				EPI_ISL_139504		EPI_ISL_139504		
A/Austria/108/2013				EPI_ISL_139505		EPI_ISL_139505		
A/Moscow/346/2003				EPI_ISL_8516		EPI_ISL_8516		
A/Stockholm/12/2013				EPI_ISL_139630		EPI_ISL_139630		
A/Stockholm/10/2013				EPI_ISL_139631		EPI_ISL_139631		
A/Moscow/343/2003				EPI_ISL_8559		EPI_ISL_8559		
A/Stockholm/8/2013				EPI_ISL_139634		EPI_ISL_139634		
A/Moscow/328/2003				EPI_ISL_8560		EPI_ISL_8560		
A/Stockholm/7/2013				EPI_ISL_139635		EPI_ISL_139635		
A/Stockholm/11/2013				EPI_ISL_139632		EPI_ISL_139632		
A/Stockholm/9/2013				EPI_ISL_139633		EPI_ISL_139633		
A/Malmoe/6/2013				EPI_ISL_139636		EPI_ISL_139636		
A/Gothenburg/2/2013				EPI_ISL_139637		EPI_ISL_139637		
A/England/491/2003				EPI_ISL_107507		EPI_ISL_106911		
A/Catalonia/NSVH49458/2013				EPI_ISL_15082228		EPI_ISL_15082228		
A/Novosibirsk/79/2013				EPI_ISL_139920		EPI_ISL_139920		
A/Astrakhan/07/2013				EPI_ISL_139921		EPI_ISL_139921		
A/England/430/2003				EPI_ISL_107185		EPI_ISL_107185		
A/England/431/2003				EPI_ISL_107186		EPI_ISL_107186		
A/Scotland/52/2003				EPI_ISL_107191		EPI_ISL_107191		
A/Scotland/50/2003				EPI_ISL_107211		EPI_ISL_107211		
A/England/446/2003				EPI_ISL_107210		EPI_ISL_107210		
A/England/419/2003				EPI_ISL_107212		EPI_ISL_107212		
A/England/425/2003				EPI_ISL_107225		EPI_ISL_107225		
A/England/442/2003				EPI_ISL_107224		EPI_ISL_107224		
A/England/438/2003				EPI_ISL_107241		EPI_ISL_107241		
A/Scotland/61/2003				EPI_ISL_107242		EPI_ISL_107242		
A/England/445/2003				EPI_ISL_107263		EPI_ISL_107263		
A/England/642/2003				EPI_ISL_107265		EPI_ISL_107265		
A/England/740/2003				EPI_ISL_107264		EPI_ISL_107264		
A/England/460/2003				EPI_ISL_107297		EPI_ISL_107297		
A/England/754/2003				EPI_ISL_107296		EPI_ISL_107296		
A/Scotland/71/2003				EPI_ISL_107323		EPI_ISL_107323		
A/England/475/2003				EPI_ISL_107325		EPI_ISL_107325		
A/Scotland/72/2003				EPI_ISL_107324		EPI_ISL_107324		
A/England/467/2003				EPI_ISL_107326		EPI_ISL_107326		
A/Scotland/78/2003				EPI_ISL_107359		EPI_ISL_107359		
A/Scotland/76/2003				EPI_ISL_107358		EPI_ISL_107358		
A/Scotland/79/2003				EPI_ISL_107385		EPI_ISL_107385		
A/England/470/2003				EPI_ISL_107387		EPI_ISL_107387		
A/Scotland/81/2003				EPI_ISL_107386		EPI_ISL_107386		
A/England/786/2003				EPI_ISL_107388		EPI_ISL_107388		
A/England/479/2003				EPI_ISL_107405		EPI_ISL_107405		
A/England/539/2003				EPI_ISL_107404		EPI_ISL_107404		
A/England/516/2003				EPI_ISL_107427		EPI_ISL_107427		
A/England/944/2003				EPI_ISL_107426		EPI_ISL_107426		
A/England/518/2003				EPI_ISL_107429		EPI_ISL_107429		
A/England/520/2003				EPI_ISL_107451		EPI_ISL_107451		
A/England/787/2003				EPI_ISL_107450		EPI_ISL_107450		
A/England/531/2003				EPI_ISL_107452		EPI_ISL_107452		
A/England/789/2003				EPI_ISL_107471		EPI_ISL_107471		
A/England/788/2003				EPI_ISL_107470		EPI_ISL_107470		
A/England/525/2003				EPI_ISL_107473		EPI_ISL_107473		
A/England/484/2003				EPI_ISL_107487		EPI_ISL_107487		
A/England/585/2003				EPI_ISL_107488		EPI_ISL_107488		
A/England/487/2003				EPI_ISL_107505		EPI_ISL_107505		
A/England/492/2003				EPI_ISL_107506		EPI_ISL_107506		
A/England/493/2003				EPI_ISL_107524		EPI_ISL_107524		
A/England/528/2003				EPI_ISL_107537		EPI_ISL_107537		
A/England/485/2003				EPI_ISL_107538		EPI_ISL_107538		
A/England/568/2003				EPI_ISL_107555		EPI_ISL_107555		
A/England/508/2003				EPI_ISL_107554		EPI_ISL_107554		
A/Catalonia/5689S/2013				EPI_ISL_140340		EPI_ISL_140340		
A/Catalonia/5742S/2013				EPI_ISL_140341		EPI_ISL_140341		
A/England/567/2003				EPI_ISL_107577		EPI_ISL_107577		
A/England/957/2003				EPI_ISL_107576		EPI_ISL_107576		
A/England/805/2003				EPI_ISL_107578		EPI_ISL_107578		
A/Thessaloniki/63/2013				EPI_ISL_140351		EPI_ISL_140351		
A/Valencia/1S/2013				EPI_ISL_140353		EPI_ISL_140353		
A/England/558/2003				EPI_ISL_107593		EPI_ISL_107593		
A/England/534/2003				EPI_ISL_107594		EPI_ISL_107594		
A/England/522/2003				EPI_ISL_107617		EPI_ISL_107617		
A/England/532/2003				EPI_ISL_107616		EPI_ISL_107616		
A/England/909/2003				EPI_ISL_107618		EPI_ISL_107618		
A/England/552/2003				EPI_ISL_107635		EPI_ISL_107635		
A/England/547/2003						EPI_ISL_107634		
A/Volos.GR/662/2013				EPI_ISL_140418		EPI_ISL_140418		
A/Chios_Island.GR/640/2013				EPI_ISL_140419		EPI_ISL_140419		
A/Volos.GR/738/2013				EPI_ISL_140416		EPI_ISL_140416		
A/Syros_Island.GR/665/2013				EPI_ISL_140417		EPI_ISL_140417		
A/Athens.GR/451/2013				EPI_ISL_140422		EPI_ISL_140422		
A/Lefkada_Island.GR/372/2013				EPI_ISL_140423		EPI_ISL_140423		
A/Athens.GR/483/2013				EPI_ISL_140421		EPI_ISL_140421		
A/Argolida.GR/316/2013				EPI_ISL_140424		EPI_ISL_140424		
A/England/917/2003						EPI_ISL_107659		
A/England/587/2003						EPI_ISL_107658		
A/England/584/2003						EPI_ISL_107660		
A/England/593/2003						EPI_ISL_107685		
A/England/592/2003						EPI_ISL_107684		
A/England/602/2003						EPI_ISL_107697		
A/England/4024313/2003						EPI_ISL_107710		
A/Finland/541/98						EPI_ISL_9549		
A/Finland/1/2002						EPI_ISL_9550		
A/Finland/12/2002						EPI_ISL_9552		
A/Finland/13/2002						EPI_ISL_9553		
A/Finland/22/2002						EPI_ISL_9554		
A/Finland/28/2002						EPI_ISL_9555		
A/Finland/51/2002						EPI_ISL_9556		
A/Finland/180/2003						EPI_ISL_9557		
A/Finland/272/2003						EPI_ISL_9558		
A/Finland/285/2003						EPI_ISL_9560		
A/Finland/291/2003						EPI_ISL_9561		
A/Finland/300/2003						EPI_ISL_9563		
A/Finland/455/2004				EPI_ISL_9594		EPI_ISL_9594		
A/Finland/478/2004				EPI_ISL_9596		EPI_ISL_9596		
A/Finland/479/2004				EPI_ISL_9597		EPI_ISL_9597		
A/Finland/480/2004				EPI_ISL_9598		EPI_ISL_9598		
A/Finland/481/2004				EPI_ISL_9599		EPI_ISL_9599		
A/Finland/484/2004				EPI_ISL_9602		EPI_ISL_9602		
A/Finland/485/2004				EPI_ISL_9603		EPI_ISL_9603		
A/St_Petersburg/22/2013				EPI_ISL_140995		EPI_ISL_140995		
A/Stockholm/2/2010						EPI_ISL_75787		
A/Stockholm/1/2010						EPI_ISL_75786		
A/Netherlands/620/1989						EPI_ISL_2402550		
A/Netherlands/823/1992						EPI_ISL_2402551		
A/Netherlands/179/1993						EPI_ISL_2402552		
A/Netherlands/178/1995						EPI_ISL_2402553		
A/Netherlands/301/1999						EPI_ISL_2402554		
A/Italy/540/2010						EPI_ISL_76701		
A/Geneva/4149722/2010						EPI_ISL_109747		
A/Bur/23/1996						EPI_ISL_12329		
A/Denmark/22511/1998						EPI_ISL_12333		
A/Moscow/41/1997						EPI_ISL_12346		
A/Stockholm/1/1999						EPI_ISL_12347		
A/Stockholm/8/1997						EPI_ISL_12348		
A/Thessaloniki/23/1998						EPI_ISL_12350		
A/Netherlands/1/2002				EPI_ISL_110654		EPI_ISL_110654		
A/Thessalonika/69/1999						EPI_ISL_12351		
A/Inverness/580868097/1997						EPI_ISL_12352		
A/Parma/2/1997						EPI_ISL_12355		
A/Eng/23/1996						EPI_ISL_12361		
A/Netherlands/69/2009						EPI_ISL_110725		
A/Netherlands/761/2009						EPI_ISL_110727		
A/Bilthoven/15793/1968						EPI_ISL_110734		
A/Bilthoven/808/1969						EPI_ISL_110747		
A/Bilthoven/93/1970						EPI_ISL_110776		
A/Bilthoven/6449/1971						EPI_ISL_110778		
A/Bilthoven/23337/1972						EPI_ISL_110819		
A/Bilthoven/21793/1972						EPI_ISL_110818		
A/Bilthoven/5146/1974						EPI_ISL_110821		
A/Bilthoven/748/1973						EPI_ISL_110820		
A/Bilthoven/5168/1976						EPI_ISL_110823		
A/Bilthoven/4273/1975						EPI_ISL_110822		
A/Rotterdam/577/1980						EPI_ISL_110861		
A/Bilthoven/4791/1981						EPI_ISL_110862		
A/Geneva/5007/1989						EPI_ISL_110907		
A/Geneva/6447/1991						EPI_ISL_110910		
A/Stockholm/20/1991						EPI_ISL_110951		
A/Amsterdam/4112/1992						EPI_ISL_110952		
A/Finland/220/1992						EPI_ISL_110955		
A/Finland/218/1992						EPI_ISL_110954		
A/Paris/490/1992						EPI_ISL_110957		
A/Finland/247/1992						EPI_ISL_110956		
A/Lyon/1803/1993				CY112548.1		EPI_ISL_110999		
A/Bayern/16/2002				EPI_ISL_12707		EPI_ISL_12707		
A/Berlin/3/02				EPI_ISL_12708		EPI_ISL_12708		
A/Hessen/2/02				EPI_ISL_12710		EPI_ISL_12710		
A/Baden-Wuerttemberg/97/2004				EPI_ISL_12711		EPI_ISL_12711		
A/Hamburg/1/04				EPI_ISL_12712		EPI_ISL_12712		
A/Hessen/16/04				EPI_ISL_12713		EPI_ISL_12713		
A/Lyon/22686/1993						EPI_ISL_111019		
A/Rheinland-Pfalz/17/04				EPI_ISL_12714		EPI_ISL_12714		
A/Sachsen/4/04				EPI_ISL_12715		EPI_ISL_12715		
A/Madrid/G130/1993				CY112573.1		EPI_ISL_111021		
A/Berlin/90/98						EPI_ISL_12716		
A/Madrid/G102/1993						EPI_ISL_111020		
A/Berlin/177/99						EPI_ISL_12717		
A/Berlin/185/99						EPI_ISL_12718		
A/Netherlands/3/1993				EPI362652		EPI_ISL_111022		
A/Berlin/199/99						EPI_ISL_12719		
A/Mecklenburg-Vorpommern/9/99						EPI_ISL_12720		
A/Niedersachsen/56/00				EPI_ISL_12721		EPI_ISL_12721		
A/Saarland/10/00				EPI_ISL_12722		EPI_ISL_12722		
A/Sachsen-Anhalt/6/00				EPI_ISL_12723		EPI_ISL_12723		
A/Sachsen-Anhalt/19/99						EPI_ISL_12724		
A/Thueringen/169/00				EPI_ISL_12725		EPI_ISL_12725		
A/Niedersachsen/4/05				EPI_ISL_12726		EPI_ISL_12726		
A/Niedersachsen/29/05				EPI_ISL_12727		EPI_ISL_12727		
A/Rheinland-Pfalz/1/05				EPI_ISL_12728		EPI_ISL_12728		
A/Schleswig-Holstein/12/05				EPI_ISL_12729		EPI_ISL_12729		
A/Thueringen/27/2004				EPI_ISL_12730		EPI_ISL_12730		
A/Mecklenburg-Vorpommern/7/02				EPI_ISL_12731		EPI_ISL_12731		
A/Netherlands/115/1993				CY112597.1		EPI_ISL_111043		
A/Netherlands/17/1993						EPI_ISL_111042		
A/England/7/1994						EPI_ISL_111129		
A/Netherlands/271/1995						EPI_ISL_111181		
A/Stockholm/5/1995						EPI_ISL_111219		
A/Oslo/21/1997						EPI_ISL_111315		
A/Oslo/2352/1993				CY112877.1		EPI_ISL_111336		
A/Netherlands/414/1998				CY112893.1		EPI_ISL_111338		
A/Netherlands/427/1998						EPI_ISL_111373		
A/Moscow/10/1999						EPI_ISL_111374		
A/Norway/780/2010						EPI_ISL_79268		
A/Norway/4916/2009						EPI_ISL_79614		
A/Martinique/1441/2010						EPI_ISL_79620		
A/Stockholm/4/2010						EPI_ISL_79650		
A/Bilthoven/908/1969						EPI_ISL_113017		
A/Bilthoven/17938/1969						EPI_ISL_113035		
A/Bilthoven/21801/1971						EPI_ISL_113037		
A/Bilthoven/21438/1971						EPI_ISL_113036		
A/Gothenburg/1/2010						EPI_ISL_81056		
A/Bilthoven/23290/1972						EPI_ISL_113847		
A/England/42/1972						EPI_ISL_113863		
A/Bilthoven/552/1973						EPI_ISL_113864		
A/Denmark/112/2006						EPI_ISL_15589		
A/Denmark/10/2006						EPI_ISL_15590		
A/Denmark/84/2005				EPI_ISL_15591		EPI_ISL_15591		
A/Denmark/68/2005				EPI_ISL_15592		EPI_ISL_15592		
A/Denmark/67/2005				EPI_ISL_15593		EPI_ISL_15593		
A/Denmark/22/2002				EPI_ISL_15596		EPI_ISL_15596		
A/Denmark/205/2000				EPI_ISL_15597		EPI_ISL_15597		
A/Denmark/35/2000				EPI_ISL_15598		EPI_ISL_15598		
A/Denmark/1-2/2004				EPI_ISL_15600		EPI_ISL_15600		
A/Bilthoven/3517/1973						EPI_ISL_113915		
A/Bilthoven/5930/1974						EPI_ISL_113917		
A/Bilthoven/7398/1974						EPI_ISL_113919		
A/Bilthoven/5931/1974						EPI_ISL_113918		
A/Bilthoven/334/1975						EPI_ISL_113921		
A/Bilthoven/9459/1974						EPI_ISL_113920		
A/Bilthoven/1843/1975						EPI_ISL_113965		
A/Bilthoven/2813/1975						EPI_ISL_113967		
A/Bilthoven/2600/1975						EPI_ISL_113966		
A/Bilthoven/628/1976						EPI_ISL_113969		
A/Bilthoven/1761/1976						EPI_ISL_113970		
A/Bilthoven/5657/1976						EPI_ISL_114015		
A/Bilthoven/5029/1976						EPI_ISL_114014		
A/Amsterdam/1609/1977						EPI_ISL_114017		
A/Bilthoven/6545/1976						EPI_ISL_114016		
A/Rotterdam/5828/1977						EPI_ISL_114019		
A/Bilthoven/3895/1977						EPI_ISL_114018		
A/Netherlands/009/2010						EPI_ISL_81393		
A/Stockholm/6/2010						EPI_ISL_81409		
A/Rotterdam/8179/1977						EPI_ISL_114196		
A/Lyon/2380/1981						EPI_ISL_114199		
A/Netherlands/209/1980						EPI_ISL_114198		
A/Netherlands/241/1982						EPI_ISL_114201		
A/Bilthoven/10684/1982						EPI_ISL_114200		
A/Denmark/35/06						EPI_ISL_15934		
A/Denmark/13/02				EPI_ISL_15936		EPI_ISL_15936		
A/Oslo/13676/1983						EPI_ISL_114245		
A/Netherlands/330/1985						EPI_ISL_114247		
A/Guildford/V728/1985						EPI_ISL_114246		
A/Stockholm/10/1985						EPI_ISL_114249		
A/Netherlands/333/1985						EPI_ISL_114248		
A/Denmark/01/2002				EPI_ISL_15945		EPI_ISL_15945		
A/Denmark/02/2002				EPI_ISL_15946		EPI_ISL_15946		
A/Denmark/24/2002				EPI_ISL_15947		EPI_ISL_15947		
A/Denmark/26/2002				EPI_ISL_15948		EPI_ISL_15948		
A/Denmark/37/2000				EPI_ISL_15949		EPI_ISL_15949		
A/Denmark/38/2000				EPI_ISL_15950		EPI_ISL_15950		
A/Denmark/101/2006						EPI_ISL_15953		
A/Denmark/77/2006						EPI_ISL_15964		
A/Denmark/12/2004				EPI_ISL_15967		EPI_ISL_15967		
A/Denmark/100/2004				EPI_ISL_15971		EPI_ISL_15971		
A/Denmark/07/2004				EPI_ISL_15972		EPI_ISL_15972		
A/Denmark/06/2004				EPI_ISL_15973		EPI_ISL_15973		
A/Denmark/117/2004				EPI_ISL_15974		EPI_ISL_15974		
A/Denmark/27/2006						EPI_ISL_15981		
A/Denmark/203/2005				EPI_ISL_15982		EPI_ISL_15982		
A/Denmark/201/2005				EPI_ISL_15984		EPI_ISL_15984		
A/Denmark/45/2006						EPI_ISL_15985		
A/Denmark/261/2005				EPI_ISL_15986		EPI_ISL_15986		
A/Denmark/54/2006						EPI_ISL_15987		
A/Netherlands/450/1988						EPI_ISL_114297		
A/England/427/1988						EPI_ISL_114296		
A/Stockholm/12/1988						EPI_ISL_114298		
A/Denmark/113/2004				EPI_ISL_15997		EPI_ISL_15997		
A/Denmark/112/2004				EPI_ISL_15998		EPI_ISL_15998		
A/Denmark/115/2004				EPI_ISL_16001		EPI_ISL_16001		
A/Denmark/116/2004				EPI_ISL_16002		EPI_ISL_16002		
A/Denmark/127/2004				EPI_ISL_16004		EPI_ISL_16004		
A/Denmark/14/2004				EPI_ISL_16005		EPI_ISL_16005		
A/Denmark/51/2006						EPI_ISL_16006		
A/Denmark/04/2005				EPI_ISL_16007		EPI_ISL_16007		
A/Denmark/106/2004				EPI_ISL_16013		EPI_ISL_16013		
A/Denmark/01/2004				EPI_ISL_16014		EPI_ISL_16014		
A/Denmark/03/2004				EPI_ISL_16015		EPI_ISL_16015		
A/Denmark/104/2004				EPI_ISL_16016		EPI_ISL_16016		
A/Denmark/05/2004				EPI_ISL_16017		EPI_ISL_16017		
A/Denmark/04/2004				EPI_ISL_16018		EPI_ISL_16018		
A/Denmark/102/2004				EPI_ISL_16019		EPI_ISL_16019		
A/Denmark/110/2004				EPI_ISL_16020		EPI_ISL_16020		
A/Denmark/123/2004				EPI_ISL_16022		EPI_ISL_16022		
A/Denmark/202/2005				EPI_ISL_16023		EPI_ISL_16023		
A/Denmark/200/2000				EPI_ISL_16031		EPI_ISL_16031		
A/Denmark/202/2000				EPI_ISL_16032		EPI_ISL_16032		
A/Denmark/203/2000				EPI_ISL_16033		EPI_ISL_16033		
A/Denmark/204/2000				EPI_ISL_16034		EPI_ISL_16034		
A/Denmark/206/2000				EPI_ISL_16035		EPI_ISL_16035		
A/Denmark/207/2000				EPI_ISL_16036		EPI_ISL_16036		
A/Denmark/208/2000				EPI_ISL_16037		EPI_ISL_16037		
A/Denmark/83/2005				EPI_ISL_16040		EPI_ISL_16040		
A/Denmark/22/2006				EPI_ISL_16042		EPI_ISL_16042		
A/England/138/1989						EPI_ISL_114346		
A/Netherlands/738/1989						EPI_ISL_114349		
A/Netherlands/650/1989						EPI_ISL_114348		
A/Denmark/103/2004				EPI_ISL_16051		EPI_ISL_16051		
A/Denmark/114/2004				EPI_ISL_16052		EPI_ISL_16052		
A/Denmark/120/2004				EPI_ISL_16053		EPI_ISL_16053		
A/Denmark/13/2004				EPI_ISL_16054		EPI_ISL_16054		
A/Denmark/124/2004				EPI_ISL_16055		EPI_ISL_16055		
A/Denmark/191/2005				EPI_ISL_16058		EPI_ISL_16058		
A/Denmark/200/2005				EPI_ISL_16062		EPI_ISL_16062		
A/Denmark/13/2006				EPI_ISL_16064		EPI_ISL_16064		
A/Denmark/10/2004				EPI_ISL_16066		EPI_ISL_16066		
A/Denmark/11/2004				EPI_ISL_16067		EPI_ISL_16067		
A/Denmark/118/2004				EPI_ISL_16080		EPI_ISL_16080		
A/Denmark/07/2005				EPI_ISL_16081		EPI_ISL_16081		
A/Denmark/119/2004				EPI_ISL_16082		EPI_ISL_16082		
A/Denmark/08/2004				EPI_ISL_16087		EPI_ISL_16087		
A/Denmark/111/2004				EPI_ISL_16088		EPI_ISL_16088		
A/Denmark/196/2005				EPI_ISL_16093		EPI_ISL_16093		
A/Denmark/46/2006				EPI_ISL_16102		EPI_ISL_16102		
A/Denmark/98/2006				EPI_ISL_16103		EPI_ISL_16103		
A/Denmark/126/2004				EPI_ISL_16109		EPI_ISL_16109		
A/Denmark/109/2004				EPI_ISL_16113		EPI_ISL_16113		
A/Denmark/108/2004				EPI_ISL_16114		EPI_ISL_16114		
A/Denmark/25/2002						EPI_ISL_16115		
A/Denmark/27/2002						EPI_ISL_16116		
A/Denmark/4/2002						EPI_ISL_16117		
A/Denmark/5/2002						EPI_ISL_16118		
A/Denmark/6/2002				EPI_ISL_186064		EPI_ISL_16119		
A/Denmark/8/2002						EPI_ISL_16120		
A/Denmark/7/2006						EPI_ISL_16121		
A/Denmark/02/2004						EPI_ISL_16123		
A/Denmark/105/2004						EPI_ISL_16124		
A/Denmark/201/2000						EPI_ISL_16127		
A/Denmark/209/2000						EPI_ISL_16128		
A/Denmark/52/2006						EPI_ISL_16129		
A/Denmark/234/2005						EPI_ISL_16130		
A/Denmark/263/2005						EPI_ISL_16131		
A/Denmark/197/2005						EPI_ISL_16133		
A/Geneva/5366/1991						EPI_ISL_114503		
A/England/260/1991						EPI_ISL_114502		
A/Lyon/1182/1991						EPI_ISL_114505		
A/Lyon/1149/1991						EPI_ISL_114504		
A/Lyon/1276/1991						EPI_ISL_114507		
A/Lyon/1189/1991						EPI_ISL_114506		
A/Lyon/1373/1991						EPI_ISL_114555		
A/Lyon/1337/1991						EPI_ISL_114554		
A/Lyon/23672/1991						EPI_ISL_114557		
A/Lyon/1594/1991						EPI_ISL_114556		
A/Lyon/24222/1991						EPI_ISL_114559		
A/Lyon/24103/1991						EPI_ISL_114558		
A/Netherlands/00377/2008				EPI_ISL_19284887		EPI_ISL_20397738		
A/Netherlands/00348/2007				EPI_ISL_20397737		EPI_ISL_20397737		
A/Madrid/G12/1991				CY113653.1		EPI_ISL_114607		
A/Netherlands/891/1991				CY113669.1		EPI_ISL_114609		
A/Netherlands/816/1991				CY113661.1		EPI_ISL_114608		
A/Geneva/5113/1992				CY113685.1		EPI_ISL_114611		
A/Madrid/G58/1992				CY113717.1		EPI_ISL_114657		
A/Netherlands/935/1992				CY113741.1		EPI_ISL_114659		
A/Netherlands/819/1992				CY113725.1		EPI_ISL_114658		
A/Netherlands/938/1992				EPI365963		EPI_ISL_114660		
A/Nijmegen/3126/1992						EPI_ISL_114705		
A/Oviedo/31/1992						EPI_ISL_114707		
A/Nijmegen/3129/1992						EPI_ISL_114706		
A/Paris/325/1992						EPI_ISL_114709		
A/Paris/320/1992						EPI_ISL_114708		
A/Paris/407/1992						EPI_ISL_114710		
A/Paris/424/1992						EPI_ISL_114759		
A/Paris/417/1992						EPI_ISL_114758		
A/Paris/467/1992						EPI_ISL_114761		
A/Paris/457/1992						EPI_ISL_114760		
A/Paris/548/1992						EPI_ISL_114763		
A/Paris/512/1991						EPI_ISL_114762		
A/Paris/564/1991						EPI_ISL_114811		
A/Paris/597/1991						EPI_ISL_114813		
A/Paris/583/1992						EPI_ISL_114812		
A/Paris/614/1992						EPI_ISL_114814		
A/Stockholm/7/1992						EPI_ISL_114867		
A/Stockholm/13/1992						EPI_ISL_114869		
A/Stockholm/12/1992						EPI_ISL_114868		
A/Umea/1982/1992						EPI_ISL_114871		
A/Tilburg/5957/1992						EPI_ISL_114870		
A/Umea/2000/1992						EPI_ISL_114872		
A/Malmoe/3/2010						EPI_ISL_82220		
A/Enschede/5458/1993						EPI_ISL_115041		
A/Lyon/672/1993						EPI_ISL_115111		
A/Lyon/23602/1993						EPI_ISL_115113		
A/Lyon/1815/1993						EPI_ISL_115112		
A/Madrid/G101/1993						EPI_ISL_115301		
A/Madrid/G122/1993						EPI_ISL_115300		
A/Madrid/G116/1993						EPI_ISL_115303		
A/Madrid/G109/1993						EPI_ISL_115302		
A/Netherlands/101/1993						EPI_ISL_115305		
A/Madrid/G252/1993						EPI_ISL_115304		
A/Netherlands/126/1993						EPI_ISL_115353		
A/Netherlands/357/1993						EPI_ISL_115355		
A/Netherlands/165/1993						EPI_ISL_115354		
A/Netherlands/398/1993						EPI_ISL_115357		
A/Netherlands/372/1993						EPI_ISL_115356		
A/Paris/287/1993						EPI_ISL_115358		
A/Netherlands/00042/2006				EPI_ISL_19284886		EPI_ISL_19284886		
A/Netherlands/00118/2001						EPI_ISL_19284882		
A/Netherlands/00009/2010						EPI_ISL_19284888		
A/Netherlands/00034/2010						EPI_ISL_19284889		
A/Scotland/160/1993				CY114109.1		EPI_ISL_115409		
A/Scotland/142/1993				CY114101.1		EPI_ISL_115408		
A/Finland/338/1995						EPI_ISL_115459		
A/Netherlands/18/1994						EPI_ISL_115458		
A/Finland/381/1995						EPI_ISL_115461		
A/Finland/339/1995						EPI_ISL_115460		
A/Geneva/A9509/1995						EPI_ISL_115462		
A/Lyon/2279/1995						EPI_ISL_115511		
A/Geneva/3958/1996						EPI_ISL_115513		
A/Netherlands/1/1995						EPI_ISL_115512		
A/Netherlands/91/1996						EPI_ISL_115567		
A/Lyon/1781/1996						EPI_ISL_115566		
A/Netherlands/300/1997						EPI_ISL_115619		
A/Netherlands/3/2000				EPI_ISL_115621		EPI_ISL_115621		
A/Netherlands/462/1998						EPI_ISL_115620		
A/Netherlands/124/2001						EPI_ISL_115622		
A/Netherlands/120/2002				EPI_ISL_115624		EPI_ISL_115624		
A/Netherlands/42/2006				EPI_ISL_115647		EPI_ISL_115647		
A/Netherlands/363/2006				EPI_ISL_115648		EPI_ISL_115648		
A/Netherlands/69/2007						EPI_ISL_115695		
A/Netherlands/348/2007						EPI_ISL_115696		
A/Netherlands/233/1982						EPI_ISL_115699		
A/United_Kingdom/261/1991						EPI_ISL_115770		
A/Netherlands/5/1998						EPI_ISL_115772		
A/Netherlands/034/2010						EPI_ISL_115775		
A/Vladivostok/11/2010						EPI_ISL_116147		
A/Umea/4/2009/						EPI_ISL_149719		
A/Moscow/402/2009						EPI_ISL_84613		
A/Moscow/416/2009						EPI_ISL_84615		
A/Moscow/419/2009						EPI_ISL_84614		
A/Lyon/1288/2006				EPI_ISL_20281		EPI_ISL_12700550		
A/Finland/98/2009						EPI_ISL_150388		
A/Finland/97/2009						EPI_ISL_150392		
A/Bilthoven/2668/1970						EPI_ISL_84903		
A/Bucuresti/78.1.A/2009						EPI_ISL_85037		
A/Bucuresti/74.1.A/2009						EPI_ISL_85036		
A/Bucuresti/79.1.A/2009						EPI_ISL_85038		
A/Bucuresti/82.1.A/2009						EPI_ISL_85040		
A/Thessaloniki/40/2007						EPI_ISL_19573		
A/Alexandroupolis/99/2007						EPI_ISL_19574		
A/Alexandroupolis/134/2006				EPI_ISL_19576		EPI_ISL_19576		
A/Thessaloniki/43/2005						EPI_ISL_19578		
A/Alexandroupolis/118/2005						EPI_ISL_19579		
A/Alexandroupolis/16/2005						EPI_ISL_19580		
A/Kastoria/45/2005						EPI_ISL_19581		
A/Athens/220/98						EPI_ISL_19781		
A/Athens/2342/81						EPI_ISL_19782		
A/Athens/2403/81						EPI_ISL_19783		
A/Athens/2435/81						EPI_ISL_19784		
A/Sparti/96/2000				EPI_ISL_20135		EPI_ISL_20135		
A/Athens/172/2000				EPI_ISL_20136		EPI_ISL_20136		
A/Brandenburg/1/2010						EPI_ISL_85725		
A/England/4820166/2010						EPI_ISL_85727		
A/England/3940462/2010						EPI_ISL_85726		
A/Peloponnese/4043/2010						EPI_ISL_85731		
A/Hessen/4/2010						EPI_ISL_85730		
A/Stockholm/10/2010						EPI_ISL_85733		
A/Stockholm/7/2010						EPI_ISL_85732		
A/Marseille/1215/2006						EPI_ISL_20274		
A/Toulon/1244/2006				EPI_ISL_20276		EPI_ISL_20276		
A/Bordeaux/1276/2006				EPI_ISL_20277		EPI_ISL_20277		
A/Lyon/1292/2006				EPI_ISL_20282		EPI_ISL_20282		
A/Lyon/1312/2006				EPI_ISL_20283		EPI_ISL_20283		
A/Lyon/1313/2006				EPI_ISL_20284		EPI_ISL_20284		
A/Lyon/1320/2006				EPI_ISL_20285		EPI_ISL_20285		
A/Lyon/1324/2006				EPI_ISL_20286		EPI_ISL_20286		
A/Lyon/1305/2006				EPI_ISL_20287		EPI_ISL_20287		
A/Lyon/1331/2006				EPI_ISL_20288		EPI_ISL_20288		
A/Lyon/1359/2006				EPI_ISL_20289		EPI_ISL_20289		
A/Lyon/10/2006				EPI_ISL_20290		EPI_ISL_20290		
A/Lyon/22/2007						EPI_ISL_20291		
A/Lyon/27/2007						EPI_ISL_20292		
A/Stockholm/16/2010						EPI_ISL_85834		
A/Moscow/13/2007						EPI_ISL_20411		
A/Moscow/17/2007						EPI_ISL_20417		
A/Moscow/24/2007						EPI_ISL_20418		
A/Vladimir/08/2007						EPI_ISL_20420		
A/Ulan_Ude/01/2007						EPI_ISL_20435		
A/Stpetersburg/87/2007						EPI_ISL_20436		
A/Khabarovsk/470/2007						EPI_ISL_20438		
A/Ivacevichi/115/2007						EPI_ISL_20508		
A/Minsk/137/2007						EPI_ISL_20510		
A/Bremen/1/2010						EPI_ISL_86049		
A/Baleares/RR6848/2010						EPI_ISL_86048		
A/Hessen/5/2010						EPI_ISL_86052		
A/Lisboa/SU17+/2010						EPI_ISL_86057		
A/Dnipropetrovsk/429/2007						EPI_ISL_20533		
A/Norway/1330/2010						EPI_ISL_86071		
A/Dnipropetrovsk/324/2007						EPI_ISL_20534		
A/Rheinland-Pfalz/7/2010						EPI_ISL_86072		
A/Khmelnitsky/1340/2010						EPI_ISL_86074		
A/Vaxjo/1/2010						EPI_ISL_86163		
A/Zagreb/1216/2007						EPI_ISL_20631		
A/Serres/77/2007						EPI_ISL_20632		
A/Sofia/319/2007						EPI_ISL_20633		
A/Andalucia/PMC-01471/2005						EPI_ISL_20369662		
A/Norway/70/2005				EPI_ISL_10489		EPI_ISL_21067		
A/Oslo/669/2002				EPI_ISL_10473		EPI_ISL_21068		
A/Norway/807/2004				EPI_ISL_10483		EPI_ISL_21069		
A/Denmark/105/2010						EPI_ISL_87245		
A/Brandenburg/01/2010						EPI_ISL_87907		
A/Brussels/S0066/2010						EPI_ISL_88017		
A/Bretagne/2248/2010						EPI_ISL_88016		
A/Galati/47519/2011						EPI_ISL_88035		
A/England/270/2010				EPI_ISL_188091		EPI_ISL_88034		
A/Hmelnizk/4175/2010				EPI_ISL_88037		EPI_ISL_88037		
A/H3N2Genoa/01/2010				EPI_ISL_88036		EPI_ISL_88036		
A/Murcia/RR6923/2010						EPI_ISL_88039		
A/Netherlands/34/2010						EPI_ISL_88040		
A/Vienna/25/2007						EPI_ISL_88209		
A/Vienna/28/2006				EPI_ISL_88211		EPI_ISL_88211		
A/Sachsen/11.03.02/2002				FJ231787.1		EPI_ISL_22701		
A/Baden-Wuerttemberg/8/2006				EPI_ISL_22743		EPI_ISL_22743		
A/Baden-Wuerttemberg/16/2006				EPI_ISL_22744		EPI_ISL_22744		
A/Baden-Wuerttemberg/17/2006				EPI_ISL_22745		EPI_ISL_22745		
A/Bayern/11/2006				EPI_ISL_22746		EPI_ISL_22746		
A/Bayern/14/2006				EPI_ISL_22747		EPI_ISL_22747		
A/Berlin/3/2006				EPI_ISL_22748		EPI_ISL_22748		
A/Berlin/5/2006				EPI_ISL_22749		EPI_ISL_22749		
A/Berlin/10/2006				EPI_ISL_22750		EPI_ISL_22750		
A/Berlin/25/2006				EPI_ISL_22751		EPI_ISL_22751		
A/Berlin/28/2006				EPI_ISL_22752		EPI_ISL_22752		
A/Berlin/30/2006				EPI_ISL_22753		EPI_ISL_22753		
A/Berlin/32/2006				EPI_ISL_22754		EPI_ISL_22754		
A/Berlin/34/2006				EPI_ISL_22755		EPI_ISL_22755		
A/Berlin/40/2006				EPI_ISL_22756		EPI_ISL_22756		
A/Hamburg/1/2006				EPI_ISL_22757		EPI_ISL_22757		
A/Mecklenburg-Vorpommern/3/2006				EPI_ISL_22758		EPI_ISL_22758		
A/Mecklenburg-Vorpommern/4/2006				EPI_ISL_22759		EPI_ISL_22759		
A/Niedersachsen/6/2006				EPI_ISL_22760		EPI_ISL_22760		
A/Niedersachsen/9/2006				EPI_ISL_22761		EPI_ISL_22761		
A/Nordrhein-Westfalen/1/2006				EPI_ISL_22762		EPI_ISL_22762		
A/Madrid/RR1911/2005						EPI_ISL_23092		
A/Madrid/RR1949/2005						EPI_ISL_23093		
A/Madrid/RR1966/2005						EPI_ISL_23094		
A/Madrid/RR1975/2005						EPI_ISL_23095		
A/England/23/2002						EPI_ISL_6314513		
A/England/25/2002						EPI_ISL_6314515		
A/England/51/2002						EPI_ISL_6314516		
A/England/88/2002						EPI_ISL_6314517		
A/England/91/2002						EPI_ISL_6314518		
A/Lyon_Chu/1575/2002						EPI_ISL_6314523		
A/Lyon_Chu/3835/2002						EPI_ISL_6314524		
A/Khabarovsk/10/2008				EPI_ISL_23311		EPI_ISL_23311		
A/Khabarovsk/41/2008				EPI_ISL_23312		EPI_ISL_23312		
A/Novosibirsk/01/2008				EPI_ISL_23315		EPI_ISL_23315		
A/Paris/0267/07						EPI_ISL_23618		
A/England/64680036/2006						EPI_ISL_89551		
A/England/560/2006				EPI_ISL_89554		EPI_ISL_89554		
A/Peloponnese.GR/4043/2010				EPI_ISL_220846		EPI_ISL_220846		
A/Athens.GR/82/2009						EPI_ISL_220845		
A/Volos.GR/32/2009						EPI_ISL_220844		
A/Malmoe/5/2010				EPI_ISL_90053		EPI_ISL_90053		
A/Malmoe/6/2010				EPI_ISL_90054		EPI_ISL_90054		
A/Umea/2/2010				EPI_ISL_90067		EPI_ISL_90067		
A/Belgium/969/2002						EPI_ISL_90092		
A/Lipetsk/14/2002						EPI_ISL_90095		
A/Thueringen/2202/2008						EPI_ISL_24703		
A/Denmark/11/2002						EPI_ISL_90569		
A/Denmark/12/2002						EPI_ISL_90570		
A/Siena/3/1988						EPI_ISL_25040		
A/Siena/4/1990						EPI_ISL_25041		
A/Siena/10/1990						EPI_ISL_25042		
A/Siena/5/1991						EPI_ISL_25043		
A/Siena/6/1991						EPI_ISL_25044		
A/Leiden/16387/2007						EPI_ISL_25047		
A/Leiden/24146/2006				EPI_ISL_25049		EPI_ISL_25049		
A/Leiden/26114/2006						EPI_ISL_25050		
A/Leiden/34299/2006						EPI_ISL_25051		
A/Leiden/18757/2006						EPI_ISL_25052		
A/Leiden/24760/2006						EPI_ISL_25053		
A/Tilburg/25648/2005						EPI_ISL_25059		
A/Tilburg/43659/2005						EPI_ISL_25060		
A/Tilburg/45223/2005						EPI_ISL_25061		
A/Leiden/49293/2005						EPI_ISL_25062		
A/Leiden/63616/2005						EPI_ISL_25063		
A/Finland/40/2010				EPI_ISL_90601		EPI_ISL_90601		
A/Leiden/68689/2005						EPI_ISL_25064		
A/England/691/2010						EPI_ISL_90600		
A/Leiden/87509/2005						EPI_ISL_25065		
A/Leiden/01272/2006						EPI_ISL_25066		
A/Lyon/1135/2010						EPI_ISL_90621		
A/Poitiers1071/2010				EPI_ISL_90640		EPI_ISL_90640		
A/Moscow/118/2008						EPI_ISL_25950		
A/Bilthoven/16190/1968						EPI_ISL_124885		
A/Bilthoven/2271/1976						EPI_ISL_124886		
A/Eindhoven/3447/1989						EPI_ISL_124891		
A/Caen/1/1984						EPI_ISL_124890		
A/England/261/1991						EPI_ISL_124892		
A/Netherlands/399/1993				CY112629.1		EPI_ISL_124897		
A/Netherlands/282/2009						EPI_ISL_124896		
A/Zaporizzya/129/09						EPI_ISL_60019		
A/Zrenjanin/580/2009						EPI_ISL_60020		
A/Luxembourg/782/2009						EPI_ISL_60022		
A/Macedonia/62.2/09						EPI_ISL_60027		
A/Luxembourg/638/2009						EPI_ISL_60029		
A/Yekaterinburg/4/2008						EPI_ISL_125863		
A/Penza/55/2008						EPI_ISL_125862		
A/Siena/1/1991						EPI_ISL_27597		
A/Siena/1/1997						EPI_ISL_27599		
A/Finland/9/2008				EPI_ISL_185396		EPI_ISL_60842		
A/Belgrade/WRAIR2956T/2010				EPI_ISL_93661		EPI_ISL_93661		
A/Belgrade/WRAIR2379N/2010				EPI_ISL_93660		EPI_ISL_93660		
A/Genoa/1/2002				EPI_ISL_28851		EPI_ISL_28851		
A/Baden-Wuerttemburg/194/2008						EPI_ISL_61701		
A/Baden-Wuerttemburg/196/2008						EPI_ISL_61702		
A/England/652/2008				EPI_ISL_185523		EPI_ISL_61705		
A/England/669/2008				EPI_ISL_188219		EPI_ISL_61706		
A/England/687/2008				EPI_ISL_186997		EPI_ISL_61707		
A/England/695/2008				EPI_ISL_185968		EPI_ISL_61708		
A/England/699/2008				EPI_ISL_184946		EPI_ISL_61709		
A/Firenze/24/08						EPI_ISL_61710		
A/Latvia/12-817/2008				EPI_ISL_186055		EPI_ISL_61712		
A/Lisboa/34/2008				EPI_ISL_185569		EPI_ISL_61714		
A/Luxembourg/1378/2008				EPI_ISL_185244		EPI_ISL_61715		
A/Norway/2235/2008				EPI_ISL_187703		EPI_ISL_61717		
A/Norway/2314/2008				EPI_ISL_185943		EPI_ISL_61718		
A/Paris/777/2008				EPI_ISL_187688		EPI_ISL_61720		
A/Paris/817/2008				EPI_ISL_186103		EPI_ISL_61721		
A/Parma/53/2008				EPI_ISL_185930		EPI_ISL_61722		
A/Poitiers/1341/2008				EPI_ISL_187990		EPI_ISL_61723		
A/Switzerland/1397477/2008				EPI_ISL_187558		EPI_ISL_61731		
A/Switzerland/1409281/2008				EPI_ISL_185628		EPI_ISL_61732		
A/Thuringen/75/2008				EPI_ISL_188206		EPI_ISL_61749		
A/Torino/14/2008				EPI_ISL_185230		EPI_ISL_61751		
A/Norway/1/2009						EPI_ISL_61756		
A/Paris/288/2008				EPI_ISL_186479		EPI_ISL_61758		
A/Aragon/RR-3438/2008				EPI_ISL_185017		EPI_ISL_61781		
A/Ulan_Ude/01/2000				EPI_ISL_127600		EPI_ISL_127600		
A/Siena/3/1995						EPI_ISL_29471		
A/Serres/17/2007						EPI_ISL_63395		
A/Sachsen/2005.03.02/2002				FJ231786.1		EPI_ISL_30880		
A/Alexandroupolis/130/2006						EPI_ISL_64020		
A/Veria/94/2006						EPI_ISL_64280		
A/Niedersachsen/59/07						EPI_ISL_18776062		
A/Baleares/RR3188/2008						EPI_ISL_32669		
A/PaisVasco/RR3194/2008						EPI_ISL_32670		
A/PaisVasco/RR3193/2008						EPI_ISL_32671		
A/Navarra/RR3335/2008						EPI_ISL_32672		
A/Madrid/G3111/2008						EPI_ISL_32673		
A/Madrid/G3112/2008						EPI_ISL_32674		
A/Navarra/RR3299/2008						EPI_ISL_32675		
A/LaRioja/RR3243/2008						EPI_ISL_32676		
A/Madrid/RR3219/2008						EPI_ISL_32677		
A/Madrid/SO6695/2008						EPI_ISL_32678		
A/Navarra/RR3300/2008						EPI_ISL_32679		
A/Navarra/RR3305/2008						EPI_ISL_32680		
A/Baleares/RR3269/2008						EPI_ISL_32681		
A/CastillaLaMancha/G3128/2008						EPI_ISL_32682		
A/CastillaLaMancha/G3131/2008						EPI_ISL_32683		
A/Navarra/RR3466/2008						EPI_ISL_32684		
A/Navarra/RR3465/2008						EPI_ISL_32685		
A/Madrid/G3129/2008						EPI_ISL_32686		
A/Madrid/G3133/2008						EPI_ISL_32687		
A/Madrid/SO6735/2008						EPI_ISL_32688		
A/Madrid/SO6728/2008						EPI_ISL_32689		
A/Navarra/RR3294/2008						EPI_ISL_32690		
A/Navarra/RR3450/2008						EPI_ISL_32691		
A/Baleares/RR3272/2008						EPI_ISL_32692		
A/Madrid/SO6749/2008						EPI_ISL_32693		
A/Madrid/SO6751/2008						EPI_ISL_32694		
A/Madrid/SO6770/2008						EPI_ISL_32695		
A/Madrid/SO6773/2008						EPI_ISL_32696		
A/Madrid/G3136/2008						EPI_ISL_32697		
A/Madrid/G3137/2008						EPI_ISL_32698		
A/Madrid/G3138/2008						EPI_ISL_32699		
A/Navarra/RR3462/2008						EPI_ISL_32700		
A/Murcia/RR3260/2008						EPI_ISL_32701		
A/Navarra/RR3296/2008						EPI_ISL_32702		
A/Navarra/RR3449/2008						EPI_ISL_32703		
A/Aragon/RR3438/2008						EPI_ISL_32704		
A/PaisVasco/RR3527/2008						EPI_ISL_32706		
A/Extremadura/RR3345/2008						EPI_ISL_32708		
A/England/225180067/2022						EPI_ISL_16810244		
A/Austria/1574229/2022						EPI_ISL_16482539		
A/England/225180079/2022						EPI_ISL_16810257		
A/Austria/1574218/2022						EPI_ISL_16482538		
A/Austria/1574217/2022						EPI_ISL_16482537		
A/Austria/1574240/2022						EPI_ISL_16482541		
A/Austria/1574237/2022						EPI_ISL_16482540		
A/England/225180080/2022						EPI_ISL_16810267		
A/Cardiff/9559/2022						EPI_ISL_17203508		
A/CastillaLaMancha/2316/2022						EPI_ISL_13795561		
A/Denmark/3606/2022						EPI_ISL_16679102		
A/Denmark/3390/2022						EPI_ISL_16679100		
A/Denmark/3576/2022						EPI_ISL_16679101		
A/Denmark/3381/2022						EPI_ISL_16679098		
A/Denmark/3384/2022						EPI_ISL_16679099		
A/Denmark/3694/2022						EPI_ISL_16679096		
A/Denmark/3370/2022						EPI_ISL_16679097		
A/Denmark/3726/2022						EPI_ISL_16679094		
A/Denmark/3729/2022						EPI_ISL_16679095		
A/Denmark/3512/2022						EPI_ISL_16679092		
A/Denmark/3526/2022						EPI_ISL_16679093		
A/Denmark/3328/2022						EPI_ISL_16679090		
A/Denmark/3480/2022						EPI_ISL_16679088		
A/Denmark/3692/2022						EPI_ISL_16679089		
A/Denmark/3468/2022						EPI_ISL_16679086		
A/Denmark/3476/2022						EPI_ISL_16679087		
A/Denmark/3535/2022						EPI_ISL_16679084		
A/Swansea/5961/2022				EPI_ISL_15368376		EPI_ISL_15368376		
A/Denmark/3539/2022				EPI_ISL_16679085		EPI_ISL_16679085		
A/Denmark/3515/2022				EPI_ISL_16679082		EPI_ISL_16679082		
A/Denmark/3522/2022				EPI_ISL_16679083		EPI_ISL_16679083		
A/Denmark/3465/2022				EPI_ISL_16679080		EPI_ISL_16679080		
A/Denmark/3504/2022				EPI_ISL_16679081		EPI_ISL_16679081		
A/Denmark/3693/2022				EPI_ISL_16679078		EPI_ISL_16679078		
A/Denmark/3331/2022				EPI_ISL_16679079		EPI_ISL_16679079		
A/Denmark/3626/2022				EPI_ISL_16679076		EPI_ISL_16679076		
A/Denmark/3627/2022				EPI_ISL_16679077		EPI_ISL_16679077		
A/Denmark/3610/2022				EPI_ISL_16679074		EPI_ISL_16679074		
A/Denmark/3640/2022				EPI_ISL_16679075		EPI_ISL_16679075		
A/Denmark/3436/2022				EPI_ISL_16679072		EPI_ISL_16679072		
A/Denmark/3460/2022				EPI_ISL_16679073		EPI_ISL_16679073		
A/Denmark/3586/2022				EPI_ISL_16679070		EPI_ISL_16679070		
A/Denmark/3434/2022				EPI_ISL_16679071		EPI_ISL_16679071		
A/Catalonia/NSGT198261038/2022				EPI_ISL_17400171		EPI_ISL_17400171		
A/Denmark/3615/2022				EPI_ISL_16679068		EPI_ISL_16679068		
A/Catalonia/NSGT198261037/2022				EPI_ISL_17400170		EPI_ISL_17400170		
A/Denmark/3556/2022				EPI_ISL_16679069		EPI_ISL_16679069		
A/Denmark/3261/2022				EPI_ISL_16679066		EPI_ISL_16679066		
A/Denmark/3263/2022				EPI_ISL_16679067		EPI_ISL_16679067		
A/Denmark/3256/2022				EPI_ISL_16679064		EPI_ISL_16679064		
A/Denmark/3260/2022				EPI_ISL_16679065		EPI_ISL_16679065		
A/Denmark/3257/2022				EPI_ISL_16679062		EPI_ISL_16679062		
A/Denmark/3255/2022				EPI_ISL_16679063		EPI_ISL_16679063		
A/Bolzano/42/2022				EPI_ISL_16679060		EPI_ISL_16679060		
A/Denmark/3258/2022				EPI_ISL_16679061		EPI_ISL_16679061		
A/England/225180081/2022				EPI_ISL_16810348		EPI_ISL_16810348		
A/Denmark/3245/2022				EPI_ISL_16679058		EPI_ISL_16679058		
A/Denmark/3241/2022				EPI_ISL_16679059		EPI_ISL_16679059		
A/Denmark/3236/2022				EPI_ISL_16679056		EPI_ISL_16679056		
A/Denmark/3228/2022				EPI_ISL_16679057		EPI_ISL_16679057		
A/Denmark/3266/2022				EPI_ISL_16679054		EPI_ISL_16679054		
A/Denmark/3247/2022				EPI_ISL_16679055		EPI_ISL_16679055		
A/Northern_Ireland/V22015088/2022				EPI_ISL_12943540		EPI_ISL_12943540		
A/Denmark/3233/2022				EPI_ISL_16679052		EPI_ISL_16679052		
A/Denmark/3203/2022				EPI_ISL_16679051		EPI_ISL_16679051		
A/Northern_Ireland/V22014094/2022				EPI_ISL_12943536		EPI_ISL_12943536		
A/England/225180868/2022				EPI_ISL_16810359		EPI_ISL_16810359		
A/Northern_Ireland/V32290637/2022				EPI_ISL_12943544		EPI_ISL_12943544		
A/Germany/13956/2022				EPI_ISL_16744573		EPI_ISL_16744573		
A/Germany/13929/2022				EPI_ISL_16744572		EPI_ISL_16744572		
A/England/225240046/2022				EPI_ISL_16810371		EPI_ISL_16810371		
A/Germany/13915/2022				EPI_ISL_16744571		EPI_ISL_16744571		
A/Germany/13912/2022				EPI_ISL_16744570		EPI_ISL_16744570		
A/Germany/13911/2022				EPI_ISL_16744569		EPI_ISL_16744569		
A/Germany/13892/2022				EPI_ISL_16744568		EPI_ISL_16744568		
A/Germany/13841/2022				EPI_ISL_16744567		EPI_ISL_16744567		
A/England/225240056/2022				EPI_ISL_16810394		EPI_ISL_16810394		
A/England/225240679/2022				EPI_ISL_16810419		EPI_ISL_16810419		
A/Parma/132/2022				EPI_ISL_16678979		EPI_ISL_16678979		
A/England/225260215/2022				EPI_ISL_16810431		EPI_ISL_16810431		
A/Parma/130/2022				EPI_ISL_16678974		EPI_ISL_16678974		
A/Milano/393/2022				EPI_ISL_16678970		EPI_ISL_16678970		
A/Milano/387/2022				EPI_ISL_16678966		EPI_ISL_16678966		
A/England/225260241/2022				EPI_ISL_16810456		EPI_ISL_16810456		
A/Castellon/CSISP-02_2332/2022				EPI_ISL_12288092		EPI_ISL_12288092		
A/England/225080654/2022						EPI_ISL_16809985		
A/England/225080659/2022						EPI_ISL_16809987		
A/England/225080663/2022						EPI_ISL_16809989		
A/Netherlands/00481/2022						EPI_ISL_12124604		
A/England/225080666/2022						EPI_ISL_16809990		
A/Burgos/23/2022						EPI_ISL_17268736		
A/England/225080671/2022						EPI_ISL_16809992		
A/England/225080675/2022						EPI_ISL_16809994		
A/England/225080692/2022						EPI_ISL_16809996		
A/Valencia/CSISP-07_2369/2022						EPI_ISL_12288438		
A/England/225100963/2022						EPI_ISL_16810000		
A/England/225100964/2022						EPI_ISL_16810002		
A/England/225100969/2022						EPI_ISL_16810003		
A/England/225100970/2022						EPI_ISL_16810004		
A/Linkoping/4/2022						EPI_ISL_9208217		
A/Norway/06798/2024						EPI_ISL_19497257		
A/Norway/06796/2024						EPI_ISL_19497256		
A/Norway/06858/2024						EPI_ISL_19497258		
A/Norway/06884/2024						EPI_ISL_19497272		
A/Norway/07217/2024						EPI_ISL_19497275		
A/Norway/07228/2024						EPI_ISL_19497278		
A/Norway/07066/2024						EPI_ISL_19497270		
A/France/GES-RELAB-IPP11890/2024						EPI_ISL_19529985		
A/Norway/07225/2024						EPI_ISL_19497281		
A/Galicia/21422334394/2023						EPI_ISL_18776479		
A/Galicia/21422333119/2023						EPI_ISL_18776475		
A/Galicia/21422316616/2023						EPI_ISL_18776464		
A/Galicia/21422300922/2023						EPI_ISL_18776462		
A/Galicia/21422299292/2023						EPI_ISL_18776461		
A/Galicia/21422299010/2023						EPI_ISL_18776454		
A/Galicia/21422276919/2023						EPI_ISL_18776453		
A/Galicia/21422270305/2023						EPI_ISL_18776450		
A/Galicia/21422276093/2023						EPI_ISL_18776451		
A/Galicia/21422340262/2023						EPI_ISL_18776503		
A/Galicia/21422339193/2023						EPI_ISL_18776498		
A/Galicia/21422339069/2023						EPI_ISL_18776495		
A/Galicia/21422334669/2023						EPI_ISL_18776482		
A/Galicia/21435729684/2023						EPI_ISL_18776542		
A/Galicia/21435725432/2023						EPI_ISL_18776539		
A/Galicia/21435721606/2023						EPI_ISL_18776535		
A/Galicia/21435716437/2023						EPI_ISL_18776529		
A/Galicia/21435711862/2023						EPI_ISL_18776523		
A/Galicia/21435685438/2023						EPI_ISL_18776518		
A/Galicia/21435660468/2023						EPI_ISL_18776515		
A/Galicia/21435610874/2023						EPI_ISL_18776513		
A/Khabarovsk/7/2023						EPI_ISL_18809343		
A/Galicia/21452225652/2023						EPI_ISL_18776574		
A/Khabarovsk/6/2023						EPI_ISL_18809342		
A/Khabarovsk/5/2023						EPI_ISL_18809341		
A/Khabarovsk/4/2023						EPI_ISL_18809340		
A/Khabarovsk/3/2023						EPI_ISL_18809339		
A/Khabarovsk/2/2023						EPI_ISL_18809338		
A/Galicia/21452225633/2023						EPI_ISL_18776564		
A/Hungary/204/2023						EPI_ISL_18842089		
A/Galicia/21452202145/2023						EPI_ISL_18776552		
A/Galicia/21435734239/2023						EPI_ISL_18776548		
A/France/ARA-HCL023054446701/2023						EPI_ISL_17694735		
A/Hungary/202/2023						EPI_ISL_18841629		
A/Moldova/39680/2024						EPI_ISL_19857450		
A/Moldova/39690/2024						EPI_ISL_19857448		
A/Albania/309596/2024						EPI_ISL_19857446		
A/Albania/309790/2024						EPI_ISL_19857444		
A/Moldova/39689/2024						EPI_ISL_19857443		
A/Ukraine/2781/2025						EPI_ISL_19234857		
A/Ukraine/2777/2024						EPI_ISL_19234856		
A/France/ARA-HCL123004664701/2023						EPI_ISL_17694750		
A/France/ARA-HCL123005905001/2023						EPI_ISL_17694754		
A/Athens/ILI1563/2024						EPI_ISL_20152350		
A/Albania/309748/2024						EPI_ISL_19857439		
A/Poland/PL16/2024						EPI_ISL_19857433		
A/Netherlands/01809/2024						EPI_ISL_19529838		
A/Netherlands/01810/2024						EPI_ISL_19529839		
A/Netherlands/01807/2024						EPI_ISL_19529836		
A/Netherlands/01808/2024						EPI_ISL_19529837		
A/Netherlands/01813/2024						EPI_ISL_19529842		
A/Netherlands/01814/2024						EPI_ISL_19529843		
A/Netherlands/01811/2024						EPI_ISL_19529840		
A/Netherlands/01812/2024						EPI_ISL_19529841		
A/Netherlands/01818/2024						EPI_ISL_19529845		
A/ROMANIA/545668/2023						EPI_ISL_17072305		
A/ROMANIA/545826/2023						EPI_ISL_17072307		
A/Netherlands/10636/2024						EPI_ISL_19464337		
A/Netherlands/10635/2024						EPI_ISL_19464339		
A/Netherlands/10633/2024						EPI_ISL_19464338		
A/Netherlands/10641/2024						EPI_ISL_19464341		
A/ROMANIA/545878/2023						EPI_ISL_17072313		
A/Norway/07659/2024						EPI_ISL_19529966		
A/Norway/07762/2024						EPI_ISL_19529955		
A/France/GES-RELAB-IPP11796/2024						EPI_ISL_19529980		
A/Norway/07314/2024						EPI_ISL_19529935		
A/Norway/07550/2024						EPI_ISL_19529946		
A/Norway/07341/2024						EPI_ISL_19529950		
A/Norway/07263/2024						EPI_ISL_19529948		
A/Netherlands/01651/2023				EPI_ISL_18219232		EPI_ISL_18219232		
A/Netherlands/01654/2023				EPI_ISL_18219233		EPI_ISL_18219233		
A/Norway/07790/2024						EPI_ISL_19529939		
A/Norway/07648/2024						EPI_ISL_19529942		
A/Norway/07806/2024						EPI_ISL_19529943		
A/Hungary/1/2024				EPI_ISL_18842394		EPI_ISL_18842394		
A/Galicia/GA-CHUAC-147/2024						EPI_ISL_19530530		
A/Galicia/GA-CHUAC-148/2024						EPI_ISL_19530531		
A/Austria/1687693/2024						EPI_ISL_19006219		
A/Austria/1690166/2024						EPI_ISL_19006222		
A/Austria/1690167/2024						EPI_ISL_19006223		
A/Austria/1688063/2024						EPI_ISL_19006220		
A/Austria/1688070/2024				EPI_ISL_19006221		EPI_ISL_19006221		
A/Austria/1695427/2024				EPI_ISL_19006226		EPI_ISL_19006226		
A/Austria/1696069/2024				EPI_ISL_19006227		EPI_ISL_19006227		
A/Clynderwen/3102/2023				EPI_ISL_18613037		EPI_ISL_18613037		
A/Austria/1692096/2024				EPI_ISL_19006224		EPI_ISL_19006224		
A/Austria/1692963/2024				EPI_ISL_19006225		EPI_ISL_19006225		
A/Austria/1697487/2024				EPI_ISL_19006228		EPI_ISL_19006228		
A/Austria/1697935/2024				EPI_ISL_19006229		EPI_ISL_19006229		
A/England/4700135/2024				EPI_ISL_19596136		EPI_ISL_19596136		
A/England/4700127/2024				EPI_ISL_19596135		EPI_ISL_19596135		
A/Austria/1686271/2024				EPI_ISL_19006316		EPI_ISL_19006316		
A/Rostov/CRIE/563L/2024				EPI_ISL_19006317		EPI_ISL_19006317		
A/Austria/1687673/2024				EPI_ISL_19006330		EPI_ISL_19006330		
A/England/4720117/2024				EPI_ISL_19596146		EPI_ISL_19596146		
A/England/4620224/2024				EPI_ISL_19596122		EPI_ISL_19596122		
A/England/4600246/2024				EPI_ISL_19596114		EPI_ISL_19596114		
A/England/4600243/2024				EPI_ISL_19596112		EPI_ISL_19596112		
A/Belgium/H0111/2024				EPI_ISL_19465136		EPI_ISL_19465136		
A/Catalonia/NSJO531029249/2024				EPI_ISL_19661813		EPI_ISL_19661813		
A/Catalonia/NSJO531029245/2024				EPI_ISL_19661814		EPI_ISL_19661814		
A/Novosibirsk/RII-7.351/2024				EPI_ISL_19268604		EPI_ISL_19268604		
A/Novosibirsk/RII-7.352/2024				EPI_ISL_19268605		EPI_ISL_19268605		
A/Novosibirsk/RII-7.343/2024				EPI_ISL_19268603		EPI_ISL_19268603		
A/Belgium/H0112/2024				EPI_ISL_19465152		EPI_ISL_19465152		
A/Astrakhan/CRIE/543/2022				EPI_ISL_16810990		EPI_ISL_16810990		
A/Netherlands/02067/2024				EPI_ISL_19661359		EPI_ISL_19661359		
A/Netherlands/10111/2024				EPI_ISL_18842139		EPI_ISL_18842139		
A/Netherlands/10110/2024				EPI_ISL_18842138		EPI_ISL_18842138		
A/Netherlands/10104/2024				EPI_ISL_18842135		EPI_ISL_18842135		
A/Netherlands/10102/2024				EPI_ISL_18842133		EPI_ISL_18842133		
A/Netherlands/10101/2024				EPI_ISL_18842132		EPI_ISL_18842132		
A/Khabarovsk/32/2023				EPI_ISL_18809363		EPI_ISL_18809363		
A/Khabarovsk/31/2023				EPI_ISL_18809362		EPI_ISL_18809362		
A/Khabarovsk/30/2023				EPI_ISL_18809361		EPI_ISL_18809361		
A/Netherlands/10098/2024				EPI_ISL_18842128		EPI_ISL_18842128		
A/Khabarovsk/29/2023				EPI_ISL_18809360		EPI_ISL_18809360		
A/Netherlands/02093/2024				EPI_ISL_19661372		EPI_ISL_19661372		
A/Khabarovsk/26/2023				EPI_ISL_18809359		EPI_ISL_18809359		
A/Khabarovsk/25/2023				EPI_ISL_18809358		EPI_ISL_18809358		
A/Netherlands/10094/2024				EPI_ISL_18842125		EPI_ISL_18842125		
A/Khabarovsk/24/2023				EPI_ISL_18809357		EPI_ISL_18809357		
A/Khabarovsk/23/2023				EPI_ISL_18809356		EPI_ISL_18809356		
A/Netherlands/10091/2024				EPI_ISL_18842123		EPI_ISL_18842123		
A/Khabarovsk/22/2023				EPI_ISL_18809355		EPI_ISL_18809355		
A/Netherlands/10060/2024				EPI_ISL_18842122		EPI_ISL_18842122		
A/Khabarovsk/20/2023				EPI_ISL_18809354		EPI_ISL_18809354		
A/Netherlands/02089/2024				EPI_ISL_19661370		EPI_ISL_19661370		
A/Khabarovsk/19/2023				EPI_ISL_18809353		EPI_ISL_18809353		
A/Khabarovsk/18/2023				EPI_ISL_18809352		EPI_ISL_18809352		
A/Khabarovsk/17/2023				EPI_ISL_18809351		EPI_ISL_18809351		
A/Khabarovsk/16/2023				EPI_ISL_18809350		EPI_ISL_18809350		
A/Khabarovsk/15/2023				EPI_ISL_18809349		EPI_ISL_18809349		
A/Khabarovsk/14/2023				EPI_ISL_18809348		EPI_ISL_18809348		
A/Netherlands/02068/2024				EPI_ISL_19661360		EPI_ISL_19661360		
A/Khabarovsk/13/2023				EPI_ISL_18809347		EPI_ISL_18809347		
A/Khabarovsk/11/2023				EPI_ISL_18809346		EPI_ISL_18809346		
A/Khabarovsk/10/2023				EPI_ISL_18809345		EPI_ISL_18809345		
A/Khabarovsk/8/2023				EPI_ISL_18809344		EPI_ISL_18809344		
A/Galicia/21452225668/2023				EPI_ISL_18776577		EPI_ISL_18776577		
A/Curacao/10089/2024				EPI_ISL_18842168		EPI_ISL_18842168		
A/Hungary/206/2023				EPI_ISL_18842165		EPI_ISL_18842165		
A/Curacao/10082/2024				EPI_ISL_18842163		EPI_ISL_18842163		
A/Curacao/10668/2023				EPI_ISL_18842157		EPI_ISL_18842157		
A/St.Petersburg/CRIE/37/2023				EPI_ISL_18514472		EPI_ISL_18514472		
A/Netherlands/10543/2023				EPI_ISL_18285093		EPI_ISL_18285093		
A/St.Petersburg/CRIE/38/2023				EPI_ISL_18514473		EPI_ISL_18514473		
A/Belgium/H0105/2024				EPI_ISL_19464733		EPI_ISL_19464733		
A/Curacao/10080/2024				EPI_ISL_18842155		EPI_ISL_18842155		
A/Netherlands/10541/2023				EPI_ISL_18285091		EPI_ISL_18285091		
A/Netherlands/10126/2024				EPI_ISL_18842153		EPI_ISL_18842153		
A/Netherlands/10538/2023				EPI_ISL_18285088		EPI_ISL_18285088		
A/Netherlands/10123/2024				EPI_ISL_18842150		EPI_ISL_18842150		
A/Denmark/2819/2024				EPI_ISL_19759633		EPI_ISL_19759633		
A/Netherlands/10120/2024				EPI_ISL_18842147		EPI_ISL_18842147		
A/St.Petersburg/CRIE/35/2023				EPI_ISL_18514470		EPI_ISL_18514470		
A/ComunidadValenciana/1678/2024				EPI_ISL_19300975		EPI_ISL_19300975		
A/Ceuta/1663/2024				EPI_ISL_19300973		EPI_ISL_19300973		
A/Netherlands/10075/2024				EPI_ISL_18842192		EPI_ISL_18842192		
A/Netherlands/10073/2024				EPI_ISL_18842191		EPI_ISL_18842191		
A/Netherlands/10071/2024				EPI_ISL_18842189		EPI_ISL_18842189		
A/Murcia/1688/2024				EPI_ISL_19300977		EPI_ISL_19300977		
A/Curacao/10195/2024				EPI_ISL_18842180		EPI_ISL_18842180		
A/Curacao/10193/2024				EPI_ISL_18842178		EPI_ISL_18842178		
A/Curacao/10187/2024				EPI_ISL_18842176		EPI_ISL_18842176		
A/Netherlands/02110/2024				EPI_ISL_19661384		EPI_ISL_19661384		
A/Netherlands/02115/2024				EPI_ISL_19661386		EPI_ISL_19661386		
A/Belgium/S03252/2023				EPI_ISL_18612907		EPI_ISL_18612907		
A/Tula/CRIE/586/2023				EPI_ISL_19071687		EPI_ISL_19071687		
A/Catalonia/NSVH198264298/2023				EPI_ISL_16647418		EPI_ISL_16647418		
A/Catalonia/NSVH198264300/2023				EPI_ISL_16647400		EPI_ISL_16647400		
A/Catalonia/NSVH102212583/2023				EPI_ISL_19006783		EPI_ISL_19006783		
A/Krasnogorsk/RII-MH158632S/2023				EPI_ISL_18679097		EPI_ISL_18679097		
A/Catalonia/NSVH198264301/2023				EPI_ISL_16647386		EPI_ISL_16647386		
A/Romania/3433/2023				EPI_ISL_18810170		EPI_ISL_18810170		
A/Catalonia/NSVH198264303/2023				EPI_ISL_16647370		EPI_ISL_16647370		
A/Norway/03637/2023				EPI_ISL_17433932		EPI_ISL_17433932		
A/Catalonia/NSVH198264305/2023				EPI_ISL_16647353		EPI_ISL_16647353		
A/Norway/03821/2023				EPI_ISL_17433945		EPI_ISL_17433945		
A/Norway/03423/2023				EPI_ISL_17433948		EPI_ISL_17433948		
A/Norway/03563/2023				EPI_ISL_17433949		EPI_ISL_17433949		
A/Norway/03872/2023				EPI_ISL_17433938		EPI_ISL_17433938		
A/Norway/03788/2023				EPI_ISL_17433943		EPI_ISL_17433943		
A/Catalonia/NSVH102240205/2023				EPI_ISL_19006788		EPI_ISL_19006788		
A/Catalonia/NSVH102240257/2023				EPI_ISL_19006789		EPI_ISL_19006789		
A/Norway/03576/2023				EPI_ISL_17433952		EPI_ISL_17433952		
A/Norway/03698/2023				EPI_ISL_17433958		EPI_ISL_17433958		
A/Catalonia/NSVH198264336/2023				EPI_ISL_16647314		EPI_ISL_16647314		
A/Norway/03049/2023				EPI_ISL_17433959		EPI_ISL_17433959		
A/Aberdare/5912/2023				EPI_ISL_18613607		EPI_ISL_18613607		
A/Catalonia/NSVH199824317/2023				EPI_ISL_16647296		EPI_ISL_16647296		
A/Athens/SENT11220/2025						EPI_ISL_20152694		
A/Norway/08705/2025						EPI_ISL_20152699		
A/Norway/08677/2025						EPI_ISL_20152698		
A/Norway/08647/2025						EPI_ISL_20152697		
A/Norway/08841/2025						EPI_ISL_20152703		
A/Norway/08826/2025						EPI_ISL_20152702		
A/Norway/08771/2025						EPI_ISL_20152701		
A/Norway/08765/2025						EPI_ISL_20152700		
A/Ukraine/3474/2025						EPI_ISL_19792216		
A/Belgium/S9919/2025						EPI_ISL_20316598		
A/Saint-Peterburg/RII-MH266496S/2025						EPI_ISL_20283829		
A/Saint-Peterburg/RII-MH266494S/2025						EPI_ISL_20283828		
A/Saint-Peterburg/RII-MH266506S/2025						EPI_ISL_20283831		
A/Saint-Peterburg/RII-MH266498S/2025						EPI_ISL_20283830		
A/Belgium/S9834/2025						EPI_ISL_20316594		
A/Saint-Peterburg/RII-MH266485S/2025						EPI_ISL_20283825		
A/Saint-Peterburg/RII-MH266483S/2025						EPI_ISL_20283824		
A/Romania_IS/607335/2025						EPI_ISL_20316592		
A/Saint-Peterburg/RII-MH266491S/2025						EPI_ISL_20283827		
A/Belgium/S9829/2025						EPI_ISL_20316593		
A/Saint-Peterburg/RII-MH266488S/2025						EPI_ISL_20283826		
A/France/IDF-IPP09009/2025						EPI_ISL_20349374		
A/Moscow/RII-01/2025						EPI_ISL_20283837		
A/Saint-Peterburg/RII-330/2025						EPI_ISL_20283836		
A/Romania_IS/607337/2025						EPI_ISL_20316607		
A/France/BRE-IPP09019/2025						EPI_ISL_20349375		
A/France/BRE-IPP08533/2025						EPI_ISL_20349372		
A/Saint-Peterburg/RII-334/2025						EPI_ISL_20283839		
A/Saint-Peterburg/RII-331/2025						EPI_ISL_20283838		
A/Saint-Peterburg/RII-MH266509S/2025						EPI_ISL_20283833		
A/Saint-Peterburg/RII-MH266508S/2025						EPI_ISL_20283832		
A/Saint-Peterburg/RII-MH266588S/2025						EPI_ISL_20283834		
A/Belgium/S0030/2025						EPI_ISL_20316601		
A/Krasnogorsk/RII-MH266439S/2025						EPI_ISL_20283813		
A/Romania_IS/607329/2025						EPI_ISL_20316582		
A/Romania_IS/607331/2025						EPI_ISL_20316583		
A/Krasnogorsk/RII-MH266436S/2025						EPI_ISL_20283812		
A/Krasnogorsk/RII-MH266443S/2025						EPI_ISL_20283815		
A/Krasnogorsk/RII-MH266442S/2025						EPI_ISL_20283814		
A/Romania_IS/607326/2025						EPI_ISL_20316578		
A/Saint-Peterburg/RII-MH266385S/2025						EPI_ISL_20283809		
A/Saint-Peterburg/RII-MH266384S/2025						EPI_ISL_20283808		
A/Romania_IS/607328/2025						EPI_ISL_20316579		
A/Saint-Peterburg/RII-MH266391S/2025						EPI_ISL_20283811		
A/Romania_BB/607253/2025						EPI_ISL_20316576		
A/Romania_IS/607325/2025						EPI_ISL_20316577		
A/Saint-Peterburg/RII-MH266387S/2025						EPI_ISL_20283810		
A/Saint-Peterburg/RII-MH266463S/2025						EPI_ISL_20283821		
A/Belgium/S9788/2025						EPI_ISL_20316591		
A/Saint-Peterburg/RII-MH266452S/2025						EPI_ISL_20283820		
A/Belgium/S9756/2025				EPI_ISL_20316588		EPI_ISL_20316588		
A/Saint-Peterburg/RII-MH266482S/2025				EPI_ISL_20283823		EPI_ISL_20283823		
A/Belgium/S9760/2025				EPI_ISL_20316589		EPI_ISL_20316589		
A/Saint-Peterburg/RII-MH266480S/2025				EPI_ISL_20283822		EPI_ISL_20283822		
A/Belgium/G0966/2025				EPI_ISL_20316586		EPI_ISL_20316586		
A/Krasnogorsk/RII-MH266445S/2025				EPI_ISL_20283817		EPI_ISL_20283817		
A/Krasnogorsk/RII-MH266444S/2025				EPI_ISL_20283816		EPI_ISL_20283816		
A/Romania_IS/607333/2025				EPI_ISL_20316584		EPI_ISL_20316584		
A/Saint-Peterburg/RII-MH266450S/2025				EPI_ISL_20283819		EPI_ISL_20283819		
A/Romania_IS/607334/2025				EPI_ISL_20316585		EPI_ISL_20316585		
A/Krasnogorsk/RII-MH266447S/2025				EPI_ISL_20283818		EPI_ISL_20283818		
A/Romania_BB/607597/2025				EPI_ISL_20316566		EPI_ISL_20316566		
A/Saint-Peterburg/RII-MH266209S/2025				EPI_ISL_20283797		EPI_ISL_20283797		
A/Saint-Peterburg/RII-MH266207S/2025				EPI_ISL_20283796		EPI_ISL_20283796		
A/Romania_BB/607069/2025				EPI_ISL_20316567		EPI_ISL_20316567		
A/Romania_GL/606829/2025				EPI_ISL_20316564		EPI_ISL_20316564		
A/Saint-Peterburg/RII-MH266212S/2025				EPI_ISL_20283799		EPI_ISL_20283799		
A/Andalucia/PMC-01072/2025				EPI_ISL_20218262		EPI_ISL_20218262		
A/Romania_BB/606959/2025				EPI_ISL_20316565		EPI_ISL_20316565		
A/Saint-Peterburg/RII-MH266210S/2025				EPI_ISL_20283798		EPI_ISL_20283798		
A/Romania_CL/606791/2025				EPI_ISL_20316562		EPI_ISL_20316562		
A/Saint-Peterburg/RII-MH266195S/2025				EPI_ISL_20283793		EPI_ISL_20283793		
A/Romania_GL/606828/2025				EPI_ISL_20316563		EPI_ISL_20316563		
A/Saint-Peterburg/RII-MH266189S/2025				EPI_ISL_20283792		EPI_ISL_20283792		
A/Saint-Peterburg/RII-MH266202S/2025				EPI_ISL_20283795		EPI_ISL_20283795		
A/Saint-Peterburg/RII-MH266199S/2025				EPI_ISL_20283794		EPI_ISL_20283794		
A/Romania_BB/607156/2025				EPI_ISL_20316574		EPI_ISL_20316574		
A/Saint-Peterburg/RII-MH266374S/2025				EPI_ISL_20283805		EPI_ISL_20283805		
A/Romania_GL/607199/2025				EPI_ISL_20316575		EPI_ISL_20316575		
A/Saint-Peterburg/RII-MH266373S/2025				EPI_ISL_20283804		EPI_ISL_20283804		
A/Romania_AR/607142/2025				EPI_ISL_20316572		EPI_ISL_20316572		
A/Saint-Peterburg/RII-MH266382S/2025				EPI_ISL_20283807		EPI_ISL_20283807		
A/Romania_AR/607145/2025				EPI_ISL_20316573		EPI_ISL_20316573		
A/Saint-Peterburg/RII-MH266379S/2025				EPI_ISL_20283806		EPI_ISL_20283806		
A/Asturias/232586880/2025				EPI_ISL_20316570		EPI_ISL_20316570		
A/Saint-Peterburg/RII-MH266364S/2025				EPI_ISL_20283801		EPI_ISL_20283801		
A/Asturias/232586688/2025				EPI_ISL_20316571		EPI_ISL_20316571		
A/Saint-Peterburg/RII-MH266214S/2025				EPI_ISL_20283800		EPI_ISL_20283800		
A/Romania_BB/607073/2025				EPI_ISL_20316568		EPI_ISL_20316568		
A/Saint-Peterburg/RII-MH266367S/2025				EPI_ISL_20283803		EPI_ISL_20283803		
A/Asturias/232586673/2025				EPI_ISL_20316569		EPI_ISL_20316569		
A/Saint-Peterburg/RII-MH266365S/2025				EPI_ISL_20283802		EPI_ISL_20283802		
A/Lisboa/1122/2025				EPI_ISL_20382087		EPI_ISL_20382087		
A/Saint-Peterburg/RII-MH266148S/2025				EPI_ISL_20283781		EPI_ISL_20283781		
A/Lisboa/1121/2025				EPI_ISL_20382086		EPI_ISL_20382086		
A/Saint-Peterburg/RII-MH266147S/2025				EPI_ISL_20283780		EPI_ISL_20283780		
A/Lisboa/1120/2025				EPI_ISL_20382085		EPI_ISL_20382085		
A/Saint-Peterburg/RII-MH266150S/2025				EPI_ISL_20283783		EPI_ISL_20283783		
A/Lisboa/1119/2025				EPI_ISL_20382084		EPI_ISL_20382084		
A/Saint-Peterburg/RII-MH266149S/2025				EPI_ISL_20283782		EPI_ISL_20283782		
A/Paris/1827/98				EPI347390				
A/England/565/2008				EPI357129				
A/England/556/2008				EPI357127				
A/Denmark/56/2003				EPI509892				
A/Switzerland/5389/95				EPI8986				
A/Moscow/7/2003				EPI347398				
A/Iceland/125/2003				EPI509895				
A/Iceland/46/2003				EPI509896				
A/Ulan-Ude/209/98				EPI347400				
A/Switzerland/3485/2003				EPI509893				
A/Iceland/124/2003				EPI509894				
A/Latvia/3286/2003				EPI509899				
A/Netherlands/02/2003				EPI509900				
A/Lyon/576/2003				EPI509898				
A/Oslo/3389/2003				EPI509903				
A/Paris/650/2003				EPI509904				
A/Oslo/149/2003				EPI509901				
A/Oslo/2218/2003				EPI509902				
A/Segovia/17/2003				EPI509907				
A/Slovakia/256/2003				EPI509908				
A/Poitiers/2168/2003				EPI509905				
A/Prague/9/2003				EPI509906				
A/Hamburg/1/2005				EPI607396				
A/Geneva/3762/2003				EPI509911				
A/Umea/3/2003				EPI509909				
A/Denmark/50/2003				EPI509910				
A/Niedersachsen/5/2006				EPI607405				
A/Ireland/3288/2002				EPI509916				
A/Finland/131/2002				EPI509913				
A/Ireland/649/2002				EPI509917				
A/Khabarovsk/60/2002				EPI509923				
A/Khabarovsk/65/2002				EPI509924				
A/Kalingrad/2187/2002				EPI509922				
A/Lyon/1541/2002				EPI509927				
A/Lyon/1723/2002				EPI509928				
A/Norway/1735/2007				EPI357156				
A/Latvia/686/2002				EPI509925				
A/Latvia/688/2002				EPI509926				
A/Navarra/RR1252/2002				EPI509931				
A/Sachsen/32/2002				EPI509932				
A/Madrid/G1216/2002				EPI509929				
A/Montpellier/1120/2002				EPI509930				
A/Paris/577/2007				EPI607425				
A/Denmark/6/2001				EPI510005				
A/Greece/158/2001				EPI510006				
A/Denmark/17/2001				EPI510003				
A/Denmark/40/2001				EPI510004				
A/Hannover/71/2001				EPI510009				
A/Greece/204/2001				EPI510007				
A/Iceland/57/2001				EPI510013				
A/Iceland/01/2001				EPI510012				
A/Lisbon/32/2001				EPI510017				
A/Lisbon/44/2001				EPI510018				
A/Latvia/2524/2001				EPI510015				
A/Latvia/4395/2001				EPI510016				
A/Lyon/712/2001				EPI510021				
A/Lyon/9/2001				EPI510022				
A/Lisbon/49/2001				EPI510019				
A/Lyon/103/2001				EPI510020				
A/Moscow/8/2001				EPI510025				
A/Parma/10/2001				EPI510026				
A/Madrid/G1082/2001				EPI510023				
A/Oslo/847/2001				EPI607473				
A/Prague/114/2001				EPI510029				
A/Perugia/13/2001				EPI510027				
A/Poland/W1/2001				EPI510028				
A/St._Petersburg/11/2001				EPI510033				
A/Switzerland/5684/2001				EPI510034				
A/Stockholm/10/2001				EPI510031				
A/Stockholm/8/2001				EPI510032				
A/Zagreb/2980/2001				EPI510037				
A/PaisVasco/RR3174/2008				EPI187162				
A/Baleares/RR3205/2008				EPI187163				
A/Switzerland/5773/2001				EPI510035				
A/Aragon/RR3207/2008				EPI187164				
A/Trieste/21/2001				EPI510036				
A/Luxembourg/1344/2008				EPI229438				
A/Baleares/RR3210/2008				EPI187165				
A/Finland/768/2000				EPI510041				
A/Aragon/RR3217/2008				EPI187166				
A/Denmark/40/2000				EPI510039				
A/England/192/2000				EPI510040				
A/Genoa/130/2000				EPI510043				
A/Hannover/92/2000				EPI510044				
A/Lisbon/30/2000				EPI510053				
A/Lisbon/5/2000				EPI510054				
A/Iceland/25/2000				EPI510051				
A/Vienna/414/2007				EPI164600				
A/Norway/1687/2007				EPI607497				
A/Madrid/RR608/2000				EPI510056				
A/Salamanca/RR661/2000				EPI510061				
A/Netherlands/307/2000				EPI510060				
A/Toulouse/757/2000				EPI510065				
A/Umea/1/2000				EPI510066				
A/Segovia/9/2000				EPI510063				
A/Romania/493/2005				EPI607514				
A/Berlin/18/2005				EPI182427				
A/Berlin/60/2005				EPI182428				
A/Bremen/4/2005				EPI182429				
A/Bremen/5/2005				EPI182430				
A/Hessen/4/2005				EPI182432				
A/Niedersachsen/191/2005				EPI182433				
A/Niedersachsen/192/2005				EPI182434				
A/Niedersachsen/202/2005				EPI182435				
A/Niedersachsen/217/2005				EPI182436				
A/Niedersachsen/218/2005				EPI182437				
A/Nordrhein-Westfalen/6/2005				EPI182438				
A/Rheinland-Pfalz/58/2005				EPI182439				
A/Sachsen/14/2005				EPI182440				
A/Thueringen/40/2005				EPI182441				
A/Baden-Wuerttemberg/3/2006				EPI182442				
A/Baden-Wuerttemberg/4/2006				EPI182443				
A/Leiden/07211/2008				EPI173719				
A/Baden-Wuerttemberg/5/2006				EPI182444				
A/Leiden/10320/2008				EPI173720				
A/Berlin/6/2006				EPI182445				
A/Leiden/11729/2008				EPI173721				
A/Berlin/9/2006				EPI182446				
A/NL/365/2007				EPI173723				
A/Berlin/13/2006				EPI182447				
A/Paris/719/2007				EPI535217				
A/Brandenburg/1/2006				EPI182448				
A/Paris/869/2007				EPI535225				
A/Niedersachsen/4/2006				EPI182449				
A/Paris/194/2007				EPI535210				
A/Rheinland-Pfalz/1/2006				EPI182451				
A/Paris/980/2008				EPI535249				
A/Paris/1042/2008				EPI535257				
A/Volos/106/2008				EPI151782				
A/Paris/860/2008				EPI535233				
A/Volos/108/2008				EPI151783				
A/Paris/933/2008				EPI535241				
A/Paris/684/2007				EPI535281				
A/Lisbon/2/2008				EPI151785				
A/Paris/832/2007				EPI535288				
A/Paris/1084/2008				EPI535265				
A/Finland/3/2007				EPI151787				
A/Paris/1149/2008				EPI535273				
A/Finland/4/2007				EPI151788				
A/Paris/1940/2008				EPI535309				
A/Lyon/1337/07				EPI151789				
A/Paris/341/2007				EPI535317				
A/Lisbon/1/2008				EPI151790				
A/Paris/1164/2008				EPI535295				
A/Paris/1207/2008				EPI535302				
A/Athens/69/2008				EPI151792				
A/Norway/171/2008				EPI607559				
A/Paris/867/2007				EPI535341				
A/Paris/1054/2008				EPI535349				
A/Barcelona/00324/2008				EPI151794				
A/Paris/698/2007				EPI535325				
A/Belgium/G257/08				EPI151795				
A/Paris/857/2007				EPI535333				
A/Berlin/1/08				EPI151796				
A/Paris/1212/2008				EPI535373				
A/Paris/224/2008				EPI535381				
A/Norway/109/2008				EPI151798				
A/Paris/1170/2008				EPI535357				
A/Norway/12/2008				EPI151799				
A/Paris/1154/2008				EPI535365				
A/Norway/13/2008				EPI151800				
A/Norway/14/2008				EPI151801				
A/Paris/639/2008				EPI535413				
A/Norway/30/2008				EPI151802				
A/Stockholm/26/1990				EPI129086				
A/Paris/816/2008				EPI535389				
A/Norway/50/2008				EPI151803				
A/Norway/58/2008				EPI151804				
A/Czechoslovakia/2/1988				EPI129090				
A/Sachsen/1/08				EPI151805				
A/France/6908/1989				EPI129092				
A/Norway/90/2008				EPI151806				
A/Norway/59/2008				EPI151807				
A/Norway/38/2008				EPI151808				
A/France/15/1988				EPI129098				
A/Lesvos/103/2008				EPI151809				
A/Norway/1747/2007				EPI151825				
A/Czechoslovakia/2/1989				EPI129116				
A/Norway/1745/2007				EPI151826				
A/Norway/1736/2007				EPI151828				
A/Finland/158/1991				EPI129128				
A/Norway/1731/2007				EPI151830				
A/Norway/1730/2007				EPI151831				
A/Norway/1729/2007				EPI151832				
A/Norway/1701/2007				EPI151833				
A/Norway/1684/2007				EPI151835				
A/Norway/1651/2007				EPI151836				
A/Norway/1630/2007				EPI151837				
A/Norway/1629/2007				EPI151838				
A/Latvia/16818/2007				EPI151839				
A/Rheinlandpfalz/64/07				EPI151841				
A/Latvia/16678/2007				EPI151843				
A/Leningrad/109/1991				EPI129229				
A/Leningrad/133/1991				EPI129231				
A/Vilnus/48/1991				EPI129233				
A/Finland/42/1986				EPI129235				
A/Finland/44/1978				EPI129237				
A/Finland/45/1987				EPI129239				
A/Finland/53/1987				EPI129241				
A/Finland/70/1988				EPI129243				
A/Finland/92/1978				EPI129245				
A/Finland/1/1982				EPI129247				
A/Finland/1/1984				EPI129249				
A/Finland/4/1984				EPI129251				
A/Finland/5/1984				EPI129253				
A/Finland/9/1984				EPI129255				
A/Netherland/813/1991				EPI129259				
A/Groningen/9938/1991				EPI129261				
A/Groningen/9939/1991				EPI129263				
A/Finland/154/1991				EPI129265				
A/Finland/160/1991				EPI129267				
A/Finland/164/1991				EPI129269				
A/Finland/188/1991				EPI129271				
A/Finland/196/1991				EPI129273				
A/Finland/72/1988				EPI129275				
A/Finland/73/1988				EPI129277				
A/Finland/74/1988				EPI129279				
A/Finland/75/1988				EPI129281				
A/Finland/91/1989				EPI129283				
A/Finland/20/1978				EPI129285				
A/Umea/2/1991				EPI129287				
A/Finland/168/1991				EPI129289				
A/Milan/25/2007				EPI182836				
A/Milan/26/2007				EPI182837				
A/Milan/27/2007				EPI182838				
A/Milan/28/2007				EPI182839				
A/Ostrava/801/1998				EPI381710				
A/Moscow/13/1998				EPI381702				
A/Russia/2187/2002				EPI381782				
A/Paris/644/2007				EPI160276				
A/Paris/2207/2006				EPI160296				
A/Caen/1670/2006				EPI160295				
A/Paris/497/2007				EPI160282				
A/Caen/1951/2006				EPI160286				
A/Paris/658/2007				EPI160288				
A/Paris/546/2007				EPI160280				
A/Paris/611/2007				EPI160290				
A/Paris/847/2007				EPI160277				
A/Paris/814/2007				EPI160283				
A/Paris/749/2007				EPI160274				
A/Paris/692/2007				EPI160293				
A/Paris/286/2007				EPI160281				
A/Paris/2149/2006				EPI160287				
A/Paris/438/2007				EPI160292				
A/Paris/6/2007				EPI160294				
A/Paris/650/2004				EPI160297				
A/Oslo/7709/2000				EPI119167				
A/Oslo/7701/2000				EPI119169				
A/Oslo/7649/2000				EPI119171				
A/Oslo/598/2001				EPI119173				
A/Oslo/555/2001				EPI119175				
A/Oslo/483/2001				EPI119177				
A/Oslo/1581/01				EPI119179				
A/Oslo/1584/01				EPI119181				
A/Oslo/1586/2001				EPI119183				
A/Oslo/484/2001				EPI119185				
A/Oslo/1061/2001				EPI119187				
A/Oslo/341/2001				EPI119189				
A/Oslo/1261/2001				EPI119191				
A/Oslo/826/2001				EPI119199				
A/Oslo/1587/2001				EPI119201				
A/Oslo/868/2001				EPI119205				
A/Oslo/869/2001				EPI119207				
A/Oslo/791/2001				EPI119209				
A/Oslo/1512/2001				EPI119211				
A/Oslo/2289/2001				EPI119213				
A/Oslo/1169/2001				EPI119215				
A/Lyon/1337/2007				EPI152202				
A/Oslo/866/2001				EPI119217				
A/Oslo/1019/2001				EPI119223				
A/Oslo/1167/2001				EPI119225				
A/Paris/1694/01				EPI107169				
A/Norway/2159/2006				EPI608233				
A/Kiev/59/1979				EPI129996				
A/England/2/98				EPI510991				
A/England/753/97				EPI510994				
A/England/45/98				EPI510992				
A/England/750/97				EPI510993				
A/Madrid/G793/98				EPI511006				
A/Madrid/G930/99				EPI511007				
A/Latvia/2355/98				EPI511005				
A/Moscow/17/98				EPI511011				
A/Madrid/G942/99				EPI511008				
A/Norway/1703/2007				EPI511014				
A/Ostrava/801/98				EPI511015				
A/Netherlands/191/98				EPI511012				
A/Paris/1857/98				EPI511018				
A/Prague/818/98				EPI511019				
A/Paris/1653/98				EPI511017				
A/Samara/213/99				EPI511020				
A/Stockholm/12/97				EPI511024				
A/St._Petersburg/98/98				EPI511025				
A/St._Petersburg/8/2006				EPI165585				
A/Netherlands/26/2007				EPI296287				
A/Norway/1758/2007				EPI151824				
A/Norway/805/2006				EPI608320				
A/Netherlands/05/2005				EPI608325				
A/USSR/90/77				EPI230610				
A/USSR/90/1977				EPI230599				
A/Madrid/1216/2002				EPI12589				
A/Kalingrad/5/2000				EPI12601				
A/Dublin/9852/2000				EPI12639				
A/Denmark/39/2000				EPI12641				
A/Madrid/930/99				EPI12645				
A/NIB/4/1988				EPI131408				
A/England/161/02				EPI12958				
A/Rheinland_Pfalz/1/2006				EPI608527				
A/Milan/04/2005				EPI132031				
A/Milan/05/2005				EPI132033				
A/Milan/03/2006				EPI132041				
A/Milan/04/2006				EPI132043				
A/Milan/06/2006				EPI132047				
A/Milan/11/2006				EPI132089				
A/Milan/10/2006				EPI132091				
A/Christ's_Hospital/157/1982				EPI59550				
A/Lyon/99/2005				EPI606166				
A/Denmark/50/2006				EPI244462				
A/England/593/2006				EPI608752				
A/USSR/46/1979				EPI61555				
A/Siena/10/1989				EPI171157				
A/Siena/14/1995				EPI171173				
A/Siena/9/1989				EPI171372				
A/USSR/92/1977				EPI29576				
A/England/493/2006				EPI606413				
A/England/494/2006				EPI168083				
A/England/594/2006				EPI168085				
A/Lyon/3043/1996				EPI5664				
A/Denmark/49/2006				EPI139105				
A/Denmark/47/2006				EPI139103				
A/Denmark/22/2005				EPI139098				
A/Denmark/16/2004				EPI139095				
A/Thessalonika/24/2005				EPI226847				
A/Romania/605/2005				EPI609142				
A/Arkhangelsk/82/2003				EPI157405				
A/Scotland/21/1995				EPI314860				
A/Siena/4/1987				EPI239959				
A/Nordrhein_Westfalen/6/2005				EPI606723				
A/Scotland/1/2004				EPI314953				
A/Scotland/2/2004				EPI314954				
A/Baden_Wuerttemberg/3/2006				EPI606739				
A/Scotland/2/2005				EPI314961				
A/Scotland/1/2005				EPI314960				
A/Scotland/60380622/2006				EPI314982				
A/Scotland/1/2006				EPI315029				
A/Baden_Wuerttemberg/4/2006				EPI606881				
A/Denmark/116/2005				EPI139091				
A/Denmark/17/2004				EPI139090				
A/Denmark/226/2005				EPI139094				
A/Denmark/11/2005				EPI139092				
A/Denmark/54/2005				EPI139093				
A/Denmark/33/2005				EPI139096				
A/Denmark/79/2005				EPI139099				
A/Denmark/3/2005				EPI139097				
A/Denmark/15/2004				EPI139100				
A/Denmark/110/2005				EPI139101				
A/Denmark/48/2006				EPI139104				
A/Rheinland_Pfalz/58/2005				EPI609480				
A/Krasnoyarsk/16/2005				EPI157900				
A/Krasnoyarsk/46/2005				EPI157902				
A/Krasnoyarsk/46e/2005				EPI157903				
A/Krasnoyarsk/51/2005				EPI157905				
A/Baden_Wuerttemberg/5/2006				EPI609561				
A/Paris/160/2007				EPI509308				
A/Romania/390/2005				EPI607094				
A/Novosibirsk/02/2005				EPI158036				
A/Novosibirsk/5/2005				EPI158037				
A/Brandenburg/4/2006				EPI509359				
A/Iceland/76/2006				EPI509373				
A/Latvia/1951/2006				EPI509376				
A/Latvia/5078/2006				EPI509378				
A/Lyon/CHU/10.504/2006				EPI509382				
A/Lisbon/23/2006				EPI509380				
A/Lisbon/9/2006				EPI509381				
A/Norway/2289/2006				EPI509387				
A/Novi_Sad/150/2006				EPI509389				
A/Parma/4/2006				EPI509395				
A/Paris/1031/2006				EPI509391				
A/St._Petersburg/41/2006				EPI509401				
A/Serbia/1721/2006				EPI509396				
A/Sofia/1248/2006				EPI509397				
A/Romania/953/2003				EPI158094				
A/St_Petersburg/138/2003				EPI158145				
A/St_Petersburg/49/2003				EPI158148				
A/Belgium/733/2005				EPI509617				
A/Belgium/740/2005				EPI509619				
A/Khabarovsk/51/2005				EPI509623				
A/Kiev/146/2005				EPI509624				
A/Lisbon/55/2005				EPI509628				
A/Lisbon/94/2005				EPI509629				
A/Latvia/4216/2005				EPI509626				
A/Lisbon/54/2005				EPI509627				
A/Paris/1690/2005				EPI509633				
A/England/40/2004				EPI509645				
A/England/57/2004				EPI509647				
A/Ireland/13892/2004				EPI509657				
A/Ireland/9728/2004				EPI509659				
A/Netherlands/130/2004				EPI509663				
A/Netherlands/134/2004				EPI509664				
A/Lyon_GI/346/2004				EPI509660				
A/Lyon/CHU/28824/2004				EPI509661				
A/Umea/1/2004				EPI509667				
A/Netherlands/135/2004				EPI509665				
A/Norway/69/2004				EPI509666				
A/England/333/1980				EPI131321				
A/Netherlands/128/2004				EPI347371				
A/Hungary/2/2003				EPI347375				
A/Iceland/123/2003				EPI347380				
A/Denmark/12/2003				EPI347384				
A/Leningrad/26/1953				EPI4410043				
A/Netherlands/001G1/1950				EPI297697				
A/Leningrad/40/1953				EPI4410042				
A/Netherlands/001B1/1956				EPI297690				
A/Netherlands/001H1/1954				EPI297703				
A/Netherlands/001R1/1953				EPI297726				
A/Netherlands/002K1/1949				EPI297741				
A/Netherlands/001S1/1948				EPI297734				
A/Netherlands/002W1/1953				EPI297750				
A/Netherlands/002P1/1951				EPI297746				
A/Netherlands/002Z1/1956				EPI297756				
A/United_Kingdom/1-MA/1933				EPI318408				
A/Leningrad/1954/1				EPI240995				
A/Liverpool/1951				EPI297867				
A/WSN/1933				EPI242085				
A/United_Kingdom/1/1933				EPI242056				
A/Roma/1949				EPI241070				
A/WS/33				EPI272377				
A/NWS/33				EPI272375				
A/Wilson-Smith/33				EPI230642				
A/WSN/1933_TS61				EPI242077				
A/NWS/1933				HQ008257.1				
A/Wilson-Smith/1933				HQ008259.1				
A/Bayern/7/1995				CY242091.1				
A/Scotland/15/2002				JF710743.1				
A/Scotland/25/2002				JF710745.1				
A/Baden-Wuerttemberg/20/2003				FJ231788.1				
A/Baden-Wuerttemberg/129/2003				FJ231789.1				
A/Rheinland-Pfalz/34/2003				FJ231790.1				
A/Sachsen/678/2003				FJ231791.1				
A/Madrid/SO6804/2009				EPI_ISL_32862				
A/Murcia/RR3540/2009				EPI_ISL_32864				
A/Baleares/RR3584/2009				EPI_ISL_32865				
A/Murcia/RR3599/2009				EPI_ISL_32866				
A/Galicia/RR3627/2009				EPI_ISL_32867				
A/Galicia/RR3629/2009				EPI_ISL_32868				
A/Galicia/RR3630/2009				EPI_ISL_32869				
A/Galicia/RR3631/2009				EPI_ISL_32870				
A/Baleares/RR3275/2009				EPI_ISL_32872				
A/Murcia/RR3802/2009				EPI_ISL_32874				
A/Murcia/RR3800/2009				EPI_ISL_32875				
A/Czech_Republic/149/2016(H3N2)				EPI_ISL_262322				
A/Czech_Republic150/2016(H3N2)				EPI_ISL_262323				
A/Zaporizza/326/2014				EPI_ISL_164424				
A/Tomsk/11/2014				EPI_ISL_164436				
A/Aragon/1543/2017				EPI_ISL_262879				
A/Madrid/1456/2017				EPI_ISL_262884				
A/Madrid/1457/2017				EPI_ISL_262885				
A/Madrid/1458/2017				EPI_ISL_262886				
A/Madrid/1459/2017				EPI_ISL_262887				
A/LaRioja/1325/2017				EPI_ISL_262880				
A/LaRioja/1326/2017				EPI_ISL_262881				
A/LaRioja/1327/2017				EPI_ISL_262882				
A/Madrid/1455/2017				EPI_ISL_262883				
A/Madrid/1480/2017				EPI_ISL_262892				
A/Madrid/1482/2017				EPI_ISL_262893				
A/Madrid/1483/2017				EPI_ISL_262894				
A/Madrid/171442/2016				EPI_ISL_262895				
A/Madrid/1474/2017				EPI_ISL_262888				
A/Madrid/1475/2017				EPI_ISL_262889				
A/Madrid/1476/2017				EPI_ISL_262890				
A/Madrid/1479/2017				EPI_ISL_262891				
A/Murcia/566/2017				EPI_ISL_262900				
A/Navarra/1213/2017				EPI_ISL_262901				
A/Navarra/1216/2017				EPI_ISL_262902				
A/Navarra/1219/2017				EPI_ISL_262903				
A/Madrid/171477/2016				EPI_ISL_262896				
A/Madrid/171478/2016				EPI_ISL_262897				
A/Madrid/171481/2016				EPI_ISL_262898				
A/Melilla/343/2017				EPI_ISL_262899				
A/PaisVasco/1173/2017				EPI_ISL_262908				
A/PaisVasco/1222/2017				EPI_ISL_262909				
A/PaisVasco/1223/2017				EPI_ISL_262910				
A/PaisVasco/1226/2017				EPI_ISL_262911				
A/Navarra/1220/2017				EPI_ISL_262904				
A/PaisVasco/1149/2017				EPI_ISL_262905				
A/PaisVasco/1167/2017				EPI_ISL_262906				
A/PaisVasco/1169/2017				EPI_ISL_262907				
A/PaisVasco/1257/2017				EPI_ISL_262916				
A/PaisVasco/1259/2017				EPI_ISL_262917				
A/PaisVasco/1260/2017				EPI_ISL_262918				
A/PaisVasco/1261/2017				EPI_ISL_262919				
A/PaisVasco/1227/2017				EPI_ISL_262912				
A/PaisVasco/1228/2017				EPI_ISL_262913				
A/PaisVasco/1229/2017				EPI_ISL_262914				
A/PaisVasco/1256/2017				EPI_ISL_262915				
A/PaisVasco/1335/2017				EPI_ISL_262924				
A/PaisVasco/1338/2017				EPI_ISL_262925				
A/PaisVasco/1339/2017				EPI_ISL_262926				
A/PaisVasco/1340/2017				EPI_ISL_262927				
A/PaisVasco/1314/2017				EPI_ISL_262920				
A/PaisVasco/1315/2017				EPI_ISL_262921				
A/PaisVasco/1316/2017				EPI_ISL_262922				
A/PaisVasco/1317/2017				EPI_ISL_262923				
A/PaisVasco/1341/2017				EPI_ISL_262928				
A/PaisVasco/1367/2017				EPI_ISL_262929				
A/PaisVasco/1368/2017				EPI_ISL_262930				
A/PaisVasco/1369/2017				EPI_ISL_262931				
A/Astrakhan/RII29/2014				EPI_ISL_197578				
A/Nizhni_Novgorod/RII9042/2014				EPI_ISL_197580				
A/St_Petersburg/44/2014				EPI_ISL_164953				
A/Slovenia/124/2017				EPI_ISL_263332				
A/Slovenia/298/2017				EPI_ISL_263333				
A/Slovenia/342/2017				EPI_ISL_263334				
A/Slovenia/443/2017				EPI_ISL_263335				
A/Slovenia/767/2017				EPI_ISL_263340				
A/Slovenia/827/2017				EPI_ISL_263341				
A/Slovenia/852/2017				EPI_ISL_263342				
A/Slovenia/855/2017				EPI_ISL_263343				
A/Slovenia/495/2017				EPI_ISL_263336				
A/Slovenia/499/2017				EPI_ISL_263337				
A/Slovenia/628/2017				EPI_ISL_263338				
A/Slovenia/563/2016				EPI_ISL_230659				
A/Slovenia/663/2016				EPI_ISL_230707				
A/Slovenia/650/2016				EPI_ISL_230706				
A/Slovenia/579/2016				EPI_ISL_230705				
A/Slovenia/567/2016				EPI_ISL_230704				
A/Slovenia/773/2016				EPI_ISL_230711				
A/Slovenia/764/2016				EPI_ISL_230710				
A/Slovenia/718/2016				EPI_ISL_230709				
A/Slovenia/704/2016				EPI_ISL_230708				
A/slovenia/909/2016				EPI_ISL_230714				
A/Slovenia/837/2016				EPI_ISL_230713				
A/Slovenia/811/2016				EPI_ISL_230712				
A/Netherlands/3805/16				EPI_ISL_263493				
A/Milano/1/2012				EPI_ISL_132431				
A/Milano/18/2012				EPI_ISL_132434				
A/Milano/4/2012				EPI_ISL_132432				
A/Milano/25/2012				EPI_ISL_132433				
A/Milano/34/2012				EPI_ISL_132438				
A/Milano/37/2012				EPI_ISL_132439				
A/Milano/22/2012				EPI_ISL_132436				
A/Milano/33/2012				EPI_ISL_132437				
A/Milano/57/2012				EPI_ISL_132442				
A/Milano/62/2012				EPI_ISL_132443				
A/Milano/27/2012				EPI_ISL_132440				
A/Milano/44/2012				EPI_ISL_132441				
A/Milano/102/2012				EPI_ISL_132446				
A/Milano/103/2012				EPI_ISL_132447				
A/Milano/70/2012				EPI_ISL_132444				
A/Milano/55/2012				EPI_ISL_132445				
A/Milano/91/2012				EPI_ISL_132450				
A/Milano/124/2012				EPI_ISL_132451				
A/Milano/113/2012				EPI_ISL_132448				
A/Milano/90/2012				EPI_ISL_132449				
A/Milano/132/2012				EPI_ISL_132454				
A/Milano/136/2012				EPI_ISL_132455				
A/Milano/125/2012				EPI_ISL_132452				
A/Milano/126/2012				EPI_ISL_132453				
A/Milano/177/2012				EPI_ISL_132458				
A/Milano/188/2012				EPI_ISL_132459				
A/Milano/149/2012				EPI_ISL_132456				
A/Milano/168/2012				EPI_ISL_132457				
A/Milano/202/2012				EPI_ISL_132462				
A/Milano/198/2012				EPI_ISL_132460				
A/Milano/199/2012				EPI_ISL_132461				
A/Lisboa/MS105/2014				EPI_ISL_165560				
A/Lisboa/SU540/2014				EPI_ISL_165561				
A/Lithuania/5009/2014				EPI_ISL_165566				
A/Lithuania/5879/2014				EPI_ISL_165567				
A/Lithuania/10716/2014				EPI_ISL_165564				
A/Lithuania/13347/2014				EPI_ISL_165565				
A/Lithuania/8237/2014				EPI_ISL_165570				
A/Lithuania/9133/2014				EPI_ISL_165571				
A/Lithuania/7452/2014				EPI_ISL_165568				
A/Lithuania/7802/2014				EPI_ISL_165569				
A/Mogilev/1484/2014				EPI_ISL_165574				
A/Moscow/206/2014				EPI_ISL_165575				
A/Madrid/SO12318/2014				EPI_ISL_165572				
A/Mogilev/1273/2014				EPI_ISL_165573				
A/Norway/1903/2014				EPI_ISL_165578				
A/Nis/1059/2014				EPI_ISL_165577				
A/Sabac/1334/2014				EPI_ISL_165582				
A/Pozarevac/1336/2014				EPI_ISL_165581				
A/V.Novgorod/223/2014				EPI_ISL_165586				
A/Valjevo/2029/2014				EPI_ISL_165587				
A/Stockholm/14/2014				EPI_ISL_165584				
A/Tomsk/6/2014				EPI_ISL_165585				
A/Vladimir/220/2014				EPI_ISL_165588				
A/Yaroslavl/234/2014				EPI_ISL_165589				
A/Bucuresti/8290/2016				EPI_ISL_264055				
A/Khmelnitsky/1990/2016				EPI_ISL_264071				
A/Dnipro/743/2016				EPI_ISL_264064				
A/Iasi/206216/2016				EPI_ISL_264065				
A/Iasi/3722/2016				EPI_ISL_264066				
A/Iasi/3815/2016				EPI_ISL_264067				
A/Kyiv/928/2016				EPI_ISL_264076				
A/Kyiv/934/2016				EPI_ISL_264077				
A/Kyiv/936/2016				EPI_ISL_264078				
A/Kyiv/899/2016				EPI_ISL_264072				
A/Kyiv/920/2016				EPI_ISL_264073				
A/Kyiv/923/2016				EPI_ISL_264074				
A/Kyiv/926/2016				EPI_ISL_264075				
A/Austria/120/2012				EPI_ISL_133034				
A/Austria/121/2012				EPI_ISL_133035				
A/Austria/122/2012				EPI_ISL_133036				
A/Austria/123/2012				EPI_ISL_133037				
A/Norway/2200/2014				EPI_ISL_166082				
A/Norway/2156/2014				EPI_ISL_166083				
A/Norway/161/2014				EPI_ISL_166080				
A/Norway/2199/2014				EPI_ISL_166081				
A/Baden-Wuerttemberg/362/2009				EPI_ISL_198854				
A/Thueringen/155/2009				EPI_ISL_198853				
A/Norway/2178/2014				EPI_ISL_166084				
A/Norway/2207/2014				EPI_ISL_166085				
A/Baden-Wuerttemberg/137/2011				EPI_ISL_198947				
A/Sachsen/65/2011				EPI_ISL_198946				
A/Nordrhein-Westfalen/19/2009				EPI_ISL_198945				
A/Baden-Wuerttemberg/02092009				EPI_ISL_198944				
A/Niedersachsen/T3608/2012				EPI_ISL_198948				
A/Albania/4860/2014				EPI_ISL_166210				
A/Albania/4869/2014				EPI_ISL_166211				
A/Albania/4979/2014				EPI_ISL_166212				
A/Lithuania/11496/2014				EPI_ISL_166229				
A/Lithuania/9430/2014				EPI_ISL_166241				
A/Norway/3545/2016				EPI_ISL_231807				
A/Kyiv/216/2016				EPI_ISL_231805				
A/Bratislava/86/2016				EPI_ISL_231804				
A/Portugal/SU233/2016				EPI_ISL_231811				
A/Piestany/111/2016				EPI_ISL_231809				
A/Portugal/SU439/2016				EPI_ISL_231812				
A/Ukraine/105/2016				EPI_ISL_231823				
A/Vladivostok/2/2016				EPI_ISL_231825				
A/Austria/97/2014				EPI_ISL_166345				
A/Stockholm/17/2014				EPI_ISL_166459				
A/Stockholm/18/2014				EPI_ISL_166460				
A/Barcelona/2045247/2016				EPI_ISL_232057				
A/Stockholm/06/2014				EPI_ISL_166707				
A/Slovenia/1/2018				EPI_ISL_297808				
A/Denmark/114/2012				EPI_ISL_134034				
A/Denmark/117/2012				EPI_ISL_134035				
A/Denmark/101/2012				EPI_ISL_134032				
A/Denmark/107/2012				EPI_ISL_134033				
A/Denmark/88/2012				EPI_ISL_134043				
A/Denmark/75/2012				EPI_ISL_134041				
A/Denmark/74/2012				EPI_ISL_134047				
A/Denmark/113/2012				EPI_ISL_134044				
A/Denmark/115/2012				EPI_ISL_134045				
A/Denmark/77/2012				EPI_ISL_134048				
A/Denmark/82/2012				EPI_ISL_134049				
A/Penza/CRIE-260/2016				EPI_ISL_232499				
A/Krasnodar/CRIE-204/2016				EPI_ISL_232498				
A/Saratov/CRIE-48/2016				EPI_ISL_232497				
A/Tula/CRIE-320/2016				EPI_ISL_232501				
A/Penza/CRIE-265/2016				EPI_ISL_232500				
A/Norway/3798/2016				EPI_ISL_232859				
A/Omsk/680/2018				EPI_ISL_331230				
A/Chita/673/2018				EPI_ISL_331236				
A/Abakan/249/2018				EPI_ISL_331233				
A/Kaliningrad/1053/2018				EPI_ISL_331232				
A/Omsk/120/2018				EPI_ISL_331235				
A/Kamchatka/1/2018				EPI_ISL_331234				
A/Centre/036/2018				EPI_ISL_298659				
A/Haute_Normandie/551/2018				EPI_ISL_298670				
A/Baden-Wuerttemberg/11/2018				EPI_ISL_298748				
A/Nordrhein-Westfalen/8/2018				EPI_ISL_298750				
A/Tomsk/159/2018				EPI_ISL_331513				
A/Brandenburg/2/2018				EPI_ISL_298746				
A/Belgium/S0052/2018				EPI_ISL_298852				
A/Stavropol/2V/2018				EPI_ISL_331623				
A/Khabarovsk/1/2018				EPI_ISL_331622				
A/Belgium/S0007/2018				EPI_ISL_298849				
A/Belgium/S0043/2018				EPI_ISL_298850				
A/Belgium/S0048/2018				EPI_ISL_298851				
A/Austria/1102969/2018				EPI_ISL_331625				
A/Paris/2315/2018				EPI_ISL_331647				
A/Lorraine/2365/2018				EPI_ISL_331648				
A/Uppsala/9/2011				EPI_ISL_102393				
A/Bourgogne/001/2018				EPI_ISL_299015				
A/Athens.GR/76/2018				EPI_ISL_299010				
A/Estonia/111305/2018				EPI_ISL_299029				
A/France/38/00				EPI_ISL_4116				
A/France/39/00				EPI_ISL_4117				
A/France/40/00				EPI_ISL_4118				
A/France/41/00				EPI_ISL_4119				
A/France/42/00				EPI_ISL_4120				
A/France/43/00				EPI_ISL_4121				
A/France/44/00				EPI_ISL_4122				
A/France/45/00				EPI_ISL_4123				
A/Estonia/111435/2018				EPI_ISL_299032				
A/France/46/00				EPI_ISL_4124				
A/France/47/00				EPI_ISL_4125				
A/France/48/00				EPI_ISL_4126				
A/France/49/00				EPI_ISL_4127				
A/France/50/00				EPI_ISL_4128				
A/France/51/00				EPI_ISL_4129				
A/France/52/00				EPI_ISL_4130				
A/France/53/00				EPI_ISL_4131				
A/France/54/00				EPI_ISL_4132				
A/Ireland/01288/2018				EPI_ISL_299041				
A/Ireland/02754/2018				EPI_ISL_299042				
A/Padova/6/2018				EPI_ISL_299060				
A/Parma/9/2018				EPI_ISL_299062				
A/Netherlands/02300/18				EPI_ISL_331830				
A/Stockholm/39/2011				EPI_ISL_102467				
A/Malmoe/15/2011				EPI_ISL_102468				
A/Stockholm/40/2011				EPI_ISL_102473				
A/Uppsala/10/2011				EPI_ISL_102475				
A/Stockholm/41/2011				EPI_ISL_102503				
A/Uppsala/11/2011				EPI_ISL_102507				
A/Stockholm/43/2011				EPI_ISL_102516				
A/Stockholm/42/2011				EPI_ISL_102519				
A/Netherlands/3/00				EPI_ISL_4236				
A/Stockholm/44/2011				EPI_ISL_102581				
A/Uppsala/12/2011				EPI_ISL_102583				
A/Valladolid/47/2011				EPI_ISL_103246				
A/Berlin/92/2011				EPI_ISL_103259				
A/Netherlands/241/2011				EPI_ISL_398268				
A/Belgium/G0760/2015				EPI_ISL_201994				
A/Paris/421/2013				EPI_ISL_136663				
A/Navarra/144/2013				EPI_ISL_136694				
A/Navarra/115/2013				EPI_ISL_136695				
A/PaisVasco/232/2013				EPI_ISL_136692				
A/Melilla/198/2013				EPI_ISL_136693				
A/Umea/5/2011				EPI_ISL_104009				
A/Stockholm/49/2011				EPI_ISL_104018				
A/Trieste/61/2011				EPI_ISL_104131				
A/Netherlands/710/2011				EPI_ISL_104143				
A/Netherlands/713/2011				EPI_ISL_104144				
A/Moscow/1514A00504307T_CP2/2011				EPI_ISL_235232				
A/Budapest/1514A07804502N/2011				EPI_ISL_235364				
A/CastillaLaMancha/76/2015				EPI_ISL_170006				
A/CastillaLaMancha/75/2015				EPI_ISL_170005				
A/Aragon/90/2015				EPI_ISL_170398				
A/CastillaLaMancha/107/2015				EPI_ISL_170406				
A/CastillaLaMancha/103/2015				EPI_ISL_170404				
A/CastillaLaMancha/106/2015				EPI_ISL_170405				
A/CastillaLaMancha/92/2015				EPI_ISL_170409				
A/Madrid/SO13084/2014				EPI_ISL_170418				
A/Melilla/112/2015				EPI_ISL_170419				
A/Madrid/SO13077/2014				EPI_ISL_170416				
A/Madrid/SO13079/2014				EPI_ISL_170417				
A/Navarra/94/2015				EPI_ISL_170422				
A/Navarra/95/2015				EPI_ISL_170423				
A/Melilla/114/2015				EPI_ISL_170420				
A/PaisVasco/61/2015				EPI_ISL_170426				
A/PaisVasco/79/2015				EPI_ISL_170427				
A/Navarra/96/2015				EPI_ISL_170424				
A/England/54180241/2015				EPI_ISL_203392				
A/Castilla_La_Mancha/7/2015				EPI_ISL_170635				
A/Brandenburg/1/2015				EPI_ISL_170633				
A/Latvia/01-000586/2015				EPI_ISL_170642				
A/Latvia/01-000487/2015				EPI_ISL_170641				
A/Lisboa/SU61/2015				EPI_ISL_170645				
A/Mecklenburg-Vorpommern/1/2015				EPI_ISL_170652				
A/Nordrhein-Westfalen/1/2015				EPI_ISL_170658				
A/Nordrhein-Westfalen/2/2015				EPI_ISL_170659				
A/Niedersachsen/4/2015				EPI_ISL_170656				
A/Niedersachsen/5/2015				EPI_ISL_170657				
A/Saarland/1/2015				EPI_ISL_170666				
A/Netherlands/1679/15				EPI_ISL_203522				
A/Skovde/1/2015				EPI_ISL_170842				
A/Stockholm/1/2015				EPI_ISL_170843				
A/Nordrhein-Westfalen/104/2015				EPI_ISL_203630				
A/Austria/835408/2015				EPI_ISL_170998				
A/Austria/835412/2015				EPI_ISL_170999				
A/Austria/835815/2015				EPI_ISL_171002				
A/Austria/833582/2015				EPI_ISL_171003				
A/Austria/835469/2015				EPI_ISL_171000				
A/Austria/835654/2015				EPI_ISL_171001				
A/Baleares/224/2015				EPI_ISL_171055				
A/Extremadura/166/2015				EPI_ISL_171058				
A/PaisVasco/301/2013				EPI_ISL_138430				
A/Navarra/209/2013				EPI_ISL_138431				
A/Navarra/346/2013				EPI_ISL_138428				
A/Baleares/270/2013				EPI_ISL_138429				
A/Navarra/460/2013				EPI_ISL_138434				
A/Navarra/462/2013				EPI_ISL_138435				
A/Melilla/358/2013				EPI_ISL_138432				
A/PaisVasco/472/2013				EPI_ISL_138433				
A/Navarra/469/2013				EPI_ISL_138438				
A/PaisVasco/473/2013				EPI_ISL_138439				
A/Navarra/463/2013				EPI_ISL_138436				
A/Navarra/468/2013				EPI_ISL_138437				
A/Austria/123/2011				EPI_ISL_105812				
A/Austria/124/2011				EPI_ISL_105867				
A/Luxembourg/1187/2011				EPI_ISL_105879				
A/Austria/76165/2003				EPI_ISL_7731				
A/Austria/76367/2003				EPI_ISL_7732				
A/Austria/76866/2003				EPI_ISL_7733				
A/Austria/77792/2003				EPI_ISL_7734				
A/Austria/77803/2003				EPI_ISL_7735				
A/Austria/77937/2003				EPI_ISL_7736				
A/Austria/79015/2003				EPI_ISL_7737				
A/Austria/79211/2003				EPI_ISL_7738				
A/Austria/79477/2003				EPI_ISL_7739				
A/Austria/79524/2003				EPI_ISL_7740				
A/Austria/79798/2003				EPI_ISL_7741				
A/Austria/80039/2003				EPI_ISL_7742				
A/Austria/80044/2003				EPI_ISL_7743				
A/Austria/80361/2003				EPI_ISL_7744				
A/Austria/80675/2003				EPI_ISL_7745				
A/Austria/80746/2003				EPI_ISL_7746				
A/Austria/80933/2003				EPI_ISL_7747				
A/Austria/80991/2003				EPI_ISL_7748				
A/Austria/81720/2003				EPI_ISL_7749				
A/Austria/82615/2003				EPI_ISL_7750				
A/Austria/82895/2003				EPI_ISL_7751				
A/Austria/83275/2003				EPI_ISL_7752				
A/Austria/83327/2003				EPI_ISL_7753				
A/Austria/85718/2003				EPI_ISL_7754				
A/PaisVasco/524/2013				EPI_ISL_138834				
A/Melilla/494/2013				EPI_ISL_138835				
A/Baleares/440/2013				EPI_ISL_138832				
A/PaisVasco/521/2013				EPI_ISL_138833				
A/Navarra/573/2013				EPI_ISL_138836				
A/Navarra/218/2013				EPI_ISL_138837				
A/Switzerland/NIB88/2013				EPI_ISL_4071000				
A/Astrakhan/65/2011				EPI_ISL_106104				
A/Netherlands/00700/2011				EPI_ISL_19505053				
A/Austria/105/2013				EPI_ISL_139131				
A/Corsica/F12213B/2013				EPI_ISL_139307				
A/Corsica/F12214/2013				EPI_ISL_139310				
A/Corsica/F12801/2013				EPI_ISL_139311				
A/Corsica/F12505/2013				EPI_ISL_139308				
A/Corsica/F12613/2013				EPI_ISL_139309				
A/Corsica/F12213/2013				EPI_ISL_139314				
A/Corsica/F12806/2013				EPI_ISL_139315				
A/Corsica/F12809/2013				EPI_ISL_139312				
A/Corsica/F12208/2013				EPI_ISL_139313				
A/Corsica/F12302/2013				EPI_ISL_139316				
A/Paris/1744/2011				EPI_ISL_106641				
A/Lorraine/2056/2011				EPI_ISL_106643				
A/Paris/2013/2011				EPI_ISL_106642				
A/Paris/2097/2011				EPI_ISL_106645				
A/Lorraine/2073/2011				EPI_ISL_106644				
A/Paris/2114/2011				EPI_ISL_106647				
A/Andalucia/646/2013				EPI_ISL_139626				
A/Baleares/729/2013				EPI_ISL_139627				
A/Andalucia/639/2013				EPI_ISL_139625				
A/Navarra/764/2013				EPI_ISL_139628				
A/PaisVasco/657/2013				EPI_ISL_139629				
A/Nizhniy_Novgorod/668/2008				EPI_ISL_107082				
A/England/197/2003				EPI_ISL_107167				
A/England/191/2003				EPI_ISL_107166				
A/England/2710/2003				EPI_ISL_107184				
A/Arkadia.GR/511/2013				EPI_ISL_140420				
A/England/394/2008				EPI_ISL_107683				
A/England/392/2008				EPI_ISL_107682				
A/England/46/2004				EPI_ISL_107726				
A/England/51/2004				EPI_ISL_107729				
A/England/49/2004				EPI_ISL_107730				
A/England/53/2004				EPI_ISL_107734				
A/England/5014715/2004				EPI_ISL_107737				
A/England/264/2007				EPI_ISL_107793				
A/England/359/2007				EPI_ISL_107792				
A/England/469/2007				EPI_ISL_107795				
A/England/422/2007				EPI_ISL_107794				
A/England/543/2007				EPI_ISL_107797				
A/England/470/2007				EPI_ISL_107796				
A/England/749016/2007				EPI_ISL_107799				
A/England/544/2007				EPI_ISL_107798				
A/England/611/2007				EPI_ISL_107801				
A/England/749411/2007				EPI_ISL_107800				
A/England/8016670/2007				EPI_ISL_107803				
A/England/7518559/2007				EPI_ISL_107802				
A/Stockholm/15/04				EPI_ISL_9499				
A/England/168/2008				EPI_ISL_107805				
A/Stockholm/16/04				EPI_ISL_9500				
A/England/8036384/2008				EPI_ISL_107804				
A/Stockholm/17/04				EPI_ISL_9501				
A/England/294/2008				EPI_ISL_107807				
A/England/293/2008				EPI_ISL_107806				
A/England/297/2008				EPI_ISL_107809				
A/England/296/2008				EPI_ISL_107808				
A/England/818672/2008				EPI_ISL_107811				
A/England/298/2008				EPI_ISL_107810				
A/Scotland/1/2007				EPI_ISL_89559				
A/England/350/2008				EPI_ISL_107812				
A/Scotland/3/2007				EPI_ISL_89552				
A/Scotland/2/2007				EPI_ISL_89555				
A/Finland/482/2004				EPI_ISL_9600				
A/Finland/483/2004				EPI_ISL_9601				
A/Finland/486/2004				EPI_ISL_9604				
A/Finland/C2-12/2002				EPI_ISL_9639				
A/Finland/C2-13/2002				EPI_ISL_9640				
A/Finland/C2-14/2002				EPI_ISL_9641				
A/Belgium/C2-15/2002				EPI_ISL_9642				
A/United_Kingdom/C2-16/2002				EPI_ISL_9643				
A/Finland/C2-17/2002				EPI_ISL_9644				
A/Oslo/5381/2000				EPI_ISL_10472				
A/Oslo/5811/2002				EPI_ISL_10474				
A/Oslo/64/2004				EPI_ISL_10482				
A/Norway/1103/2004				EPI_ISL_10485				
A/Norway/1191/2004				EPI_ISL_10486				
A/Norway/1221/2004				EPI_ISL_10487				
A/Norway/71/2005				EPI_ISL_10490				
A/Norway/620/2005				EPI_ISL_10491				
A/Norway/533/2005				EPI_ISL_10492				
A/Norway/216/2005				EPI_ISL_10493				
A/Norway/504/2005				EPI_ISL_10494				
A/Norway/511/2005				EPI_ISL_10495				
A/Norway/545/2005				EPI_ISL_10496				
A/Norway/735/2005				EPI_ISL_10497				
A/Norway/751/2005				EPI_ISL_10498				
A/Norway/376/2005				EPI_ISL_10499				
A/Norway/242/2005				EPI_ISL_10500				
A/Norway/1115/2005				EPI_ISL_10501				
A/Norway/1118/2005				EPI_ISL_10502				
A/Norway/883/2005				EPI_ISL_10503				
A/Norway/779/2005				EPI_ISL_10504				
A/Norway/745/2005				EPI_ISL_10505				
A/Norway/782/2005				EPI_ISL_10506				
A/Norway/875/2005				EPI_ISL_10507				
A/Norway/1031/2005				EPI_ISL_10508				
A/Norway/962/2005				EPI_ISL_10509				
A/Norway/963/2005				EPI_ISL_10510				
A/Norway/1022/2005				EPI_ISL_10511				
A/Pavia/13/2007				EPI_ISL_76753				
A/Pavia/31/2007				EPI_ISL_76760				
A/Pavia/1931/2009				EPI_ISL_76769				
A/Pavia/1054/2009				EPI_ISL_76768				
A/Pavia/2125/2009				EPI_ISL_76773				
A/Pavia/2041/2009				EPI_ISL_76772				
A/Pavia/2789/2009				EPI_ISL_76776				
A/Pavia/3204/2009				EPI_ISL_76779				
A/Pavia/2963/2009				EPI_ISL_76778				
A/Pavia/3922/2009				EPI_ISL_76781				
A/Pavia/41/2008				EPI_ISL_76790				
A/Pavia/4/2007				EPI_ISL_76795				
A/Pavia/6/2007				EPI_ISL_76797				
A/Pavia/5/2007				EPI_ISL_76796				
A/Pavia/8/2007				EPI_ISL_76799				
A/Pavia/7/2007				EPI_ISL_76798				
A/Pavia/10/2007				EPI_ISL_76801				
A/Pavia/35/2007				EPI_ISL_76800				
A/Pavia/12/2007				EPI_ISL_76803				
A/Pavia/11/2007				EPI_ISL_76802				
A/Pavia/15/2007				EPI_ISL_76805				
A/Pavia/20/2007				EPI_ISL_76807				
A/Pavia/21/2007				EPI_ISL_76808				
A/Pavia/26/2007				EPI_ISL_76811				
A/Bayern/1/2009				EPI_ISL_175342				
A/Berlin/63/2008				EPI_ISL_175343				
A/Niedersachsen/49/2009				EPI_ISL_175341				
A/Berlin/57/2008				EPI_ISL_175346				
A/Bayern/44/2008				EPI_ISL_175347				
A/Bremen/1/2009				EPI_ISL_175344				
A/Thueringen/80/2008				EPI_ISL_175345				
A/Nordrhein-Westfalen/T4881/2009				EPI_ISL_175350				
A/Hessen/37/2009				EPI_ISL_175351				
A/Brandenburg/40/2009				EPI_ISL_175348				
A/Brandenburg/39/2009				EPI_ISL_175349				
A/Hamburg/2/2009				EPI_ISL_175352				
A/Schleswig-Holstein/8/2009				EPI_ISL_175353				
A/England/700/2009				EPI_ISL_77113				
A/Gibraltar/SB252/2009				EPI_ISL_77115				
A/Gibraltar/SB226/2009				EPI_ISL_77114				
A/England/815/2009				EPI_ISL_77116				
A/Finland/638/2009				EPI_ISL_77119				
A/Lyon/Cx-R/3120/2009				EPI_ISL_77121				
A/Finland/640/2009				EPI_ISL_77120				
A/Chambery/3207/2009				EPI_ISL_77123				
A/Marseille/3270/2009				EPI_ISL_77122				
A/Lyon/CHU/52.384/2009				EPI_ISL_77124				
A/Norway/3790/2009				EPI_ISL_77129				
A/Newcastle/1/2004				EPI_ISL_12063				
A/Lyon_Chu/01375/2005				EPI_ISL_12101				
A/Netherlands/377/2008				EPI_ISL_110724				
A/Oslo/6391/2000				EPI_ISL_12704				
A/Trieste/02/2004				EPI_ISL_12766				
A/Trieste/17/2004				EPI_ISL_12767				
A/Trieste/18/2004				EPI_ISL_12768				
A/Trieste/19/2004				EPI_ISL_12769				
A/Trieste/02/2005				EPI_ISL_12770				
A/Trieste/05/2005				EPI_ISL_12771				
A/Trieste/10/2005				EPI_ISL_12772				
A/Trieste/14/2005				EPI_ISL_12773				
A/Trieste/23/2005				EPI_ISL_12774				
A/Trieste/31/2005				EPI_ISL_12775				
A/Trieste/32/2005				EPI_ISL_12776				
A/Trieste/46/2005				EPI_ISL_12777				
A/Trieste/48/2005				EPI_ISL_12778				
A/Trieste/50/2005				EPI_ISL_12779				
A/Trieste/54/2005				EPI_ISL_12780				
A/Trieste/61/2005				EPI_ISL_12781				
A/Trieste/35/2005				EPI_ISL_12782				
A/Trieste/37/2005				EPI_ISL_12783				
A/Trieste/39/2005				EPI_ISL_12784				
A/Trieste/40/2005				EPI_ISL_12785				
A/Trieste/44/2005				EPI_ISL_12786				
A/Trieste/62/2005				EPI_ISL_12787				
A/Trieste/64/2005				EPI_ISL_12788				
A/Trieste/65/2005				EPI_ISL_12789				
A/Trieste/67/2005				EPI_ISL_12790				
A/Trieste/68/2005				EPI_ISL_12791				
A/Austria/144219/2004				EPI_ISL_13205				
A/Austria/142030/2004				EPI_ISL_13206				
A/Austria/211557/2005				EPI_ISL_13208				
A/Austria/212187/2005				EPI_ISL_13209				
A/Austria/211120/2005				EPI_ISL_13210				
A/Austria/211113/2005				EPI_ISL_13211				
A/Austria/140484/2004				EPI_ISL_13215				
A/Austria/144539/2004				EPI_ISL_13216				
A/Corsica/1/2007				EPI_ISL_13853				
A/Corsica/2/2007				EPI_ISL_13854				
A/Corsica/3/2007				EPI_ISL_13855				
A/Corsica/4/2007				EPI_ISL_13856				
A/Corsica/5/2007				EPI_ISL_13857				
A/Corsica/6/2007				EPI_ISL_13858				
A/Corsica/7/2007				EPI_ISL_13859				
A/Corsica/8/2007				EPI_ISL_13860				
A/Corsica/9/2007				EPI_ISL_13861				
A/Corsica/10/2007				EPI_ISL_13862				
A/Corsica/11/2007				EPI_ISL_13863				
A/Corsica/12/2007				EPI_ISL_13864				
A/Corsica/13/2007				EPI_ISL_13865				
A/Corsica/14/2007				EPI_ISL_13866				
A/Corsica/15/2007				EPI_ISL_13867				
A/Corsica/16/2007				EPI_ISL_13868				
A/Corsica/17/2007				EPI_ISL_13869				
A/Corsica/18/2007				EPI_ISL_13870				
A/Corsica/19/2007				EPI_ISL_13871				
A/Corsica/20/2007				EPI_ISL_13872				
A/Corsica/21/2007				EPI_ISL_13873				
A/Corsica/22/2007				EPI_ISL_13874				
A/Corsica/23/2007				EPI_ISL_13875				
A/Corsica/24/2007				EPI_ISL_13876				
A/Corsica/25/2007				EPI_ISL_13877				
A/Corsica/26/2007				EPI_ISL_13878				
A/Corsica/27/2007				EPI_ISL_13879				
A/Corsica/28/2007				EPI_ISL_13880				
A/Corsica/29/2007				EPI_ISL_13881				
A/Corsica/30/2007				EPI_ISL_13882				
A/Corsica/31/2007				EPI_ISL_13883				
A/Corsica/32/2007				EPI_ISL_13884				
A/Corsica/33/2007				EPI_ISL_13885				
A/Corsica/34/2007				EPI_ISL_13886				
A/Corsica/35/2007				EPI_ISL_13887				
A/Corsica/36/2007				EPI_ISL_13888				
A/Corsica/37/2007				EPI_ISL_13889				
A/Corsica/38/2007				EPI_ISL_13890				
A/Corsica/39/2007				EPI_ISL_13891				
A/Corsica/40/2007				EPI_ISL_13892				
A/Corsica/41/2007				EPI_ISL_13893				
A/Corsica/42/2007				EPI_ISL_13894				
A/Milan/01/2004				EPI_ISL_15113				
A/Milan/02/2004				EPI_ISL_15114				
A/Milan/01/2005				EPI_ISL_15115				
A/Milan/02/2005				EPI_ISL_15116				
A/Milan/03/2005				EPI_ISL_15117				
A/Milan/18/2007				EPI_ISL_15127				
A/Milan/15/2007				EPI_ISL_15130				
A/Milan/14/2007				EPI_ISL_15131				
A/Milan/13/2007				EPI_ISL_15132				
A/Milan/12/2007				EPI_ISL_15133				
A/Milan/11/2007				EPI_ISL_15134				
A/Milan/08/2007				EPI_ISL_15137				
A/Milan/07/2007				EPI_ISL_15138				
A/Milan/06/2007				EPI_ISL_15139				
A/Milan/04/2007				EPI_ISL_15141				
A/Milan/03/2007				EPI_ISL_15142				
A/Milan/20/2007				EPI_ISL_15153				
A/Milan/21/2007				EPI_ISL_15154				
A/Milan/22/2007				EPI_ISL_15155				
A/Milan/23/2007				EPI_ISL_15156				
A/Denmark/35/2005				EPI_ISL_15588				
A/Denmark/15-02/2004				EPI_ISL_15594				
A/Denmark/08/2002				EPI_ISL_15599				
A/Milano/10/2004				EPI_ISL_146811				
A/Milano/42/2004				EPI_ISL_146816				
A/Milano/14/2004				EPI_ISL_146817				
A/Milan/08/2008				EPI_ISL_146822				
A/Milan/09/2008				EPI_ISL_146823				
A/Milan/07/2008				EPI_ISL_146821				
A/England/4024313/2004				EPI_ISL_15823				
A/Denmark/05/02				EPI_ISL_15935				
A/Denmark/04/2002				EPI_ISL_15951				
A/Denmark/06/2002				EPI_ISL_15952				
A/Denmark/143/2005				EPI_ISL_15954				
A/Denmark/21/2005				EPI_ISL_15955				
A/Denmark/145/2005				EPI_ISL_15956				
A/Denmark/152/2005				EPI_ISL_15957				
A/Denmark/153/2005				EPI_ISL_15958				
A/Denmark/172/2005				EPI_ISL_15959				
A/Denmark/170/2005				EPI_ISL_15960				
A/Denmark/120/2005				EPI_ISL_15975				
A/Denmark/169/2005				EPI_ISL_15976				
A/Denmark/198/2005				EPI_ISL_15978				
A/Denmark/204/2005				EPI_ISL_15979				
A/Denmark/264/2005				EPI_ISL_15980				
A/Denmark/141/2005				EPI_ISL_15989				
A/Denmark/151/2005				EPI_ISL_16003				
A/Denmark/102/2006				EPI_ISL_16010				
A/Denmark/103/2006				EPI_ISL_16011				
A/Denmark/173/2005				EPI_ISL_16021				
A/Denmark/32/2005				EPI_ISL_16038				
A/Denmark/158/2005				EPI_ISL_16039				
A/Denmark/64/2006				EPI_ISL_16041				
A/Denmark/90/2006				EPI_ISL_16043				
A/Denmark/174/2005				EPI_ISL_16056				
A/Denmark/175/2005				EPI_ISL_16057				
A/Denmark/195/2005				EPI_ISL_16059				
A/Denmark/73/2006				EPI_ISL_16060				
A/Denmark/100/2006				EPI_ISL_16061				
A/Denmark/92/2006				EPI_ISL_16063				
A/Denmark/128/2004				EPI_ISL_16069				
A/Denmark/129/2005				EPI_ISL_16086				
A/Denmark/149/2005				EPI_ISL_16089				
A/Denmark/164/2005				EPI_ISL_16090				
A/Denmark/181/2005				EPI_ISL_16091				
A/Denmark/178/2005				EPI_ISL_16092				
A/Denmark/58/2006				EPI_ISL_16094				
A/Denmark/59/2006				EPI_ISL_16095				
A/Denmark/129/2004				EPI_ISL_16096				
A/Denmark/68/2006				EPI_ISL_16097				
A/Denmark/33/2006				EPI_ISL_16098				
A/Denmark/67/2006				EPI_ISL_16099				
A/Denmark/70/2006				EPI_ISL_16100				
A/Denmark/82/2006				EPI_ISL_16101				
A/Champagne-Ardenne/01/2007				EPI_ISL_16358				
A/Champagne-Ardenne/02/2007				EPI_ISL_16359				
A/Champagne-Ardenne/03/2007				EPI_ISL_16360				
A/Champagne-Ardenne/04/2007				EPI_ISL_16361				
A/Champagne-Ardenne/05/2007				EPI_ISL_16362				
A/Champagne-Ardenne/06/2007				EPI_ISL_16363				
A/Champagne-Ardenne/07/2007				EPI_ISL_16364				
A/Champagne-Ardenne/08/2007				EPI_ISL_16365				
A/Champagne-Ardenne/09/2007				EPI_ISL_16366				
A/Champagne-Ardenne/10/2007				EPI_ISL_16367				
A/Champagne-Ardenne/11/2007				EPI_ISL_16368				
A/Champagne-Ardenne/12/2007				EPI_ISL_16369				
A/LIPETSK/15/2004				EPI_ISL_17219				
A/OMSK/32/2004				EPI_ISL_17277				
A/POITIERS/719/2004				EPI_ISL_17286				
A/EKATERINBURG/9/2005				EPI_ISL_17396				
A/KHABAROVSK/9/2005				EPI_ISL_17450				
A/KALININGRAD/20/2006				EPI_ISL_17695				
A/KALININGRAD/31/2006				EPI_ISL_17696				
A/UKRAINE/13/2006				EPI_ISL_186973				
A/Pennsylvania/PA-5V00335/2005				EPI_ISL_18055				
A/Paris/PA-6V-355/2006				EPI_ISL_18056				
A/Ukraine/UA-20/2006				EPI_ISL_18111				
A/Ukraine/UA-218/2006				EPI_ISL_18113				
A/DENMARK/21/2002				EPI_ISL_188314				
A/BAYERN/27/2002				EPI_ISL_186244				
A/BUCHAREST/347/2002				EPI_ISL_188298				
A/BUCHAREST/423/2002				EPI_ISL_18180				
A/ICELAND/87/2002				EPI_ISL_186543				
A/FINLAND/135/2002				EPI_ISL_185359				
A/BRATISLAVA/134/2002				EPI_ISL_186876				
A/LATVIA/13794/2002				EPI_ISL_18189				
A/ICELAND/93/2002				EPI_ISL_186559				
A/LATVIA/4742/2002				EPI_ISL_18202				
A/LATVIA/4882/2002				EPI_ISL_18203				
A/LATVIA/2728/2002				EPI_ISL_18204				
A/POITIERS/62/2002				EPI_ISL_186337				
A/SWITZERLAND/7494/2002				EPI_ISL_185851				
A/NETHERLANDS/368/2002				EPI_ISL_186258				
A/SWITZERLAND/5732/2004				EPI_ISL_18235				
A/NORWAY/566-1/2006				EPI_ISL_188151				
A/NORWAY/622/2006				EPI_ISL_188029				
A/NORWAY/621/2006				EPI_ISL_187319				
A/UMEA/6/2006				EPI_ISL_187630				
A/UMEA/7/2006				EPI_ISL_188348				
A/NORWAY/2250/2006				EPI_ISL_185543				
A/Kilkis/85/2006				EPI_ISL_19575				
A/Thessaloniki/90/2006				EPI_ISL_19577				
A/Germany/AF1748/2008				EPI_ISL_19835				
A/Athens/228/2000				EPI_ISL_20137				
A/Ukraine/218/2006				EPI_ISL_185090				
A/Romania/175/2000				EPI_ISL_185183				
A/Latvia/13794/2002				EPI_ISL_185250				
A/Latvia/4882/2002				EPI_ISL_185340				
A/LYON/52-339/2006				EPI_ISL_185482				
A/STOCKHOLM/20/2006				EPI_ISL_185488				
A/Norway/1/2008				EPI_ISL_185642				
A/Baden_Wuerttemburg/196/2008				EPI_ISL_185876				
A/MARSEILLE/1215/2006				EPI_ISL_185905				
A/LYON/1292/2006				EPI_ISL_186059				
A/Kiev/633/2000				EPI_ISL_186132				
A/LYON/52-58/2006				EPI_ISL_186192				
A/Firenze/24/2008				EPI_ISL_186224				
A/STOCKHOLM/21/2006				EPI_ISL_186468				
A/LYON/1331/2006				EPI_ISL_186547				
A/Baden_Wuerttemburg/194/2008				EPI_ISL_186733				
A/Paris/458/2008				EPI_ISL_186791				
A/TOULON/1244/2006				EPI_ISL_186804				
A/LYON/1313/2006				EPI_ISL_186830				
A/ZAGREB/4274/2006				EPI_ISL_186868				
A/Latvia/4742/2002				EPI_ISL_186892				
A/Romania/427/2000				EPI_ISL_187057				
A/LYON/1324/2006				EPI_ISL_187113				
A/Bulgaria/874/2000				EPI_ISL_187143				
A/Ulan_Ude/02/2008				EPI_ISL_23324				
A/Nordrhein_Westfalen/1/2010				EPI_ISL_187237				
A/LYON/1359/2006				EPI_ISL_187312				
A/LYON/636/2006				EPI_ISL_187318				
A/Latvia/2728/2002				EPI_ISL_187747				
A/Scotland/60380634/2006				EPI_ISL_89543				
A/Scotland/70480685/2007				EPI_ISL_89553				
A/Scotland/70480684/2007				EPI_ISL_89557				
A/Scotland/4/2007				EPI_ISL_89558				
A/Poitiers/1071/2010				EPI_ISL_188010				
A/Genoa/01/2010				EPI_ISL_188076				
A/Bulgaria/113/2000				EPI_ISL_188150				
A/Romania/387/2000				EPI_ISL_188188				
A/Germany/AF1850/2008				EPI_ISL_24422				
A/Germany/AF1851/2008				EPI_ISL_24423				
A/Germany/AF1852/2008				EPI_ISL_24424				
A/Germany/AF1853/2008				EPI_ISL_24425				
A/Germany/AF1854/2008				EPI_ISL_24426				
A/Germany/AF1855/2008				EPI_ISL_24427				
A/Germany/AF1856/2008				EPI_ISL_24428				
A/Germany/AF1857/2008				EPI_ISL_24429				
A/Germany/AF1858/2008				EPI_ISL_24430				
A/Germany/AF1859/2008				EPI_ISL_24431				
A/Germany/AF1860/2008				EPI_ISL_24432				
A/Germany/AF1861/2008				EPI_ISL_24433				
A/Germany/AF1862/2008				EPI_ISL_24434				
A/Germany/AF1863/2008				EPI_ISL_24435				
A/Germany/AF1864/2008				EPI_ISL_24436				
A/Germany/AF1865/2008				EPI_ISL_24437				
A/Iasi/47326/2010				EPI_ISL_90251				
A/Saint-Petersburg/RII-8182S/2021				EPI_ISL_12107776				
A/Saint-Petersburg/RII-8237S/2021				EPI_ISL_12107777				
A/Saint-Petersburg/RII-8793S/2021				EPI_ISL_12107778				
A/Saint-Petersburg/RII-9293S/2021				EPI_ISL_12107779				
A/Saint-Petersburg/RII-9302S/2021				EPI_ISL_12107780				
A/England/214780301/2021				EPI_ISL_8929357				
A/England/215060507/2021				EPI_ISL_9650270				
A/Finland/108/2019				EPI_ISL_2179275				
A/England/214840662/2021				EPI_ISL_8929400				
A/England/220200238/2021				EPI_ISL_9650274				
A/England/214860669/2021				EPI_ISL_8929401				
A/England/214880462/2021				EPI_ISL_8929402				
A/England/214880488/2021				EPI_ISL_8929403				
A/England/214880490/2021				EPI_ISL_8929404				
A/England/214880491/2021				EPI_ISL_8929405				
A/England/214880492/2021				EPI_ISL_8929406				
A/England/214800291/2021				EPI_ISL_8929397				
A/England/214820575/2021				EPI_ISL_8929398				
A/England/214820576/2021				EPI_ISL_8929399				
A/Austria/1202557/2019				EPI_ISL_409942				
A/Austria/1204623/2019				EPI_ISL_409943				
A/Berlin/63/2019				EPI_ISL_409950				
A/Brandenburg/28/2019				EPI_ISL_409951				
A/Berlin/62/2019				EPI_ISL_409949				
A/Bayern/115/2019				EPI_ISL_409946				
A/Austria/1204784/2019				EPI_ISL_409944				
A/Austria/1207674/2019				EPI_ISL_409945				
A/Catalonia/12042S/2019				EPI_ISL_409958				
A/Catalonia/12050S/2019				EPI_ISL_409959				
A/Bucuresti/252254/2019				EPI_ISL_409952				
A/Catalonia/3511932NS/2019				EPI_ISL_409960				
A/Catalonia/3512061NS/2019				EPI_ISL_409961				
A/England/195160658/2019				EPI_ISL_409975				
A/Denmark/1008/2019				EPI_ISL_344445				
A/Hessen/72/2019				EPI_ISL_409983				
A/Denmark/790/2019				EPI_ISL_344444				
A/Denmark/528/2019				EPI_ISL_344447				
A/Denmark/862/2019				EPI_ISL_344446				
A/England/670/2019				EPI_ISL_409978				
A/England/195200780/2019				EPI_ISL_409976				
A/Denmark/1054/2019				EPI_ISL_344453				
A/Denmark/1015/2019				EPI_ISL_344452				
A/Denmark/885/2019				EPI_ISL_344455				
A/Denmark/941/2019				EPI_ISL_344454				
A/Denmark/991/2019				EPI_ISL_344449				
A/Denmark/543/2019				EPI_ISL_344448				
A/Denmark/1003/2019				EPI_ISL_344451				
A/Ireland/93664/2019				EPI_ISL_409985				
A/Denmark/959/2019				EPI_ISL_344450				
A/Lithuania/MB170/2019				EPI_ISL_409998				
A/Limoges/2326/2019				EPI_ISL_409996				
A/Lisboa/118/2019				EPI_ISL_409997				
A/La_Reunion/2125/2019				EPI_ISL_409994				
A/La_Reunion/2138/2019				EPI_ISL_409995				
A/Denmark/855/2019				EPI_ISL_344456				
A/Finland/245/2021				EPI_ISL_14254423				
A/Macedonia/185/2020				EPI_ISL_410006				
A/Montenegro/167/2019				EPI_ISL_410007				
A/Macedonia/150/2020				EPI_ISL_410004				
A/Macedonia/160/2020				EPI_ISL_410005				
A/Lyon/2358/2019				EPI_ISL_410002				
A/Macedonia/144/2020				EPI_ISL_410003				
A/Lithuania/MB398/2020				EPI_ISL_410000				
A/Lithuania/MB42384/2019				EPI_ISL_410001				
A/Norway/108/2020				EPI_ISL_410014				
A/Flint/9393/2021				EPI_ISL_8339942				
A/Norway/2996/2019				EPI_ISL_410015				
A/Nordrhein-Westfalen/137/2019				EPI_ISL_410012				
A/Norway/100/2020				EPI_ISL_410013				
A/Netherlands/10285/2019				EPI_ISL_410010				
A/Netherlands/10286/2019				EPI_ISL_410011				
A/Netherlands/10282/2019				EPI_ISL_410008				
A/Netherlands/10284/2019				EPI_ISL_410009				
A/Palermo/41/2019				EPI_ISL_410022				
A/Denmark/1959/2019				EPI_ISL_344485				
A/Denmark/1652/2019				EPI_ISL_344484				
A/Palermo/02/2020				EPI_ISL_410020				
A/Denmark/1564/2019				EPI_ISL_344487				
A/Palermo/36/2019				EPI_ISL_410021				
A/Denmark/1506/2019				EPI_ISL_344486				
A/Norway/91/2020				EPI_ISL_410018				
A/Denmark/1578/2019				EPI_ISL_344481				
A/Norway/95/2020				EPI_ISL_410019				
A/Denmark/1957/2019				EPI_ISL_344480				
A/Norway/47/2020				EPI_ISL_410016				
A/Denmark/1539/2019				EPI_ISL_344483				
A/Norway/71/2020				EPI_ISL_410017				
A/Denmark/1377/2019				EPI_ISL_344482				
A/Portugal/125/2019				EPI_ISL_410030				
A/Portugal/16/2019				EPI_ISL_410031				
A/Ireland/09105/2019				EPI_ISL_344492				
A/Parma/391/2019				EPI_ISL_410028				
A/Ireland/11494/2019				EPI_ISL_344495				
A/Poland/1521/2020				EPI_ISL_410029				
A/Ireland/10563/2019				EPI_ISL_344494				
A/Denmark/1570/2019				EPI_ISL_344489				
A/Denmark/1395/2019				EPI_ISL_344488				
A/Denmark/1542/2019				EPI_ISL_344490				
A/Thuringen/3/2020				EPI_ISL_410038				
A/Ireland/13739/2019				EPI_ISL_344500				
A/St._Petersburg/2144V/2019				EPI_ISL_410037				
A/Ireland/14427/2019				EPI_ISL_344502				
A/Serbia/180/2020				EPI_ISL_410034				
A/Serbia/266/2020				EPI_ISL_410035				
A/Portugal/6/2019				EPI_ISL_410032				
A/Ireland/12941/2019				EPI_ISL_344499				
A/Saarland/25/2019				EPI_ISL_410033				
A/Ireland/12769/2019				EPI_ISL_344498				
A/Valladolid/310/2019				EPI_ISL_410042				
A/Ireland/15338/2019				EPI_ISL_344505				
A/Finland/136/2019				EPI_ISL_410043				
A/Ireland/16594/2019				EPI_ISL_344506				
A/Bratislava/328/2019				EPI_ISL_377295				
A/Netherlands/00136/2020				EPI_ISL_410061				
A/Voronezh/CRIE/4/2021				EPI_ISL_4473225				
A/Netherlands/00145/2020				EPI_ISL_410069				
A/Galanta/473/2019				EPI_ISL_377297				
A/Netherlands/00142/2020				EPI_ISL_410067				
A/Bratislava/446/2019				EPI_ISL_377296				
A/Netherlands/00139/2020				EPI_ISL_410064				
A/Gomel/1539/2019				EPI_ISL_377298				
A/Sachsen/4/2020				EPI_ISL_410078				
A/Bayern/6/2020				EPI_ISL_410076				
A/Iceland/4/2019				EPI_ISL_377311				
A/Netherlands/00148/2020				EPI_ISL_410077				
A/Iceland/38/2019(7292)				EPI_ISL_377310				
A/Netherlands/00147/2020				EPI_ISL_410074				
A/Netherlands/00146/2020				EPI_ISL_410072				
A/Iceland/73/2019(11373)				EPI_ISL_377317				
A/Iceland/72/2019(11281)				EPI_ISL_377316				
A/Bayern/8/2020				EPI_ISL_410084				
A/Netherlands/00151/2020				EPI_ISL_410085				
A/Iceland/75/2019(11689)				EPI_ISL_377318				
A/Netherlands/00150/2020				EPI_ISL_410082				
A/Iceland/59/2019				EPI_ISL_377313				
A/Berlin/8/2020				EPI_ISL_410083				
A/Iceland/54/2019(8514)				EPI_ISL_377312				
A/Niedersachsen/10/2020				EPI_ISL_410080				
A/Iceland/71/2019				EPI_ISL_377315				
A/Berlin/9/2020				EPI_ISL_410081				
A/Netherlands/00154/2020				EPI_ISL_410093				
A/Thueringen/6/2020				EPI_ISL_410091				
A/Sachsen/9/2020				EPI_ISL_410088				
A/Saint-Denis/48407/2021				EPI_ISL_14795022				
A/Baden-Wuerttemberg/7/2020				EPI_ISL_410089				
A/Bremen/1/2021				EPI_ISL_9322868				
A/England/214720680/2021				EPI_ISL_8929977				
A/England/215000226/2021				EPI_ISL_8929978				
A/England/215020405/2021				EPI_ISL_8929979				
A/England/215040321/2021				EPI_ISL_8929980				
A/England/215040641/2021				EPI_ISL_8929981				
A/England/215040644/2021				EPI_ISL_8929982				
A/England/215060504/2021				EPI_ISL_8929983				
A/England/215060505/2021				EPI_ISL_8929984				
A/England/215060508/2021				EPI_ISL_8929985				
A/England/215060509/2021				EPI_ISL_8929986				
A/England/215060510/2021				EPI_ISL_8929987				
A/England/215060511/2021				EPI_ISL_8929988				
A/England/215080973/2021				EPI_ISL_8929989				
A/England/215080985/2021				EPI_ISL_8929990				
A/England/215081119/2021				EPI_ISL_8929991				
A/Germany/12219/2021				EPI_ISL_4702755				
A/Germany/12218/2021				EPI_ISL_4702754				
A/Valencia/10_1017_20200120				EPI_ISL_410294				
A/Valencia/07_1105_20200128				EPI_ISL_410292				
A/Valencia/07_1116_20200129				EPI_ISL_410293				
A/Netherlands/00107/2020				EPI_ISL_410383				
A/Netherlands/00100/2020				EPI_ISL_410381				
A/Netherlands/00129/2020				EPI_ISL_410390				
A/Netherlands/00130/2020				EPI_ISL_410391				
A/Netherlands/00124/2020				EPI_ISL_410388				
A/Netherlands/00122/2020				EPI_ISL_410386				
A/Netherlands/00123/2020				EPI_ISL_410387				
A/Netherlands/00109/2020				EPI_ISL_410384				
A/Netherlands/00110/2020				EPI_ISL_410385				
A/Netherlands/00119/2020				EPI_ISL_410396				
A/Netherlands/00120/2020				EPI_ISL_410397				
A/Netherlands/00118/2020				EPI_ISL_410395				
A/Netherlands/00094/2020				EPI_ISL_410393				
A/Netherlands/00111/2020				EPI_ISL_410400				
A/Lyon/0053/2020				EPI_ISL_410427				
A/Khakassia/155-06V/2021				EPI_ISL_8799022				
A/Khakassia/155-08V/2021				EPI_ISL_8799023				
A/Bari/02/2020				EPI_ISL_525544				
A/Bari/01/2020				EPI_ISL_525545				
A/Nordrhein-Westfalen/12/2020				EPI_ISL_410966				
A/Rheinland-Pfalz/9/2020				EPI_ISL_410967				
A/Bayern/12/2020				EPI_ISL_410965				
A/Bayern/17/2020				EPI_ISL_410974				
A/Bayern/29/2020				EPI_ISL_410975				
A/Berlin/14/2020				EPI_ISL_410973				
A/Baden-Wuerttemberg/20/2020				EPI_ISL_410970				
A/Niedersachsen/14/2020				EPI_ISL_410971				
A/Berlin/10/2020				EPI_ISL_410968				
A/Baden-Wuerttemberg/17/2020				EPI_ISL_410969				
A/Berlin/18/2020				EPI_ISL_410980				
A/Bayern/28/2020				EPI_ISL_410981				
A/Berlin/16/2020				EPI_ISL_410978				
A/Berlin/17/2020				EPI_ISL_410979				
A/Berlin/19/2020				EPI_ISL_410976				
A/Nordrhein-Westfalen/21/2020				EPI_ISL_410977				
A/England/201041548/2020				EPI_ISL_9029123				
A/England/201100892/2020				EPI_ISL_9029144				
A/England/201141141/2020				EPI_ISL_9029177				
A/England/201141139/2020				EPI_ISL_9029176				
A/England/201141142/2020				EPI_ISL_9029178				
A/England/201141136/2020				EPI_ISL_9029169				
A/England/201141138/2020				EPI_ISL_9029173				
A/England/203680658/2020				EPI_ISL_9029224				
A/England/201141147/2020				EPI_ISL_9029627				
A/Thessaloniki/238/2020				EPI_ISL_477124				
A/Thessaloniki/145/2020				EPI_ISL_477123				
A/Thessaloniki/91/2020				EPI_ISL_477122				
A/Thessaloniki/148/2020				EPI_ISL_477121				
A/Thessaloniki/17/2020				EPI_ISL_477120				
A/United_Kingdom/UO-4a821f431/2022				EPI_ISL_18776390				
A/United_Kingdom/UO-4a8af7dc7/2022				EPI_ISL_18776391				
A/United_Kingdom/UO-4a80dd4e0/2022				EPI_ISL_18776389				
A/United_Kingdom/UO-4a7a66ecd/2022				EPI_ISL_18776387				
A/United_Kingdom/UO-4a72b021e/2022				EPI_ISL_18776384				
A/United_Kingdom/UO-4a77cbd1a/2022				EPI_ISL_18776385				
A/United_Kingdom/UO-4ddc6bc16/2022				EPI_ISL_18776442				
A/United_Kingdom/UO-4deeaf666/2022				EPI_ISL_18776443				
A/United_Kingdom/UO-4dd02645f/2022				EPI_ISL_18776441				
A/United_Kingdom/UO-4db240474/2022				EPI_ISL_18776433				
A/United_Kingdom/UO-4db15e691/2022				EPI_ISL_18776426				
A/United_Kingdom/UO-4d8b1f37a/2022				EPI_ISL_18776424				
A/United_Kingdom/UO-4d8fe6ce9/2022				EPI_ISL_18776425				
A/Northern_Ireland/V32293495/2022				EPI_ISL_12943548				
A/United_Kingdom/UO-4d86bd79a/2022				EPI_ISL_18776416				
A/United_Kingdom/UO-4d8aab2d3/2022				EPI_ISL_18776417				
A/United_Kingdom/UO-4d4f12760/2022				EPI_ISL_18776477				
A/United_Kingdom/UO-4d5bf7fb2/2022				EPI_ISL_18776472				
A/United_Kingdom/UO-4e1ac32d6/2022				EPI_ISL_18776463				
A/United_Kingdom/UO-4e1a3103c/2022				EPI_ISL_18776456				
A/United_Kingdom/UO-4e1407ab1/2022				EPI_ISL_18776452				
A/United_Kingdom/UO-4df9c30fc/2022				EPI_ISL_18776449				
A/United_Kingdom/UO-4ca965743/2022				EPI_ISL_18776502				
A/United_Kingdom/UO-4c7e25384/2022				EPI_ISL_18776497				
A/United_Kingdom/UO-4d4a25427/2022				EPI_ISL_18776490				
A/United_Kingdom/UO-4d4b1e14c/2022				EPI_ISL_18776481				
A/Siracusa/1/2022				EPI_ISL_16678973				
A/United_Kingdom/UO-4cb451c93/2022				EPI_ISL_18776538				
A/Milano/315/2022				EPI_ISL_16678971				
A/Parma/133/2022				EPI_ISL_16678967				
A/Parma/99/2022				EPI_ISL_16678965				
A/United_Kingdom/UO-4cae02787/2022				EPI_ISL_18776517				
A/United_Kingdom/UO-4d08d0c50/2022				EPI_ISL_18776573				
A/United_Kingdom/UO-4cfd582d8/2022				EPI_ISL_18776562				
A/United_Kingdom/UO-4cf873e1c/2022				EPI_ISL_18776559				
A/United_Kingdom/UO-4ced863bc/2022				EPI_ISL_18776553				
A/Bolzano/53/2022				EPI_ISL_17072636				
A/Bolzano/54/2022				EPI_ISL_17072637				
A/Bolzano/55/2022				EPI_ISL_17072638				
A/Bolzano/56/2022				EPI_ISL_17072639				
A/United_Kingdom/UO-4e3a6997f/2022				EPI_ISL_18776544				
A/Bolzano/52/2022				EPI_ISL_17072635				
A/United_Kingdom/UO-400454b41/2023				EPI_ISL_18776890				
A/United_Kingdom/UO-400aa84e2/2023				EPI_ISL_18776891				
A/United_Kingdom/UO-40260e79b/2023				EPI_ISL_18776897				
A/United_Kingdom/UO-4124cc3cc/2023				EPI_ISL_18776959				
A/United_Kingdom/UO-407ce9efc/2023				EPI_ISL_18776945				
A/United_Kingdom/UO-40662c763/2023				EPI_ISL_18776943				
A/United_Kingdom/UO-41cde87f1/2023				EPI_ISL_18776931				
A/United_Kingdom/UO-426bfc8cc/2023				EPI_ISL_18776589				
A/Bolzano/1/2023				EPI_ISL_17072656				
A/Bolzano/2/2023				EPI_ISL_17072657				
A/Bolzano/3/2023				EPI_ISL_17072658				
A/St.Petersburg/CRIE/36/2023				EPI_ISL_18514471				
A/St.Petersburg/CRIE/32/2023				EPI_ISL_18514469				
A/Netherlands/02105/2024				EPI_ISL_19661381				
A/Netherlands/02099/2024				EPI_ISL_19661376				
A/Netherlands/02101/2024				EPI_ISL_19661378				
A/Netherlands/01501/2024				EPI_ISL_19071670				
A/Netherlands/01499/2024				EPI_ISL_19071669				
A/Netherlands/01511/2024				EPI_ISL_19071675				
A/Netherlands/01509/2024				EPI_ISL_19071673				
A/Netherlands/01505/2024				EPI_ISL_19071672				
A/Netherlands/01536/2024				EPI_ISL_19071679				
A/Netherlands/01527/2024				EPI_ISL_19071677				
A/Netherlands/01525/2024				EPI_ISL_19071676				
A/Netherlands/10648/2024				EPI_ISL_19530475				
A/Belgium/H0108/2024				EPI_ISL_19464929				
A/Belgium/H0109/2024				EPI_ISL_19464930				
A/Tula/CRIE/582/2024				EPI_ISL_19071683				
A/Tula/CRIE/585/2024				EPI_ISL_19071686				
A/Tula/CRIE/584/2024				EPI_ISL_19071685				
A/Tula/CRIE/583/2024				EPI_ISL_19071684				
A/France/GES-RELAB-IPP05238/2024				EPI_ISL_19268902				
A/France/GES-RELAB-IPP05685/2024				EPI_ISL_19268903				
A/France/IDF-IPP06119/2024				EPI_ISL_19268918				
A/Catalonia/NSGT198295452/2024				EPI_ISL_19006774				
A/France/GES-RELAB-IPP05952/2024				EPI_ISL_19268913				
A/France/GES-RELAB-IPP06300/2024				EPI_ISL_19268926				
A/France/GES-RELAB-IPP06550/2024				EPI_ISL_19268927				
A/Catalonia/NSGT198295467/2024				EPI_ISL_19006779				
A/France/IDF-RELAB-IPP06217/2024				EPI_ISL_19268922				
A/Catalonia/NSGT198295468/2024				EPI_ISL_19006780				
A/Belgium/H0114/2024				EPI_ISL_19465487				
A/Crundale/8108/2024				EPI_ISL_19268895				
A/Denmark/3028/2024				EPI_ISL_19694949				
A/Denmark/3027/2024				EPI_ISL_19694947				
A/Denmark/2941/2024				EPI_ISL_19694973				
A/Denmark/2814/2024				EPI_ISL_19694964				
A/Denmark/2775/2024				EPI_ISL_19694963				
A/France/GES-RELAB-IPP06771/2024				EPI_ISL_19268934				
A/France/GES-RELAB-IPP06840/2024				EPI_ISL_19268935				
A/France/GES-RELAB-IPP06770/2024				EPI_ISL_19268933				
A/France/IDF-RELAB-IPP06622/2024				EPI_ISL_19268931				
A/Catalonia/NSVH151047434/2024				EPI_ISL_19006794				
A/Catalonia/NSVH160128913/2024				EPI_ISL_19006795				
A/France/GES-RELAB-IPP07042/2024				EPI_ISL_19268940				
A/Catalonia/NSVH102292567/2024				EPI_ISL_19006793				
A/Catalonia/NSVH171612787/2024				EPI_ISL_19006797				
A/Denmark/2942/2024				EPI_ISL_19694941				
A/Denmark/2936/2024				EPI_ISL_19694942				
A/Denmark/2870/2024				EPI_ISL_19694943				
A/Catalonia/NSVH101994453/2023				EPI_ISL_16647280				
A/Catalonia/NSVH101994491/2023				EPI_ISL_16647266				
A/Norway/03891/2023				EPI_ISL_17434030				
A/Denmark/3032/2024				EPI_ISL_19694976				
A/Norway/03984/2023				EPI_ISL_17434023				
A/Catalonia/NSVH101994771/2023				EPI_ISL_16647251				
A/Norway/03937/2023				EPI_ISL_17434020				
A/Norway/03809/2023				EPI_ISL_17434035				
A/Norway/03689/2023				EPI_ISL_17434032				
A/Catalonia/NSVH101997059/2023				EPI_ISL_16647236				
A/Caceres/59816379/2023				EPI_ISL_18810328				
A/Tomsk/3/2024				EPI_ISL_19072491				
A/Catalonia/NSVH101996060/2023				EPI_ISL_16647222				
A/Tomsk/2/2024				EPI_ISL_19072490				
A/Orenburg/61/2023				EPI_ISL_19072489				
A/Moscow/26/2023				EPI_ISL_19072488				
A/Tomsk/12/2024				EPI_ISL_19072494				
A/Tomsk/9/2024				EPI_ISL_19072493				
A/Tomsk/6/2024				EPI_ISL_19072492				
A/Vladivostok/NRCEM-81/2023				EPI_ISL_19072496				
A/Baleares/1627/2023				EPI_ISL_17958341				
A/Catalonia/NSVH171694719/2023				EPI_ISL_16647207				
A/Cantabria/1704/2023				EPI_ISL_17958344				
A/Tomsk/23/2024				EPI_ISL_19072511				
A/Tomsk/21/2024				EPI_ISL_19072510				
A/Tomsk/18/2024				EPI_ISL_19072509				
A/Lisboa/1118/2025				EPI_ISL_20382083				
A/England/3140746/2025				EPI_ISL_20152711				
A/England/3140745/2025				EPI_ISL_20152710				
A/Lisboa/1117/2025				EPI_ISL_20382081				
A/Stakhanov/RII-MH266116S/2025				EPI_ISL_20283779				
A/England/3120971/2025				EPI_ISL_20152709				
A/Lisboa/1116/2025				EPI_ISL_20382080				
A/Saint-Peterburg/RII-MH266163S/2025				EPI_ISL_20283789				
A/Saint-Peterburg/RII-MH266162S/2025				EPI_ISL_20283788				
A/Romania_BB/606562/2025				EPI_ISL_20316556				
A/Saint-Peterburg/RII-MH266188S/2025				EPI_ISL_20283791				
A/England/3220703/2025				EPI_ISL_20152713				
A/Saint-Peterburg/RII-MH266186S/2025				EPI_ISL_20283790				
A/England/3200542/2025				EPI_ISL_20152712				
A/Romania_IS/606951/2025				EPI_ISL_20316554				
A/Saint-Peterburg/RII-MH266153S/2025				EPI_ISL_20283785				
A/Lisboa/1125/2025				EPI_ISL_20382090				
A/Romania_SV/606956/2025				EPI_ISL_20316555				
A/Saint-Peterburg/RII-MH266151S/2025				EPI_ISL_20283784				
A/Lisboa/1124/2025				EPI_ISL_20382089				
A/Saint-Peterburg/RII-MH266159S/2025				EPI_ISL_20283787				
A/Lisboa/1123/2025				EPI_ISL_20382088				
A/Saint-Peterburg/RII-MH266158S/2025				EPI_ISL_20283786				
A/Saint-Peterburg/RII-MH266716S/2025				EPI_ISL_20283893				
A/Saint-Peterburg/RII-MH266711S/2025				EPI_ISL_20283892				
A/Saint-Peterburg/RII-MH266720S/2025				EPI_ISL_20283895				
A/Saint-Peterburg/RII-MH266718S/2025				EPI_ISL_20283894				
A/Belgium/G0665/2025				EPI_ISL_20218359				
A/Saint-Peterburg/RII-MH266707S/2025				EPI_ISL_20283889				
A/France/IDF-RELAB-IPPG0031/2025				EPI_ISL_20349424				
A/Saint-Peterburg/RII-MH266710S/2025				EPI_ISL_20283891				
A/France/IDF-RELAB-IPPG0034/2025				EPI_ISL_20349425				
A/Saint-Peterburg/RII-MH266708S/2025				EPI_ISL_20283890				
A/Ulan-Ude/RII-MH267151S/2025				EPI_ISL_20283901				
A/Belgium/G0508/2025				EPI_ISL_20218364				
A/France/BRE-IPPG0054/2025				EPI_ISL_20349439				
A/Romania_AR/607401/2025				EPI_ISL_20316671				
A/Saint-Peterburg/RII-MH266729S/2025				EPI_ISL_20283900				
A/Belgium/G0307/2025				EPI_ISL_20218365				
A/Cherepovets/RII-MH267217S/2025				EPI_ISL_20283903				
A/Cherepovets/RII-MH267216S/2025				EPI_ISL_20283902				
A/Saint-Peterburg/RII-MH266724S/2025				EPI_ISL_20283897				
A/Belgium/H0112/2025				EPI_ISL_20218360				
A/Saint-Peterburg/RII-MH266723S/2025				EPI_ISL_20283896				
A/Belgium/S8095/2025				EPI_ISL_20218361				
A/Saint-Peterburg/RII-MH266728S/2025				EPI_ISL_20283899				
A/Belgium/H0117/2025				EPI_ISL_20218362				
A/Saint-Peterburg/RII-MH266726S/2025				EPI_ISL_20283898				
A/Belgium/H0119/2025				EPI_ISL_20218363				
A/France/HDF-IPPG0011/2025				EPI_ISL_20349415				
A/Stockholm/8/1992				CY112532.1				
A/England/1/1993				EPI131542				
A/England/247/1993				EPI131544				
A/England/269/93				EPI131546				
A/England/284/1993				EPI131548				
A/England/286/1993				EPI131550				
A/England/289/1993				EPI131552				
A/England/328/1993				EPI131554				
A/England/346/1993				EPI131556				
A/England/347/1993				EPI131558				
A/England/471/1993				EPI131560				
A/Madrid/252/1993				EPI131578				
A/Scotland/2/1993				EPI131580				
A/Paris/1/92				EPI3645				
A/Scotland/174/1993				EPI131586				
A/Scotland/173/1993				EPI131588				
A/Umea/1/92				EPI3715				
A/Umea/2/92				EPI3717				
A/Spain/118/93				EPI3733				
A/Russia/31/93				EPI3739				
A/Russia/58/93				EPI3939				
A/Paris/688/93				EPI3967				
A/Netherlands/372/93				EPI24104				
A/England/220/93				EPI4011				
A/Spain/125/93				EPI4015				
A/Spain/190/93				EPI4017				
A/Stockholm/1/93				EPI4019				
A/Oslo/102/1999				EF670521.1				
A/Oslo/820/1999				EF670524.1				
A/Oslo/3161/99				EF670534.1				
A/Oslo/841/2000				EF670536.1				
A/Oslo/834/1999				EF670525.1				
A/Oslo/910/1999				EF670526.1				
A/Oslo/881/1999				EF670522.1				
A/Oslo/936/99				EF670538.1				
A/Stockholm/1/99				EPI98243				
A/Netherlands/440/1993				EPI1244399				
A/Scotland/230/1999				JF710760.1				
A/Scotland/211/1999				JF710759.1				
A/Scotland/262/1999				JF710761.1				
A/Netherlands/398/93				EPI24110				
A/Netherlands/371/93				EPI24106				
A/Finland/191/92				EPI19530				
A/Finland/190/92				EPI19532				
A/Finland/245/92				EPI19534				
A/Finland/205/92				EPI19536				
A/Finland/321/93				EPI19538				
A/Finland/331/93				EPI19540				
A/Finland/273/93				EPI19542				
A/Finland/270/93				EPI19544				
A/Finland/269/93				EPI19546				
A/Finland/250/93				EPI19548				
A/Finland/256/93				EPI19764				
A/Netherlands/823/92				EPI23994				
A/Netherlands/115/93				EPI24058				
A/Netherlands/101/93				EPI24056				
A/Netherlands/126/93				EPI24060				
A/Netherlands/165/93				EPI24070				
A/Lyon/1670/1999				EPI1919357				
A/Madrid/G960/99				EPI8532				
A/Madrid/RR444/99				EPI8558				
A/Madrid/RR490/99				EPI8560				
A/Madrid/RR498/99				EPI8562				
A/Madrid/SO1745/98				EPI8592				
A/Madrid/SO1747/98				EPI8594				
A/Madrid/SO1798/98				EPI8596				
A/Madrid/SO2017/98				EPI8598				
A/Madrid/SO2060/98				EPI8600				
A/Madrid/SO2447/99				EPI8602				
A/Madrid/SO2523/99				EPI8604				
A/Madrid/SO2531/99				EPI8606				
A/Switzerland/7729/98				EPI14550				
A/Netherlands/938/1991				CY113749.1				
A/Oviedo/31/1991				CY113773.1				
A/Paris/320/1991				CY113781.1				
A/Paris/325/1991				CY113789.1				
A/Paris/407/1991				CY113797.1				
A/Paris/417/1991				CY113805.1				
A/Paris/424/1991				CY113813.1				
A/Paris/457/1991				CY113821.1				
A/Paris/467/1991				CY113829.1				
A/Paris/548/1991				CY113845.1				
A/Tilburg/5957/1991				CY113925.1				
A/Paris/490/1991				CY112500.2				
A/Netherlands/3/1992				CY112581.1				
A/Netherlands/371/1993				CY112621.1				
A/Oslo/2219/1993				CY112637.1				
A/IIV-Orenburg/83/2012					EPI1853287			EPI1853290
A/Alsace/1256/2018					EPI1238450			EPI1238451
A/Paris/1576/2018					EPI1238458			EPI1238459
A/Bretagne/1580/2018					EPI1238466			EPI1238467
A/Pays_de_Loire/1614/2018					EPI1238474			EPI1238475
A/Lorraine/1049/2018					EPI1238442			EPI1238443
A/Paris/1687/2018					EPI1238515			EPI1238516
A/Paris/1703/2018					EPI1238523			EPI1238524
A/Paris/1708/2018					EPI1238531			EPI1238532
A/Paris/1710/2018					EPI1238537			EPI1238538
A/Dijon/1625/2018					EPI1238482			EPI1238483
A/Paris/1648/2018					EPI1238490			EPI1238491
A/Paris/1649/2018					EPI1238498			EPI1238499
A/Pays_de_Loire/1654/2018					EPI1238507			EPI1238508
A/Dijon/1730/2018					EPI1238544			EPI1238545
A/Pays_de_Loire/1656/2018					EPI1238558			EPI1238560
A/IIV-Yekaterinburg/107/2013					EPI1853311			EPI1853314
A/Macedonia/241/2018					EPI1238971			EPI1238972
A/Macedonia/243/2018					EPI1238979			EPI1238980
A/Macedonia/246/2018					EPI1238987			EPI1238988
A/IIV-Yaroslavl/96/2013					EPI1853295			EPI1853298
A/IIV-Chabarovsk/98/2013					EPI1853303			EPI1853306
A/Sweden/45/2020					EPI1727929			EPI1727930
A/Bryansk/IIV2971/2009					EPI230268			EPI230270
A/Tomsk/07/2009					EPI230302			EPI230305
A/Russia/178/2009					EPI230401			EPI230404
A/Russia/200/2009					EPI230417			EPI230420
A/Russia/74/2009					EPI230425			EPI230428
A/Russia/191/2009					EPI230490			EPI230493
A/Russia/14/2009					EPI230482			EPI230485
A/Belgium/IG0081/2020					EPI1859018			EPI1859023
A/Belgium/IS0609/2020					EPI1868664			EPI1868669
A/Serbia/555/2019					EPI1603813			EPI1603814
A/Serbia/583/2019					EPI1603821			EPI1603822
A/Serbia/527/2019					EPI1603843			EPI1603844
A/Serbia/596/2019					EPI1603829			EPI1603830
A/Serbia/741/2019					EPI1603835			EPI1603836
A/Cyprus/F1277/2020					EPI1943667			EPI1943665
A/Cyprus/F1180/2020					EPI1943694			EPI1943692
A/Cyprus/F1128/2020					EPI1943657			EPI1943655
A/Cyprus/F1318/2020					EPI1943639			EPI1943637
A/Saint-Petersburg/RII-1750S/2019					EPI1691006			EPI1691007
A/Saint-Petersburg/RII-1735S/2019					EPI1690998			EPI1690999
A/Saint-Petersburg/RII-886S/2019					EPI1690973			EPI1690974
A/Novosibirsk/RII-4980S/2019					EPI1691054			EPI1691055
A/Novosibirsk/RII-4964S/2019					EPI1691038			EPI1691039
A/Saint-Petersburg/RII-2964S/2019					EPI1691022			EPI1691023
A/Ukraine/8450/2020					EPI1943728			EPI1943726
A/Ukraine/8449/2020					EPI1943722			EPI1943720
A/Novosibirsk/RII-5011S/2019					EPI1691142			EPI1691143
A/Novosibirsk/RII-4994S/2019					EPI1691118			EPI1691119
A/Novosibirsk/RII-4986S/2019					EPI1691086			EPI1691087
A/Novosibirsk/RII-4988S/2019					EPI1691094			EPI1691095
A/Ukraine/8670/2020					EPI1943746			EPI1943744
A/Ukraine/8618/2020					EPI1943661			EPI1943659
A/Novosibirsk/RII-5049S/2019					EPI1691206			EPI1691207
A/Ukraine/8617/2020					EPI1943689			EPI1943687
A/Novosibirsk/RII-5042S/2019					EPI1691182			EPI1691183
A/Ukraine/8482/2020					EPI1943681			EPI1943679
A/Novosibirsk/RII-5043S/2019					EPI1691190			EPI1691191
A/Ukraine/8481/2020					EPI1943685			EPI1943683
A/Ukraine/8474/2020					EPI1943712			EPI1943710
A/St_Petersburg/RII-331S/2019					EPI1382675			EPI1382676
A/St_Petersburg/RII-327S/2019					EPI1382667			EPI1382668
A/England/80580531/2018					EPI1241870			EPI1241871
A/St_Petersburg/RII-334S/2019					EPI1382691			EPI1382692
A/St_Petersburg/RII-332S/2019					EPI1382683			EPI1382684
A/England/409/2018					EPI1241926			EPI1241927
A/England/330/2018					EPI1241942			EPI1241943
A/England/329/2018					EPI1241958			EPI1241959
A/England/419/2018					EPI1242054			EPI1242055
A/England/418/2018					EPI1242022			EPI1242023
A/England/420/2018					EPI1242086			EPI1242087
A/England/81140612/2018					EPI1242438			EPI1242439
A/England/478/2018					EPI1242446			EPI1242447
A/Netherlands/10120/2019					EPI1441469			EPI1441470
A/England/498/2018					EPI1242574			EPI1242575
A/England/563/2018					EPI1242614			EPI1242615
A/Netherlands/10126/2019					EPI1441481			EPI1441482
A/England/499/2018					EPI1242606			EPI1242607
A/Castellon/02_1203_20190118					EPI1383436			EPI1383440
A/Vladivostok/125/2019					EPI1547278			EPI1545723
A/Krasnoyarsk/RII-05/2019					EPI1546241			EPI1546242
A/St_Petersburg/RII-296/2019					EPI1547620			EPI1546239
A/England/684/2019					EPI1740932			EPI1740933
A/England/683/2019					EPI1740916			EPI1740917
A/Stavropol/1/2019					EPI1605048			EPI1605051
A/Moscow/13/2019					EPI1546461			EPI1546462
A/England/692/2019					EPI1741190			EPI1741191
A/England/698/2019					EPI1741454			EPI1741455
A/England/697/2019					EPI1741430			EPI1741431
A/Denmark/523/2009					EPI190199			EPI190202
A/Denmark/524/2009					EPI190207			EPI190210
A/Orenburg/202/2019					EPI1547172			EPI1547174
A/Orenburg/200/2019					EPI1547188			EPI1547189
A/Vladivostok/122/2019					EPI1547237			EPI1547238
A/Vladivostok/116/2019					EPI1547252			EPI1547254
A/Tomsk/144/2019					EPI1547205			EPI1547206
A/Vladivostok/126/2019					EPI1547221			EPI1547222
A/Moscow/194/2019					EPI1547298			EPI1547300
A/Moscow/192/2019					EPI1547315			EPI1547318
A/Vladivostok/3/2019					EPI1547267			EPI1547268
A/Moscow/196/2019					EPI1547280			EPI1547282
A/Moscow/165/2019					EPI1547372			EPI1547373
A/Moscow/161/2019					EPI1547391			EPI1547392
A/Moscow/163/2019					EPI1547383			EPI1547384
A/Paris/982/2018					EPI1243879			EPI1243880
A/IIV-Moscow/248-LR/15					EPI1851840			EPI1851843
A/Novosibirsk/02/2009					EPI233323			EPI233324
A/Tver/IIV2969/2009					EPI234006			EPI234009
A/England/60760204/2016					EPI722258			EPI722259
A/England/60760209/2016					EPI722290			EPI722291
A/England/60760208/2016					EPI722282			EPI722283
A/England/60760207/2016					EPI722274			EPI722275
A/Russia/171/2009					EPI234543			EPI234546
A/Russia/12/2009					EPI234535			EPI234538
A/Russia/180/2009					EPI234551			EPI234554
A/Russia/61/2009					EPI234567			EPI234570
A/Tomsk/IIV-19/2012					EPI367738			EPI367741
A/Netherlands/502/2017					EPI959340			EPI959339
A/Anapa/421/2017					EPI1246126			EPI1246127
A/IIV-Moscow/115/2013					EPI1853319			EPI1853322
A/IIV-Maykop/116/2013					EPI1853327			EPI1853330
A/Tomsk/05/2009					EPI235354			EPI235357
A/Sweden/42/2015					EPI724990			EPI724993
A/Sweden/43/2015					EPI725029			EPI725031
A/Moscow_/214/2018					EPI1385370			EPI1385371
A/Moscow/206/2018					EPI1385362			EPI1385363
A/Lipetsk/204/2018					EPI1385386			EPI1385387
A/Moscow/221/2018					EPI1385378			EPI1385379
A/Sweden/44/2015					EPI725052			EPI725055
A/Moscow/228/2018					EPI1385330			EPI1385331
A/Moscow/223/2018					EPI1385346			EPI1385347
A/St_Petersburg/RII-563/2018					EPI1385623			EPI1385624
A/St_Petersburg/RII-562/2018					EPI1385615			EPI1385616
A/Sweden/32/2012					EPI484218			EPI484219
A/Sweden/33/2012					EPI484225			EPI484226
A/Sweden/31/2012					EPI484213			EPI484214
A/Sweden/118/2013					EPI484256			EPI484257
A/Sweden/34/2012					EPI484233			EPI484234
A/Sweden/35/2012					EPI484241			EPI484242
A/Sweden/121/2013					EPI484280			EPI484281
A/Sweden/119/2013					EPI484264			EPI484265
A/Sweden/120/2013					EPI484272			EPI484273
A/Sweden/124/2013					EPI484311			EPI484312
A/Sweden/125/2013					EPI484319			EPI484320
A/Sweden/122/2013					EPI484295			EPI484296
A/Sweden/123/2013					EPI484303			EPI484304
A/Sweden/128/2013					EPI484343			EPI484344
A/Sweden/129/2013					EPI484351			EPI484352
A/Sweden/126/2013					EPI484327			EPI484328
A/Sweden/127/2013					EPI484335			EPI484336
A/Sweden/132/2013					EPI484375			EPI484376
A/Sweden/133/2013					EPI484383			EPI484384
A/Sweden/130/2013					EPI484359			EPI484360
A/Sweden/131/2013					EPI484367			EPI484368
A/Sweden/136/2013					EPI484407			EPI484408
A/Sweden/137/2013					EPI484415			EPI484416
A/Sweden/134/2013					EPI484391			EPI484392
A/Sweden/135/2013					EPI484399			EPI484400
A/Stockholm/1/2012					EPI484620			EPI484621
A/Stockholm/45/2009					EPI484604			EPI484605
A/Arkhangelsk/20/2018					EPI1249339			EPI1249340
A/Kaliningrad/76/2018					EPI1249347			EPI1249348
A/Krasnodar/4/2018					EPI1249355			EPI1249356
A/Ulan-Ude/11/2018					EPI1249363			EPI1249364
A/Astrakhan/12/2018					EPI1249323			EPI1249324
A/St._Petersburg/RII-368/2018					EPI1249331			EPI1249332
A/Stockholm/19/2013					EPI543247			EPI543248
A/Stockholm/20/2013					EPI543249			EPI543250
A/Volgograd/CRIE-4/2014					EPI541995			EPI541997
A/Astrakhan/CRIE-7/2014					EPI542151			EPI542154
A/Astrakhan/CRIE-6/2014					EPI542131			EPI542135
A/Pontyclun/7803/2017					EPI1279405			EPI1279406
A/Halmstad/1/2013					EPI543251			EPI543252
A/Stockholm/21/2013					EPI543256			EPI543257
A/Stockholm/23/2013					EPI543261			EPI543262
A/Madrid/RR7495/2011					EPI543229			EPI543230
A/Stockholm/24/2013					EPI543265			EPI543266
A/Stockholm/25/2013					EPI543268			EPI543269
A/Uppsala/6/2013					EPI543263			EPI543264
A/Uppsala/7/2013					EPI543273			EPI543274
A/Stockholm/26/2013					EPI543275			EPI543276
A/Ukraine/5/2016					EPI732526			EPI732527
A/Odessa/61/2016					EPI732558			EPI732559
A/Ukraine/32/2016					EPI732550			EPI732551
A/Ukraine/13/2016					EPI732542			EPI732543
A/Ukraine/6/2016					EPI732534			EPI732535
A/Odessa/68/2016					EPI732590			EPI732591
A/Odessa/67/2016					EPI732582			EPI732583
A/Odessa/65/2016					EPI732574			EPI732575
A/Odessa/63/2016					EPI732566			EPI732567
A/Khmelnitsky/82/2016					EPI732622			EPI732623
A/Khmelnitsky/79/2016					EPI732614			EPI732615
A/Odessa/70/2016					EPI732598			EPI732599
A/Khmelnitsky/88/2016					EPI732654			EPI732655
A/Khmelnitsky/86/2016					EPI732646			EPI732647
A/Khmelnitsky/84/2016					EPI732638			EPI732639
A/Khmelnitsky/83/2016					EPI732630			EPI732631
A/Kharkov/594/2015					EPI732678			EPI732679
A/Ukraine/598/2015					EPI732670			EPI732671
A/Ukraine/586/2015					EPI732662			EPI732663
A/Rostov-On-Don/3171/2017					EPI1254568			EPI1254569
A/Paris/1326/2017					EPI1080061			EPI1080062
A/Moscow/241/2015					EPI733125			EPI733126
A/Paris/1327/2017					EPI1080072			EPI1080073
A/Moscow/240/2015					EPI733117			EPI733118
A/Moscow/239/2015					EPI733109			EPI733110
A/Moscow/238/2015					EPI733101			EPI733102
A/Moscow/243/2015					EPI733141			EPI733142
A/Moscow/242/2015					EPI733133			EPI733134
A/Champagne_Ardenne/2562/2015					EPI733894			EPI733895
A/Paris/132/2017					EPI919708			EPI919709
A/Paris/1372/2017					EPI1081942			EPI1081943
A/Novosibirsk/KSH/2011					EPI350316			EPI350317
A/Rostov-on-Don/3196/2017					EPI1083817			EPI1083820
A/IIV-Vladimir/35/2011					EPI1853227			EPI1853230
A/IIV-Brynsk/54/2011					EPI1853235			EPI1853238
A/IIV-Vladimir/67/2011					EPI1853243			EPI1853246
A/IIV-Vladimir/69/2011					EPI1853251			EPI1853254
A/Stockholm/33/2017					EPI1086464			EPI1086467
A/Stockholm/34/2017					EPI1086474			EPI1086477
A/Stockholm/41/2017					EPI1086564			EPI1086567
A/Newport/5735/2017					EPI1178088			EPI1178091
A/Stockholm/42/2017					EPI1086556			EPI1086559
A/Cardiff/5592/2017					EPI1178098			EPI1178101
A/IIV-Vel.Novgorod/95/2011					EPI1853259			EPI1853262
A/Paris/1229/2017					EPI1009614			EPI1009615
A/Paris/1224/2017					EPI1009590			EPI1009591
A/Paris/1226/2017					EPI1009598			EPI1009599
A/Paris/1227/2017					EPI1009606			EPI1009607
A/Moscow/236/2015					EPI742182			EPI742183
A/St_Petersburg/2/2015					EPI742174			EPI742175
A/St_Petersburg/1/2015					EPI742166			EPI742167
A/St_Petersburg/350/2015					EPI742158			EPI742159
A/Moscow/246/2015					EPI742198			EPI742199
A/Moscow/245/2015					EPI742190			EPI742191
A/Ukraine/23/2016					EPI742405			EPI742406
A/Ukraine/29/2016					EPI742413			EPI742414
A/Sweden/74/2014					EPI552708			EPI552711
A/Stockholm/33/2013					EPI543285			EPI543286
A/Stockholm/28/2013					EPI543308			EPI543309
A/Skovde/4/2013					EPI543306			EPI543307
A/Stockholm/32/2013					EPI543315			EPI543316
A/Netherlands/784/2014					EPI1095389			EPI1095390
A/Stockholm/35/2013					EPI543324			EPI543325
A/Stockholm/37/2013					EPI543335			EPI543336
A/Stockholm/38/2013					EPI543340			EPI543341
A/Uppsala/8/2013					EPI543331			EPI543332
A/Stockholm/39/2013					EPI543343			EPI543344
A/Uppsala/9/2013					EPI543333			EPI543334
A/Paris/1447/2017					EPI1098404			EPI1098405
A/Odessa/166/2017					EPI1017528			EPI1017529
A/England/624/2013					EPI677694			EPI677695
A/England/34520778/2013					EPI677686			EPI677687
A/England/621/2013					EPI677678			EPI677679
A/England/673/2013					EPI677726			EPI677727
A/England/14/2014					EPI677758			EPI677759
A/England/40260237/2014					EPI677750			EPI677751
A/England/13/2014					EPI677742			EPI677743
A/England/6/2014					EPI677734			EPI677735
A/England/68/2014					EPI677790			EPI677791
A/England/28/2014					EPI677782			EPI677783
A/England/40380620/2014					EPI677774			EPI677775
A/England/20/2014					EPI677766			EPI677767
A/England/40840693/2014					EPI677822			EPI677823
A/England/178/2014					EPI677814			EPI677815
A/England/40800135/2014					EPI677806			EPI677807
A/England/129/2014					EPI677798			EPI677799
A/England/394/2014					EPI677854			EPI677855
A/England/387/2014					EPI677846			EPI677847
A/England/333/2014					EPI677838			EPI677839
A/England/332/2014					EPI677830			EPI677831
A/England/41420347/2014					EPI677886			EPI677887
A/England/41420346/2014					EPI677878			EPI677879
A/England/41420345/2014					EPI677870			EPI677871
A/England/476/2014					EPI677862			EPI677863
A/England/41420353/2014					EPI677915			EPI677916
A/England/41420351/2014					EPI677907			EPI677908
A/England/41420349/2014					EPI677899			EPI677900
A/England/41420348/2014					EPI677894			EPI677895
A/England/41420357/2014					EPI677947			EPI677948
A/England/41420356/2014					EPI677939			EPI677940
A/England/41420355/2014					EPI677931			EPI677932
A/England/41420354/2014					EPI677923			EPI677924
A/England/41780007/2014					EPI677976			EPI677977
A/England/41420362/2014					EPI677971			EPI677972
A/England/41420361/2014					EPI677963			EPI677964
A/England/41420359/2014					EPI677955			EPI677956
A/Malmoe/6/2014					EPI559451			EPI559452
A/Stockholm/37/2014					EPI559456			EPI559459
A/Czech_Republic/1/2011					EPI314805			EPI314808
A/Uppsala/1/2014					EPI543345			EPI543346
A/Uppsala/2/2014					EPI543350			EPI543351
A/Malmoe/1/2014					EPI543355			EPI543356
A/Germany-MV/R26/2011					EPI356423			EPI356424
A/Catalonia/NSVH110069611/2014					EPI2184799			EPI2184800
A/Catalonia/NSVH100138688/2014					EPI2184552			EPI2184553
A/Catalonia/NSVH110107871/2014					EPI2184803			EPI2184804
A/St._Petersburg/100/2011					EPI316428			EPI316429
A/Voronezh/01/2011					EPI316462			EPI316463
A/Catalonia/NSVH14348/2014					EPI2182613			EPI2182614
A/Stockholm/1/2014					EPI543360			EPI543361
A/Stockholm/3/2014					EPI543508			EPI543509
A/Catalonia/NSVH14354/2014					EPI2182620			EPI2182621
A/Kazan/CRIE-01/2012					EPI506152			EPI506155
A/Catalonia/NSVH34805/2014					EPI2182700			EPI2182701
A/Czech_Republic/111/2011					EPI359998			EPI360003
A/Czech_Republic/112/2011					EPI360009			EPI360015
A/IIV-Tomsk/19/2012					EPI1853276			EPI1853279
A/Moscow/IIV-83/2011					EPI324787			EPI324792
A/Vladimir/IIV-35/2011					EPI324798			EPI324797
A/Caceres/59992996/2025					EPI5190176			EPI5190179
A/Moscow/IIV-45/2012					EPI390724			EPI390727
A/Vladivostok/28/2012					EPI393199			EPI393202
A/Tula/CRIE-SIA/2011					EPI335259			EPI335257
A/Cheboksary/IIV-92/2011					EPI339148			EPI339145
A/Joshkar-Ola/CRIE-BLP/2011					EPI339329			EPI339332
A/Nizhnii_Novgorod/CRIE-BLM/2011					EPI339321			EPI339324
A/Volgograd/CRIE-DMV/2011					EPI339337			EPI339340
A/France/ARA-HCL024018216001/2024					EPI3209290			EPI3209292
A/France/ARA-HCL024018217601/2024					EPI3209298			EPI3209300
A/France/ARA-HCL024018928601/2024					EPI3209322			EPI3209324
A/France/ARA-HCL024018953901/2024					EPI3209330			EPI3209332
A/France/ARA-HCL024018242101/2024					EPI3209306			EPI3209308
A/France/ARA-HCL024018610201/2024					EPI3209314			EPI3209316
A/France/ARA-HCL024019009701/2024					EPI3209354			EPI3209356
A/France/ARA-HCL024019013001/2024					EPI3209362			EPI3209364
A/France/ARA-HCL024018963001/2024					EPI3209346			EPI3209348
A/France/ARA-HCL024019080801/2024					EPI3209394			EPI3209396
A/France/ARA-HCL024019015001/2024					EPI3209370			EPI3209372
A/France/ARA-HCL024019016701/2024					EPI3209378			EPI3209380
A/France/NAQ-RELAB-HCL024019090501/2024					EPI3209418			EPI3209420
A/France/NAQ-RELAB-HCL024019089101/2024					EPI3209402			EPI3209404
A/France/NAQ-RELAB-HCL024019090001/2024					EPI3209410			EPI3209412
A/France/ARA-HCL024019092601/2024					EPI3209442			EPI3209444
A/France/NAQ-RELAB-HCL024019091201/2024					EPI3209426			EPI3209428
A/France/NAQ-RELAB-HCL024019092201/2024					EPI3209434			EPI3209436
A/France/NAQ-RELAB-HCL024019094201/2024					EPI3209472			EPI3209474
A/France/NAQ-RELAB-HCL024019094901/2024					EPI3209480			EPI3209482
A/France/NAQ-RELAB-HCL024019093801/2024					EPI3209464			EPI3209466
A/France/NAQ-RELAB-HCL024019096301/2024					EPI3209511			EPI3209513
A/France/NAQ-RELAB-HCL024019095101/2024					EPI3209488			EPI3209490
A/France/NAQ-RELAB-HCL024019095701/2024					EPI3209496			EPI3209497
A/Moldova/37293/2024					EPI3400664			EPI3400665
A/Moldova/36972/2024					EPI3400659			EPI3400660
A/Bucuresti/563992/2024					EPI2960409			EPI2960410
A/Bari/11/2024					EPI2960483			EPI2960492
A/Buzau/563990/2024					EPI2960402			EPI2960403
A/France/ARA-HCL024017493701/2024					EPI3209258			EPI3209260
A/France/ARA-HCL024016101001/2024					EPI3209243			EPI3209245
A/France/ARA-HCL024017482201/2024					EPI3209251			EPI3209252
A/France/NAQ-RELAB-HCL024019097501/2024					EPI3209535			EPI3209536
A/France/NAQ-RELAB-HCL024019098401/2024					EPI3209542			EPI3209544
A/France/NAQ-RELAB-HCL024019096701/2024					EPI3209519			EPI3209521
A/France/NAQ-RELAB-HCL024019097101/2024					EPI3209527			EPI3209529
A/France/NAQ-RELAB-HCL024019100301/2024					EPI3209565			EPI3209567
A/SWITZERLAND/VD-CHUV-101982796115/2025					EPI4439422			EPI4439423
A/France/ARA-RELAB-IPP05361/2025					EPI4679729			EPI4679731
A/France/IDF-RELAB-IPP05353/2025					EPI4679721			EPI4679723
A/France/IDF-RELAB-IPP05352/2025					EPI4679713			EPI4679715
A/France/IDF-RELAB-IPP05351/2025					EPI4679705			EPI4679707
A/France/ARA-RELAB-IPP05362/2025					EPI4679737			EPI4679739
A/France/BRE-IPP05500/2025					EPI4679792			EPI4679794
A/France/IDF-RELAB-IPP05499/2025					EPI4679785			EPI4679787
A/France/IDF-RELAB-IPP05498/2025					EPI4679777			EPI4679779
A/France/HDF-RELAB-IPP05438/2025					EPI4679769			EPI4679771
A/SWITZERLAND/UN-SNRCI-HUG-47501942/2025					EPI4439453			EPI4439455
A/SWITZERLAND/UN-SNRCI-HUG-47324927/2025					EPI4439263			EPI4439265
A/Catalonia/NSVC741092261/2025					EPI4680035			EPI4680036
A/France/IDF-RELAB-IPP04984/2025					EPI4515019			EPI4515021
A/Catalonia/NSVH102672151/2025					EPI4679931			EPI4679932
A/Catalonia/NSVH102672127/2025					EPI4679923			EPI4679924
A/France/NOR-RELAB-IPP04999/2025					EPI4515027			EPI4515029
A/Catalonia/NSVH102672543/2025					EPI4679915			EPI4679916
A/France/PDL-IPP04965/2025					EPI4515001			EPI4515003
A/France/ARA-IPP04966/2025					EPI4515009			EPI4515011
A/Catalonia/NSVH102671862/2025					EPI4679907			EPI4679908
A/Catalonia/NSVH102676257/2025					EPI4679963			EPI4679964
A/Catalonia/NSVH102673038/2025					EPI4679947			EPI4679948
A/Catalonia/NSVH102672833/2025					EPI4679939			EPI4679940
A/Belgium/S6483/2025					EPI4515039			EPI4515040
A/Catalonia/NSJT198332214/2025					EPI4679995			EPI4679996
A/Catalonia/NSVH102676489/2025					EPI4679987			EPI4679988
A/Catalonia/NSVH102676311/2025					EPI4679979			EPI4679980
A/Catalonia/NSVH102676277/2025					EPI4679971			EPI4679972
A/Catalonia/NSAV198333337/2025					EPI4680027			EPI4680028
A/Catalonia/NSAV198333336/2025					EPI4680019			EPI4680020
A/Catalonia/NSAV198333110/2025					EPI4680011			EPI4680012
A/Catalonia/NSJT198332981/2025					EPI4680003			EPI4680004
A/France/BRE-IPP04911/2025					EPI4514912			EPI4514914
A/France/IDF-IPP04891/2025					EPI4514892			EPI4514894
A/France/BRE-IPP04909/2025					EPI4514899			EPI4514900
A/France/BRE-IPP04914/2025					EPI4514932			EPI4514934
A/France/BRE-IPP04912/2025					EPI4514919			EPI4514920
A/SWITZERLAND/VD-CHUV-860452368812/2025					EPI4439621			EPI4439622
A/France/BRE-IPP04918/2025					EPI4514963			EPI4514964
A/France/BRE-IPP04920/2025					EPI4514968			EPI4514970
A/France/BRE-IPP04916/2025					EPI4514948			EPI4514950
A/France/BRE-IPP04925/2025					EPI4514984			EPI4514986
A/France/NOR-RELAB-IPP04937/2025					EPI4514992			EPI4514994
A/Belgium/S6141/2025					EPI4515025			EPI4515032
